Customer ID,Gender,Age,Tenure Months,Contract,Internet Service,Payment Method,Tech Support,Paperless Billing,Monthly Charges,Churn,Annual Revenue,Customer Segment
CUST-00001,Male,28,25,Month-to-month,DSL,Mailed check,No,Yes,105.61,No,1267.32,25-48 Months
CUST-00002,Female,19,16,One year,Fiber optic,Credit card,Yes,Yes,111.88,No,1342.56,13-24 Months
CUST-00003,Female,51,38,Month-to-month,Fiber optic,Electronic check,Yes,Yes,102.42,Yes,1229.04,25-48 Months
CUST-00004,Male,54,48,Month-to-month,No internet,Bank transfer,No,No,67.99,Yes,815.88,25-48 Months
CUST-00005,Male,58,19,Month-to-month,DSL,Mailed check,No,Yes,32.06,Yes,384.72,13-24 Months
CUST-00006,Female,68,56,One year,Fiber optic,Bank transfer,No,No,42.49,Yes,509.88,49-72 Months
CUST-00007,Male,44,46,Two year,DSL,Bank transfer,No,No,44.31,No,531.72,25-48 Months
CUST-00008,Female,61,12,Two year,DSL,Electronic check,No,No,70.72,Yes,848.64,7-12 Months
CUST-00009,Male,55,68,One year,DSL,Bank transfer,No,Yes,110.85,No,1330.2,49-72 Months
CUST-00010,Male,32,4,One year,DSL,Electronic check,No,Yes,110.74,No,1328.88,0-6 Months
CUST-00011,Female,62,48,One year,Fiber optic,Credit card,No,No,58.33,Yes,699.96,25-48 Months
CUST-00012,Female,20,32,Month-to-month,Fiber optic,Electronic check,No,No,20.0,Yes,240.0,25-48 Months
CUST-00013,Female,49,48,Month-to-month,Fiber optic,Bank transfer,No,No,39.32,Yes,471.84,25-48 Months
CUST-00014,Female,67,56,One year,DSL,Mailed check,No,Yes,105.28,Yes,1263.36,49-72 Months
CUST-00015,Female,52,50,One year,DSL,Bank transfer,No,Yes,78.49,No,941.88,49-72 Months
CUST-00016,Female,67,47,Month-to-month,DSL,Electronic check,No,Yes,62.04,Yes,744.48,25-48 Months
CUST-00017,Female,20,61,Two year,DSL,Bank transfer,No,Yes,60.09,No,721.08,49-72 Months
CUST-00018,Male,46,51,One year,Fiber optic,Electronic check,No,Yes,50.98,Yes,611.76,49-72 Months
CUST-00019,Female,59,59,Month-to-month,Fiber optic,Mailed check,No,No,38.29,Yes,459.48,49-72 Months
CUST-00020,Male,52,30,Month-to-month,Fiber optic,Credit card,No,No,130.02,No,1560.24,25-48 Months
CUST-00021,Female,64,15,Month-to-month,Fiber optic,Mailed check,Yes,Yes,120.12,No,1441.44,13-24 Months
CUST-00022,Male,42,17,Month-to-month,DSL,Mailed check,No,Yes,48.99,No,587.88,13-24 Months
CUST-00023,Male,54,45,Month-to-month,No internet,Bank transfer,No,Yes,22.89,No,274.68,25-48 Months
CUST-00024,Female,40,39,Month-to-month,Fiber optic,Mailed check,Yes,Yes,76.73,No,920.76,25-48 Months
CUST-00025,Female,64,6,Month-to-month,DSL,Credit card,No,No,67.87,No,814.44,0-6 Months
CUST-00026,Female,24,15,Month-to-month,Fiber optic,Mailed check,No,No,89.59,No,1075.08,13-24 Months
CUST-00027,Male,31,70,One year,DSL,Credit card,No,Yes,95.93,Yes,1151.16,49-72 Months
CUST-00028,Female,23,53,One year,Fiber optic,Credit card,No,No,39.24,No,470.88,49-72 Months
CUST-00029,Female,55,55,Month-to-month,DSL,Mailed check,Yes,Yes,107.85,No,1294.2,49-72 Months
CUST-00030,Male,30,15,Month-to-month,Fiber optic,Mailed check,Yes,No,62.11,No,745.32,13-24 Months
CUST-00031,Male,34,5,Month-to-month,Fiber optic,Bank transfer,No,No,89.02,No,1068.24,0-6 Months
CUST-00032,Male,62,21,Month-to-month,DSL,Bank transfer,No,Yes,64.68,Yes,776.16,13-24 Months
CUST-00033,Male,37,62,Month-to-month,Fiber optic,Electronic check,No,No,97.83,No,1173.96,49-72 Months
CUST-00034,Female,25,37,Month-to-month,DSL,Electronic check,Yes,Yes,20.0,No,240.0,25-48 Months
CUST-00035,Female,19,57,Month-to-month,Fiber optic,Electronic check,No,No,92.67,No,1112.04,49-72 Months
CUST-00036,Male,30,36,Two year,No internet,Bank transfer,No,Yes,48.71,No,584.52,25-48 Months
CUST-00037,Female,66,36,Month-to-month,Fiber optic,Bank transfer,No,Yes,74.06,Yes,888.72,25-48 Months
CUST-00038,Female,47,44,Two year,DSL,Electronic check,No,No,106.85,No,1282.2,25-48 Months
CUST-00039,Male,70,70,Month-to-month,DSL,Mailed check,No,Yes,49.51,No,594.12,49-72 Months
CUST-00040,Female,29,32,Month-to-month,DSL,Bank transfer,No,Yes,45.12,Yes,541.44,25-48 Months
CUST-00041,Male,36,43,Two year,Fiber optic,Credit card,No,No,61.58,No,738.96,25-48 Months
CUST-00042,Female,26,67,Month-to-month,DSL,Electronic check,No,Yes,59.82,No,717.84,49-72 Months
CUST-00043,Female,39,27,One year,Fiber optic,Electronic check,No,Yes,42.6,No,511.2,25-48 Months
CUST-00044,Male,47,61,Two year,DSL,Mailed check,No,Yes,74.98,No,899.76,49-72 Months
CUST-00045,Male,60,39,One year,Fiber optic,Bank transfer,No,Yes,76.43,No,917.16,25-48 Months
CUST-00046,Female,37,64,Month-to-month,DSL,Electronic check,No,No,84.96,Yes,1019.52,49-72 Months
CUST-00047,Male,58,34,Month-to-month,DSL,Electronic check,No,Yes,49.05,No,588.6,25-48 Months
CUST-00048,Female,51,46,Month-to-month,Fiber optic,Bank transfer,Yes,Yes,45.57,No,546.84,25-48 Months
CUST-00049,Female,33,24,Month-to-month,Fiber optic,Mailed check,No,Yes,68.68,No,824.16,13-24 Months
CUST-00050,Female,66,46,Month-to-month,Fiber optic,Electronic check,No,Yes,65.14,No,781.68,25-48 Months
CUST-00051,Female,41,24,Two year,DSL,Mailed check,No,Yes,65.68,No,788.16,13-24 Months
CUST-00052,Male,26,44,One year,Fiber optic,Electronic check,No,Yes,52.2,No,626.4,25-48 Months
CUST-00053,Male,69,57,Month-to-month,DSL,Mailed check,No,Yes,81.24,No,974.88,49-72 Months
CUST-00054,Male,66,32,Month-to-month,DSL,Mailed check,No,No,45.61,No,547.32,25-48 Months
CUST-00055,Male,20,31,One year,No internet,Electronic check,Yes,Yes,68.58,No,822.96,25-48 Months
CUST-00056,Male,65,24,Two year,Fiber optic,Electronic check,No,Yes,63.42,No,761.04,13-24 Months
CUST-00057,Female,68,53,Month-to-month,Fiber optic,Credit card,No,Yes,71.06,Yes,852.72,49-72 Months
CUST-00058,Male,61,43,Month-to-month,Fiber optic,Credit card,No,Yes,105.19,Yes,1262.28,25-48 Months
CUST-00059,Female,31,38,Two year,DSL,Electronic check,No,No,35.19,No,422.28,25-48 Months
CUST-00060,Female,51,2,Two year,Fiber optic,Bank transfer,No,Yes,20.0,Yes,240.0,0-6 Months
CUST-00061,Female,46,8,Two year,Fiber optic,Electronic check,No,Yes,55.36,No,664.32,7-12 Months
CUST-00062,Female,50,1,Month-to-month,Fiber optic,Credit card,No,Yes,39.76,No,477.12,0-6 Months
CUST-00063,Male,50,62,Month-to-month,DSL,Credit card,No,Yes,20.0,Yes,240.0,49-72 Months
CUST-00064,Female,51,62,Month-to-month,No internet,Bank transfer,Yes,Yes,120.9,No,1450.8,49-72 Months
CUST-00065,Male,45,5,Month-to-month,Fiber optic,Bank transfer,No,Yes,87.67,Yes,1052.04,0-6 Months
CUST-00066,Male,54,4,Two year,Fiber optic,Mailed check,Yes,No,90.68,No,1088.16,0-6 Months
CUST-00067,Female,45,57,Month-to-month,Fiber optic,Electronic check,No,No,64.01,Yes,768.12,49-72 Months
CUST-00068,Male,18,38,One year,Fiber optic,Mailed check,No,Yes,83.78,Yes,1005.36,25-48 Months
CUST-00069,Male,19,23,Two year,No internet,Electronic check,No,Yes,60.17,Yes,722.04,13-24 Months
CUST-00070,Male,68,45,Two year,DSL,Bank transfer,No,Yes,94.8,No,1137.6,25-48 Months
CUST-00071,Female,66,18,One year,DSL,Mailed check,No,No,77.29,No,927.48,13-24 Months
CUST-00072,Male,49,15,Two year,No internet,Electronic check,No,Yes,70.98,No,851.76,13-24 Months
CUST-00073,Male,27,27,Month-to-month,DSL,Bank transfer,Yes,Yes,73.09,Yes,877.08,25-48 Months
CUST-00074,Male,59,65,Month-to-month,Fiber optic,Credit card,No,Yes,113.03,No,1356.36,49-72 Months
CUST-00075,Female,25,56,Month-to-month,DSL,Bank transfer,No,Yes,76.69,No,920.28,49-72 Months
CUST-00076,Male,37,14,Two year,Fiber optic,Mailed check,No,No,43.17,No,518.04,13-24 Months
CUST-00077,Male,35,41,Two year,Fiber optic,Credit card,No,Yes,81.41,No,976.92,25-48 Months
CUST-00078,Male,18,64,Month-to-month,No internet,Electronic check,No,Yes,85.69,No,1028.28,49-72 Months
CUST-00079,Female,60,69,Month-to-month,Fiber optic,Bank transfer,Yes,Yes,67.95,No,815.4,49-72 Months
CUST-00080,Female,45,55,Month-to-month,DSL,Mailed check,No,No,70.54,No,846.48,49-72 Months
CUST-00081,Female,34,10,Month-to-month,Fiber optic,Electronic check,Yes,No,42.15,Yes,505.8,7-12 Months
CUST-00082,Male,44,18,Two year,Fiber optic,Credit card,No,Yes,74.72,Yes,896.64,13-24 Months
CUST-00083,Male,18,16,Month-to-month,DSL,Mailed check,No,Yes,37.99,Yes,455.88,13-24 Months
CUST-00084,Female,41,11,One year,DSL,Electronic check,No,Yes,64.98,No,779.76,7-12 Months
CUST-00085,Female,45,13,One year,DSL,Electronic check,Yes,No,53.26,No,639.12,13-24 Months
CUST-00086,Female,36,23,Month-to-month,Fiber optic,Credit card,No,No,99.52,No,1194.24,13-24 Months
CUST-00087,Male,62,40,Month-to-month,Fiber optic,Credit card,No,Yes,115.4,No,1384.8,25-48 Months
CUST-00088,Male,31,29,Two year,DSL,Electronic check,No,Yes,39.96,Yes,479.52,25-48 Months
CUST-00089,Female,25,31,One year,DSL,Bank transfer,No,Yes,71.87,No,862.44,25-48 Months
CUST-00090,Female,45,18,Month-to-month,DSL,Electronic check,No,Yes,63.31,No,759.72,13-24 Months
CUST-00091,Male,65,11,Month-to-month,DSL,Bank transfer,Yes,No,85.0,Yes,1020.0,7-12 Months
CUST-00092,Female,37,72,Two year,No internet,Mailed check,No,No,74.69,No,896.28,49-72 Months
CUST-00093,Female,20,44,Two year,DSL,Electronic check,Yes,Yes,61.15,Yes,733.8,25-48 Months
CUST-00094,Male,69,17,Two year,Fiber optic,Mailed check,No,No,74.63,No,895.56,13-24 Months
CUST-00095,Female,41,59,One year,DSL,Credit card,No,No,65.99,No,791.88,49-72 Months
CUST-00096,Male,27,60,Two year,DSL,Mailed check,Yes,Yes,116.5,No,1398.0,49-72 Months
CUST-00097,Male,50,70,Month-to-month,No internet,Electronic check,Yes,Yes,49.78,No,597.36,49-72 Months
CUST-00098,Female,34,12,One year,Fiber optic,Credit card,No,No,79.21,No,950.52,7-12 Months
CUST-00099,Female,67,47,Month-to-month,DSL,Electronic check,No,Yes,86.27,No,1035.24,25-48 Months
CUST-00100,Male,33,71,One year,Fiber optic,Mailed check,No,No,84.28,No,1011.36,49-72 Months
CUST-00101,Female,47,59,Two year,DSL,Mailed check,No,Yes,63.66,No,763.92,49-72 Months
CUST-00102,Male,46,17,Two year,No internet,Electronic check,No,No,110.31,Yes,1323.72,13-24 Months
CUST-00103,Female,30,65,Month-to-month,No internet,Electronic check,No,Yes,20.0,No,240.0,49-72 Months
CUST-00104,Male,44,31,One year,Fiber optic,Electronic check,No,Yes,41.37,No,496.44,25-48 Months
CUST-00105,Female,23,36,Two year,Fiber optic,Electronic check,No,No,90.58,No,1086.96,25-48 Months
CUST-00106,Female,52,41,Two year,DSL,Mailed check,No,Yes,47.36,No,568.32,25-48 Months
CUST-00107,Female,58,56,One year,DSL,Credit card,Yes,Yes,45.72,No,548.64,49-72 Months
CUST-00108,Female,68,9,Month-to-month,No internet,Electronic check,No,Yes,58.92,Yes,707.04,7-12 Months
CUST-00109,Male,35,39,Month-to-month,Fiber optic,Bank transfer,No,Yes,50.0,No,600.0,25-48 Months
CUST-00110,Female,33,59,Two year,DSL,Mailed check,No,Yes,89.84,No,1078.08,49-72 Months
CUST-00111,Male,47,40,One year,DSL,Electronic check,No,Yes,97.32,No,1167.84,25-48 Months
CUST-00112,Female,54,20,One year,Fiber optic,Mailed check,Yes,Yes,74.47,No,893.64,13-24 Months
CUST-00113,Female,70,5,One year,Fiber optic,Electronic check,No,Yes,101.53,No,1218.36,0-6 Months
CUST-00114,Male,19,40,Month-to-month,DSL,Bank transfer,No,Yes,33.18,Yes,398.16,25-48 Months
CUST-00115,Female,30,51,Month-to-month,Fiber optic,Mailed check,No,No,74.12,Yes,889.44,49-72 Months
CUST-00116,Female,31,40,Two year,DSL,Bank transfer,No,Yes,109.74,No,1316.88,25-48 Months
CUST-00117,Male,31,71,Month-to-month,DSL,Credit card,No,No,99.35,Yes,1192.2,49-72 Months
CUST-00118,Male,42,44,One year,DSL,Electronic check,No,Yes,112.22,Yes,1346.64,25-48 Months
CUST-00119,Male,64,37,One year,Fiber optic,Credit card,Yes,Yes,55.48,No,665.76,25-48 Months
CUST-00120,Male,19,4,Two year,No internet,Electronic check,No,Yes,97.68,No,1172.16,0-6 Months
CUST-00121,Male,61,41,Month-to-month,DSL,Electronic check,No,Yes,60.05,No,720.6,25-48 Months
CUST-00122,Female,50,13,One year,DSL,Electronic check,Yes,Yes,88.66,No,1063.92,13-24 Months
CUST-00123,Female,50,53,Month-to-month,DSL,Credit card,Yes,No,108.7,Yes,1304.4,49-72 Months
CUST-00124,Male,53,12,Month-to-month,DSL,Bank transfer,Yes,Yes,49.77,No,597.24,7-12 Months
CUST-00125,Female,24,66,Month-to-month,No internet,Credit card,No,Yes,20.04,No,240.48,49-72 Months
CUST-00126,Female,57,22,Month-to-month,DSL,Bank transfer,Yes,No,123.73,No,1484.76,13-24 Months
CUST-00127,Male,31,32,Two year,DSL,Mailed check,No,Yes,85.67,No,1028.04,25-48 Months
CUST-00128,Female,45,11,Two year,Fiber optic,Credit card,No,No,69.0,No,828.0,7-12 Months
CUST-00129,Female,53,16,Month-to-month,Fiber optic,Credit card,No,Yes,67.46,Yes,809.52,13-24 Months
CUST-00130,Female,50,67,Two year,DSL,Credit card,Yes,Yes,20.0,No,240.0,49-72 Months
CUST-00131,Female,35,21,Month-to-month,Fiber optic,Mailed check,No,Yes,77.84,No,934.08,13-24 Months
CUST-00132,Female,38,37,One year,DSL,Credit card,No,Yes,57.14,No,685.68,25-48 Months
CUST-00133,Male,43,71,Two year,No internet,Electronic check,No,Yes,73.47,No,881.64,49-72 Months
CUST-00134,Female,20,45,One year,Fiber optic,Credit card,No,No,72.85,No,874.2,25-48 Months
CUST-00135,Female,56,3,Month-to-month,Fiber optic,Credit card,No,Yes,20.0,No,240.0,0-6 Months
CUST-00136,Male,23,26,Month-to-month,DSL,Bank transfer,No,No,85.72,No,1028.64,25-48 Months
CUST-00137,Female,42,28,Month-to-month,Fiber optic,Electronic check,No,Yes,77.29,Yes,927.48,25-48 Months
CUST-00138,Male,52,20,Two year,DSL,Electronic check,No,Yes,81.05,No,972.6,13-24 Months
CUST-00139,Male,22,18,One year,DSL,Credit card,No,Yes,66.86,No,802.32,13-24 Months
CUST-00140,Male,70,37,Month-to-month,DSL,Credit card,No,No,73.37,No,880.44,25-48 Months
CUST-00141,Female,37,28,Month-to-month,DSL,Bank transfer,No,Yes,76.84,No,922.08,25-48 Months
CUST-00142,Male,18,22,Two year,DSL,Credit card,No,No,79.68,No,956.16,13-24 Months
CUST-00143,Male,52,30,Month-to-month,Fiber optic,Mailed check,No,Yes,85.32,No,1023.84,25-48 Months
CUST-00144,Male,47,25,One year,Fiber optic,Credit card,No,No,79.92,No,959.04,25-48 Months
CUST-00145,Female,51,17,One year,Fiber optic,Electronic check,No,No,123.79,No,1485.48,13-24 Months
CUST-00146,Female,57,33,Month-to-month,No internet,Electronic check,No,No,51.67,No,620.04,25-48 Months
CUST-00147,Male,43,68,Month-to-month,Fiber optic,Mailed check,No,Yes,61.5,No,738.0,49-72 Months
CUST-00148,Male,61,37,Month-to-month,Fiber optic,Electronic check,No,Yes,119.4,No,1432.8,25-48 Months
CUST-00149,Female,37,44,Month-to-month,Fiber optic,Mailed check,No,No,67.67,No,812.04,25-48 Months
CUST-00150,Male,46,71,One year,Fiber optic,Credit card,Yes,Yes,98.09,No,1177.08,49-72 Months
CUST-00151,Female,26,45,Two year,Fiber optic,Electronic check,No,Yes,75.79,No,909.48,25-48 Months
CUST-00152,Male,50,17,Month-to-month,DSL,Bank transfer,No,No,65.62,No,787.44,13-24 Months
CUST-00153,Female,31,29,Month-to-month,Fiber optic,Electronic check,No,No,99.61,No,1195.32,25-48 Months
CUST-00154,Male,54,36,Month-to-month,DSL,Credit card,No,Yes,86.52,No,1038.24,25-48 Months
CUST-00155,Male,60,35,Month-to-month,Fiber optic,Electronic check,No,No,29.05,Yes,348.6,25-48 Months
CUST-00156,Female,63,11,One year,DSL,Bank transfer,No,Yes,76.86,No,922.32,7-12 Months
CUST-00157,Male,67,8,One year,Fiber optic,Bank transfer,Yes,Yes,44.14,No,529.68,7-12 Months
CUST-00158,Female,24,26,One year,DSL,Mailed check,No,Yes,107.59,No,1291.08,25-48 Months
CUST-00159,Female,25,66,Month-to-month,No internet,Electronic check,No,No,121.1,Yes,1453.2,49-72 Months
CUST-00160,Female,67,52,One year,Fiber optic,Electronic check,No,No,124.47,No,1493.64,49-72 Months
CUST-00161,Female,38,61,Month-to-month,No internet,Mailed check,No,No,82.01,No,984.12,49-72 Months
CUST-00162,Female,19,13,Two year,Fiber optic,Electronic check,No,Yes,59.08,No,708.96,13-24 Months
CUST-00163,Male,33,30,One year,DSL,Electronic check,No,No,81.01,No,972.12,25-48 Months
CUST-00164,Male,62,42,Two year,DSL,Bank transfer,No,Yes,45.69,Yes,548.28,25-48 Months
CUST-00165,Male,36,32,Month-to-month,Fiber optic,Electronic check,Yes,Yes,137.67,Yes,1652.04,25-48 Months
CUST-00166,Female,22,31,Month-to-month,Fiber optic,Electronic check,No,No,105.44,No,1265.28,25-48 Months
CUST-00167,Male,56,26,One year,Fiber optic,Mailed check,No,No,80.53,No,966.36,25-48 Months
CUST-00168,Male,28,4,Month-to-month,DSL,Mailed check,No,No,99.92,No,1199.04,0-6 Months
CUST-00169,Male,36,62,One year,Fiber optic,Mailed check,No,No,58.23,No,698.76,49-72 Months
CUST-00170,Male,18,68,Month-to-month,No internet,Bank transfer,No,Yes,40.98,No,491.76,49-72 Months
CUST-00171,Male,49,6,Two year,Fiber optic,Bank transfer,No,Yes,20.0,Yes,240.0,0-6 Months
CUST-00172,Male,41,30,Month-to-month,No internet,Mailed check,No,No,74.33,No,891.96,25-48 Months
CUST-00173,Female,63,38,Two year,Fiber optic,Mailed check,Yes,Yes,66.17,No,794.04,25-48 Months
CUST-00174,Female,35,57,Month-to-month,DSL,Electronic check,No,No,86.54,No,1038.48,49-72 Months
CUST-00175,Female,28,72,Month-to-month,Fiber optic,Bank transfer,No,Yes,72.37,No,868.44,49-72 Months
CUST-00176,Male,26,30,Month-to-month,Fiber optic,Electronic check,No,Yes,85.27,Yes,1023.24,25-48 Months
CUST-00177,Female,28,54,Month-to-month,Fiber optic,Credit card,No,No,94.71,No,1136.52,49-72 Months
CUST-00178,Male,41,68,Two year,DSL,Bank transfer,No,No,31.11,No,373.32,49-72 Months
CUST-00179,Female,22,60,Two year,Fiber optic,Bank transfer,No,Yes,96.33,No,1155.96,49-72 Months
CUST-00180,Female,39,21,Two year,DSL,Mailed check,No,Yes,60.62,No,727.44,13-24 Months
CUST-00181,Female,63,59,Two year,No internet,Credit card,No,Yes,86.49,No,1037.88,49-72 Months
CUST-00182,Male,58,30,One year,Fiber optic,Mailed check,No,Yes,100.62,No,1207.44,25-48 Months
CUST-00183,Male,51,2,Month-to-month,Fiber optic,Mailed check,No,No,100.81,Yes,1209.72,0-6 Months
CUST-00184,Female,65,55,Two year,Fiber optic,Credit card,Yes,Yes,75.62,No,907.44,49-72 Months
CUST-00185,Male,59,61,Month-to-month,Fiber optic,Bank transfer,No,Yes,77.0,No,924.0,49-72 Months
CUST-00186,Male,52,25,Two year,DSL,Mailed check,No,No,96.97,Yes,1163.64,25-48 Months
CUST-00187,Male,63,33,Month-to-month,DSL,Electronic check,No,No,29.97,No,359.64,25-48 Months
CUST-00188,Male,24,27,One year,Fiber optic,Electronic check,No,Yes,45.36,No,544.32,25-48 Months
CUST-00189,Male,61,9,Month-to-month,Fiber optic,Credit card,Yes,No,64.18,No,770.16,7-12 Months
CUST-00190,Male,33,72,Month-to-month,DSL,Electronic check,No,Yes,34.68,No,416.16,49-72 Months
CUST-00191,Female,56,2,Month-to-month,Fiber optic,Electronic check,No,Yes,64.39,No,772.68,0-6 Months
CUST-00192,Female,66,41,Month-to-month,DSL,Electronic check,No,No,62.86,Yes,754.32,25-48 Months
CUST-00193,Female,44,2,Month-to-month,No internet,Credit card,No,Yes,74.44,No,893.28,0-6 Months
CUST-00194,Male,22,50,Month-to-month,Fiber optic,Mailed check,Yes,No,70.41,Yes,844.92,49-72 Months
CUST-00195,Female,37,65,Month-to-month,DSL,Mailed check,No,Yes,101.94,No,1223.28,49-72 Months
CUST-00196,Male,39,47,One year,DSL,Credit card,No,No,88.04,No,1056.48,25-48 Months
CUST-00197,Male,67,44,Month-to-month,DSL,Mailed check,No,Yes,70.01,No,840.12,25-48 Months
CUST-00198,Male,67,60,Two year,DSL,Credit card,Yes,Yes,62.67,No,752.04,49-72 Months
CUST-00199,Male,48,71,Month-to-month,DSL,Bank transfer,Yes,No,70.67,No,848.04,49-72 Months
CUST-00200,Female,68,63,One year,DSL,Mailed check,No,No,71.16,No,853.92,49-72 Months
CUST-00201,Male,41,17,Month-to-month,DSL,Bank transfer,No,No,142.53,No,1710.36,13-24 Months
CUST-00202,Female,39,41,Month-to-month,DSL,Credit card,No,Yes,31.19,No,374.28,25-48 Months
CUST-00203,Male,62,59,One year,DSL,Electronic check,Yes,Yes,46.06,No,552.72,49-72 Months
CUST-00204,Female,53,22,One year,DSL,Electronic check,No,Yes,41.96,Yes,503.52,13-24 Months
CUST-00205,Male,45,49,Month-to-month,Fiber optic,Credit card,No,Yes,79.54,No,954.48,49-72 Months
CUST-00206,Male,42,2,Month-to-month,DSL,Mailed check,No,Yes,78.43,No,941.16,0-6 Months
CUST-00207,Female,55,64,Month-to-month,Fiber optic,Mailed check,No,No,55.95,Yes,671.4,49-72 Months
CUST-00208,Female,57,45,Month-to-month,Fiber optic,Electronic check,No,Yes,97.09,No,1165.08,25-48 Months
CUST-00209,Male,44,54,Month-to-month,Fiber optic,Credit card,Yes,Yes,82.35,Yes,988.2,49-72 Months
CUST-00210,Female,19,60,One year,Fiber optic,Bank transfer,No,No,98.27,Yes,1179.24,49-72 Months
CUST-00211,Male,23,16,Month-to-month,DSL,Credit card,No,No,105.7,No,1268.4,13-24 Months
CUST-00212,Female,25,33,One year,Fiber optic,Mailed check,No,Yes,20.0,Yes,240.0,25-48 Months
CUST-00213,Female,42,62,Month-to-month,DSL,Credit card,Yes,No,91.2,No,1094.4,49-72 Months
CUST-00214,Male,50,12,Month-to-month,DSL,Mailed check,No,No,35.88,No,430.56,7-12 Months
CUST-00215,Female,60,60,Month-to-month,Fiber optic,Bank transfer,No,Yes,78.98,No,947.76,49-72 Months
CUST-00216,Male,30,21,Month-to-month,Fiber optic,Bank transfer,No,No,69.96,No,839.52,13-24 Months
CUST-00217,Male,59,42,Month-to-month,DSL,Mailed check,No,No,71.15,No,853.8,25-48 Months
CUST-00218,Male,53,37,Two year,DSL,Bank transfer,No,No,38.27,No,459.24,25-48 Months
CUST-00219,Male,20,50,One year,Fiber optic,Electronic check,No,Yes,100.85,Yes,1210.2,49-72 Months
CUST-00220,Female,36,61,Month-to-month,Fiber optic,Mailed check,No,Yes,35.87,Yes,430.44,49-72 Months
CUST-00221,Male,34,26,Month-to-month,Fiber optic,Bank transfer,No,No,93.01,No,1116.12,25-48 Months
CUST-00222,Male,64,13,Two year,Fiber optic,Electronic check,No,Yes,31.91,No,382.92,13-24 Months
CUST-00223,Female,66,31,Month-to-month,Fiber optic,Bank transfer,Yes,Yes,71.5,No,858.0,25-48 Months
CUST-00224,Male,61,45,Month-to-month,No internet,Electronic check,No,Yes,122.52,No,1470.24,25-48 Months
CUST-00225,Female,45,55,Two year,Fiber optic,Electronic check,No,No,138.13,No,1657.56,49-72 Months
CUST-00226,Male,44,55,Month-to-month,Fiber optic,Bank transfer,No,Yes,26.68,No,320.16,49-72 Months
CUST-00227,Female,34,25,Month-to-month,No internet,Electronic check,No,No,52.27,No,627.24,25-48 Months
CUST-00228,Female,58,68,Month-to-month,DSL,Credit card,No,Yes,57.37,No,688.44,49-72 Months
CUST-00229,Female,22,6,One year,Fiber optic,Credit card,No,No,135.14,No,1621.68,0-6 Months
CUST-00230,Male,32,9,Month-to-month,DSL,Mailed check,No,Yes,70.09,Yes,841.08,7-12 Months
CUST-00231,Male,25,2,One year,No internet,Mailed check,Yes,No,102.09,No,1225.08,0-6 Months
CUST-00232,Female,44,67,Month-to-month,Fiber optic,Electronic check,No,No,80.39,Yes,964.68,49-72 Months
CUST-00233,Male,33,13,Month-to-month,Fiber optic,Bank transfer,Yes,Yes,38.42,No,461.04,13-24 Months
CUST-00234,Female,28,44,Month-to-month,DSL,Electronic check,No,Yes,20.0,No,240.0,25-48 Months
CUST-00235,Male,37,59,Two year,DSL,Credit card,No,No,54.83,No,657.96,49-72 Months
CUST-00236,Female,63,56,Month-to-month,No internet,Credit card,No,No,136.87,Yes,1642.44,49-72 Months
CUST-00237,Female,47,69,One year,Fiber optic,Electronic check,No,Yes,79.21,Yes,950.52,49-72 Months
CUST-00238,Male,61,4,Month-to-month,No internet,Bank transfer,Yes,Yes,101.52,No,1218.24,0-6 Months
CUST-00239,Male,66,30,Month-to-month,Fiber optic,Mailed check,Yes,No,32.29,Yes,387.48,25-48 Months
CUST-00240,Female,65,37,Month-to-month,DSL,Mailed check,No,No,62.89,No,754.68,25-48 Months
CUST-00241,Male,36,51,Month-to-month,No internet,Electronic check,No,Yes,93.81,No,1125.72,49-72 Months
CUST-00242,Female,64,45,Month-to-month,Fiber optic,Bank transfer,No,Yes,41.45,Yes,497.4,25-48 Months
CUST-00243,Male,66,41,Two year,Fiber optic,Electronic check,No,Yes,70.21,No,842.52,25-48 Months
CUST-00244,Female,68,23,Two year,DSL,Credit card,No,No,47.37,Yes,568.44,13-24 Months
CUST-00245,Female,36,8,One year,DSL,Mailed check,No,No,95.14,No,1141.68,7-12 Months
CUST-00246,Male,30,32,One year,Fiber optic,Bank transfer,No,Yes,83.16,Yes,997.92,25-48 Months
CUST-00247,Female,48,19,Month-to-month,DSL,Credit card,No,Yes,91.13,Yes,1093.56,13-24 Months
CUST-00248,Male,67,40,One year,Fiber optic,Bank transfer,No,Yes,96.39,No,1156.68,25-48 Months
CUST-00249,Female,65,58,Month-to-month,Fiber optic,Mailed check,No,Yes,65.63,No,787.56,49-72 Months
CUST-00250,Male,48,40,Two year,Fiber optic,Mailed check,Yes,No,100.09,No,1201.08,25-48 Months
CUST-00251,Male,25,42,Two year,No internet,Mailed check,No,No,55.48,No,665.76,25-48 Months
CUST-00252,Male,40,4,Month-to-month,Fiber optic,Mailed check,No,Yes,89.52,No,1074.24,0-6 Months
CUST-00253,Male,55,47,Two year,DSL,Credit card,No,Yes,20.0,No,240.0,25-48 Months
CUST-00254,Male,47,32,Two year,Fiber optic,Electronic check,No,Yes,51.1,No,613.2,25-48 Months
CUST-00255,Female,36,9,Month-to-month,No internet,Mailed check,No,No,136.84,No,1642.08,7-12 Months
CUST-00256,Male,36,16,Two year,DSL,Bank transfer,No,Yes,89.11,No,1069.32,13-24 Months
CUST-00257,Female,21,57,Month-to-month,Fiber optic,Mailed check,No,Yes,89.12,Yes,1069.44,49-72 Months
CUST-00258,Male,33,67,Month-to-month,Fiber optic,Credit card,No,No,48.93,No,587.16,49-72 Months
CUST-00259,Male,53,37,Month-to-month,Fiber optic,Electronic check,No,Yes,41.36,No,496.32,25-48 Months
CUST-00260,Female,30,71,One year,Fiber optic,Electronic check,No,No,64.6,Yes,775.2,49-72 Months
CUST-00261,Female,70,13,Month-to-month,DSL,Bank transfer,No,Yes,70.12,No,841.44,13-24 Months
CUST-00262,Male,22,22,Two year,DSL,Mailed check,No,Yes,125.61,No,1507.32,13-24 Months
CUST-00263,Male,49,67,Month-to-month,Fiber optic,Credit card,No,No,100.53,No,1206.36,49-72 Months
CUST-00264,Female,44,13,Month-to-month,DSL,Mailed check,No,No,75.05,No,900.6,13-24 Months
CUST-00265,Female,62,48,One year,DSL,Electronic check,No,No,73.84,No,886.08,25-48 Months
CUST-00266,Female,65,16,Month-to-month,Fiber optic,Electronic check,No,Yes,93.23,Yes,1118.76,13-24 Months
CUST-00267,Male,46,24,One year,Fiber optic,Mailed check,No,Yes,35.07,No,420.84,13-24 Months
CUST-00268,Male,51,35,Month-to-month,Fiber optic,Bank transfer,No,Yes,20.0,No,240.0,25-48 Months
CUST-00269,Female,55,26,Two year,DSL,Electronic check,No,Yes,92.81,No,1113.72,25-48 Months
CUST-00270,Female,45,63,One year,Fiber optic,Mailed check,No,Yes,74.02,No,888.24,49-72 Months
CUST-00271,Male,27,71,Month-to-month,DSL,Credit card,No,Yes,35.26,Yes,423.12,49-72 Months
CUST-00272,Male,40,37,Month-to-month,Fiber optic,Mailed check,Yes,Yes,20.0,Yes,240.0,25-48 Months
CUST-00273,Male,30,38,Month-to-month,DSL,Bank transfer,No,Yes,97.03,No,1164.36,25-48 Months
CUST-00274,Female,42,4,Two year,Fiber optic,Electronic check,Yes,Yes,57.4,No,688.8,0-6 Months
CUST-00275,Male,50,17,One year,DSL,Credit card,No,Yes,83.21,No,998.52,13-24 Months
CUST-00276,Male,29,3,Month-to-month,Fiber optic,Electronic check,No,No,64.61,Yes,775.32,0-6 Months
CUST-00277,Male,31,62,Month-to-month,Fiber optic,Bank transfer,No,No,71.04,No,852.48,49-72 Months
CUST-00278,Female,61,17,Two year,Fiber optic,Electronic check,No,Yes,55.42,No,665.04,13-24 Months
CUST-00279,Male,38,25,Month-to-month,DSL,Electronic check,Yes,Yes,69.86,Yes,838.32,25-48 Months
CUST-00280,Male,28,61,One year,DSL,Electronic check,No,No,88.16,No,1057.92,49-72 Months
CUST-00281,Male,55,52,One year,Fiber optic,Electronic check,Yes,Yes,64.28,No,771.36,49-72 Months
CUST-00282,Male,55,45,Month-to-month,DSL,Credit card,Yes,No,62.68,No,752.16,25-48 Months
CUST-00283,Female,61,3,Month-to-month,DSL,Electronic check,No,Yes,89.01,Yes,1068.12,0-6 Months
CUST-00284,Male,58,41,Month-to-month,DSL,Credit card,Yes,No,90.88,No,1090.56,25-48 Months
CUST-00285,Male,70,41,Month-to-month,DSL,Mailed check,No,Yes,40.15,No,481.8,25-48 Months
CUST-00286,Female,48,23,Two year,Fiber optic,Electronic check,No,No,71.19,Yes,854.28,13-24 Months
CUST-00287,Male,33,54,One year,DSL,Mailed check,No,Yes,57.33,No,687.96,49-72 Months
CUST-00288,Female,63,67,Two year,DSL,Electronic check,No,Yes,72.38,No,868.56,49-72 Months
CUST-00289,Female,32,19,Month-to-month,DSL,Credit card,No,Yes,112.15,No,1345.8,13-24 Months
CUST-00290,Male,33,24,Month-to-month,Fiber optic,Electronic check,No,Yes,82.05,Yes,984.6,13-24 Months
CUST-00291,Female,61,24,One year,DSL,Credit card,No,No,132.6,No,1591.2,13-24 Months
CUST-00292,Male,64,61,Month-to-month,Fiber optic,Electronic check,No,Yes,78.15,No,937.8,49-72 Months
CUST-00293,Female,35,6,Month-to-month,DSL,Electronic check,Yes,Yes,67.34,Yes,808.08,0-6 Months
CUST-00294,Male,56,65,Month-to-month,Fiber optic,Electronic check,No,Yes,71.45,Yes,857.4,49-72 Months
CUST-00295,Female,66,56,One year,Fiber optic,Bank transfer,No,Yes,75.99,Yes,911.88,49-72 Months
CUST-00296,Female,60,35,One year,DSL,Mailed check,Yes,No,81.04,No,972.48,25-48 Months
CUST-00297,Female,18,43,Month-to-month,No internet,Credit card,No,No,44.22,No,530.64,25-48 Months
CUST-00298,Male,53,65,Two year,Fiber optic,Mailed check,No,Yes,65.47,Yes,785.64,49-72 Months
CUST-00299,Male,27,56,Month-to-month,DSL,Electronic check,Yes,Yes,51.72,No,620.64,49-72 Months
CUST-00300,Male,62,20,Month-to-month,DSL,Bank transfer,No,No,100.83,No,1209.96,13-24 Months
CUST-00301,Male,21,4,Month-to-month,No internet,Bank transfer,No,Yes,20.0,Yes,240.0,0-6 Months
CUST-00302,Female,70,48,Two year,DSL,Credit card,No,No,76.39,No,916.68,25-48 Months
CUST-00303,Male,27,11,Month-to-month,Fiber optic,Mailed check,No,Yes,29.49,Yes,353.88,7-12 Months
CUST-00304,Female,40,7,Month-to-month,Fiber optic,Bank transfer,No,Yes,84.1,No,1009.2,7-12 Months
CUST-00305,Female,30,71,Month-to-month,DSL,Electronic check,Yes,Yes,60.83,No,729.96,49-72 Months
CUST-00306,Male,61,35,One year,Fiber optic,Credit card,No,Yes,21.13,No,253.56,25-48 Months
CUST-00307,Male,38,47,One year,No internet,Electronic check,No,No,98.38,No,1180.56,25-48 Months
CUST-00308,Female,57,16,Month-to-month,No internet,Credit card,No,Yes,20.0,No,240.0,13-24 Months
CUST-00309,Male,21,8,Two year,No internet,Electronic check,No,No,71.12,No,853.44,7-12 Months
CUST-00310,Male,42,5,Month-to-month,Fiber optic,Bank transfer,No,Yes,91.35,Yes,1096.2,0-6 Months
CUST-00311,Female,66,26,Month-to-month,DSL,Credit card,No,No,110.55,Yes,1326.6,25-48 Months
CUST-00312,Female,67,1,One year,DSL,Credit card,No,Yes,26.92,Yes,323.04,0-6 Months
CUST-00313,Male,29,31,One year,Fiber optic,Mailed check,No,Yes,57.55,No,690.6,25-48 Months
CUST-00314,Male,38,24,Month-to-month,Fiber optic,Mailed check,No,Yes,102.34,No,1228.08,13-24 Months
CUST-00315,Male,39,38,One year,Fiber optic,Credit card,No,Yes,104.23,Yes,1250.76,25-48 Months
CUST-00316,Female,47,43,Month-to-month,Fiber optic,Bank transfer,No,Yes,107.86,No,1294.32,25-48 Months
CUST-00317,Female,46,23,One year,No internet,Bank transfer,Yes,Yes,143.72,No,1724.64,13-24 Months
CUST-00318,Female,23,33,One year,DSL,Electronic check,No,Yes,57.76,No,693.12,25-48 Months
CUST-00319,Female,58,6,Two year,Fiber optic,Mailed check,No,Yes,82.43,No,989.16,0-6 Months
CUST-00320,Female,29,22,Month-to-month,DSL,Mailed check,No,Yes,62.32,Yes,747.84,13-24 Months
CUST-00321,Male,34,71,One year,Fiber optic,Bank transfer,No,No,20.0,No,240.0,49-72 Months
CUST-00322,Male,62,72,One year,Fiber optic,Electronic check,No,No,69.48,Yes,833.76,49-72 Months
CUST-00323,Female,54,35,Month-to-month,Fiber optic,Mailed check,No,No,20.0,Yes,240.0,25-48 Months
CUST-00324,Female,39,68,Month-to-month,DSL,Credit card,No,No,57.42,No,689.04,49-72 Months
CUST-00325,Female,66,37,Two year,DSL,Mailed check,No,No,30.89,No,370.68,25-48 Months
CUST-00326,Male,38,10,Month-to-month,DSL,Credit card,No,Yes,84.29,Yes,1011.48,7-12 Months
CUST-00327,Male,47,63,One year,No internet,Electronic check,No,Yes,50.2,Yes,602.4,49-72 Months
CUST-00328,Male,31,30,Month-to-month,Fiber optic,Mailed check,Yes,Yes,22.01,Yes,264.12,25-48 Months
CUST-00329,Male,27,45,Two year,DSL,Mailed check,No,Yes,96.24,No,1154.88,25-48 Months
CUST-00330,Female,44,47,Month-to-month,Fiber optic,Mailed check,Yes,No,55.09,No,661.08,25-48 Months
CUST-00331,Female,47,23,Two year,Fiber optic,Bank transfer,No,No,59.9,No,718.8,13-24 Months
CUST-00332,Male,60,53,One year,DSL,Electronic check,No,Yes,44.62,No,535.44,49-72 Months
CUST-00333,Male,38,37,Month-to-month,Fiber optic,Mailed check,Yes,No,104.17,No,1250.04,25-48 Months
CUST-00334,Female,65,27,One year,Fiber optic,Electronic check,No,No,79.57,No,954.84,25-48 Months
CUST-00335,Male,50,22,One year,Fiber optic,Bank transfer,No,Yes,54.83,Yes,657.96,13-24 Months
CUST-00336,Female,21,54,Month-to-month,Fiber optic,Credit card,No,Yes,20.0,Yes,240.0,49-72 Months
CUST-00337,Female,57,18,Month-to-month,No internet,Electronic check,No,No,142.3,No,1707.6,13-24 Months
CUST-00338,Male,48,9,One year,Fiber optic,Mailed check,Yes,No,127.42,No,1529.04,7-12 Months
CUST-00339,Male,38,64,One year,DSL,Mailed check,Yes,Yes,112.41,No,1348.92,49-72 Months
CUST-00340,Female,42,24,Month-to-month,No internet,Bank transfer,No,Yes,52.31,Yes,627.72,13-24 Months
CUST-00341,Female,33,47,Two year,DSL,Electronic check,No,No,57.97,No,695.64,25-48 Months
CUST-00342,Male,50,52,Month-to-month,Fiber optic,Mailed check,No,No,83.22,No,998.64,49-72 Months
CUST-00343,Female,48,61,Month-to-month,No internet,Bank transfer,No,Yes,46.97,No,563.64,49-72 Months
CUST-00344,Female,41,46,One year,Fiber optic,Mailed check,No,No,44.3,No,531.6,25-48 Months
CUST-00345,Female,33,51,Month-to-month,Fiber optic,Bank transfer,No,Yes,112.84,Yes,1354.08,49-72 Months
CUST-00346,Male,39,61,Month-to-month,DSL,Mailed check,No,No,70.46,Yes,845.52,49-72 Months
CUST-00347,Female,44,68,Month-to-month,Fiber optic,Credit card,No,No,40.64,No,487.68,49-72 Months
CUST-00348,Female,43,4,Month-to-month,DSL,Electronic check,No,No,98.67,No,1184.04,0-6 Months
CUST-00349,Male,34,54,Month-to-month,Fiber optic,Electronic check,No,No,55.93,Yes,671.16,49-72 Months
CUST-00350,Male,48,13,One year,DSL,Mailed check,No,No,20.0,No,240.0,13-24 Months
CUST-00351,Female,30,65,Month-to-month,DSL,Mailed check,No,Yes,40.23,Yes,482.76,49-72 Months
CUST-00352,Male,44,4,Two year,No internet,Bank transfer,No,No,57.54,No,690.48,0-6 Months
CUST-00353,Male,24,18,One year,Fiber optic,Electronic check,No,Yes,78.16,No,937.92,13-24 Months
CUST-00354,Male,43,14,Month-to-month,Fiber optic,Electronic check,No,Yes,76.81,No,921.72,13-24 Months
CUST-00355,Female,59,44,Month-to-month,No internet,Bank transfer,No,No,106.38,No,1276.56,25-48 Months
CUST-00356,Female,61,1,One year,DSL,Electronic check,No,Yes,65.36,No,784.32,0-6 Months
CUST-00357,Male,54,2,Month-to-month,Fiber optic,Bank transfer,Yes,Yes,58.96,No,707.52,0-6 Months
CUST-00358,Female,57,37,Month-to-month,Fiber optic,Bank transfer,No,Yes,106.86,No,1282.32,25-48 Months
CUST-00359,Male,21,70,Two year,DSL,Electronic check,No,Yes,99.4,No,1192.8,49-72 Months
CUST-00360,Female,36,39,One year,DSL,Bank transfer,No,Yes,66.02,No,792.24,25-48 Months
CUST-00361,Female,52,33,One year,DSL,Credit card,No,No,80.18,No,962.16,25-48 Months
CUST-00362,Female,60,48,Month-to-month,No internet,Credit card,No,Yes,58.69,Yes,704.28,25-48 Months
CUST-00363,Male,48,40,Month-to-month,Fiber optic,Electronic check,No,No,39.46,Yes,473.52,25-48 Months
CUST-00364,Female,63,28,Month-to-month,Fiber optic,Mailed check,Yes,Yes,133.52,Yes,1602.24,25-48 Months
CUST-00365,Male,32,43,One year,DSL,Credit card,No,Yes,56.83,No,681.96,25-48 Months
CUST-00366,Female,26,1,Month-to-month,No internet,Bank transfer,No,Yes,80.26,No,963.12,0-6 Months
CUST-00367,Male,22,18,Month-to-month,Fiber optic,Electronic check,No,Yes,29.57,Yes,354.84,13-24 Months
CUST-00368,Male,48,49,Month-to-month,DSL,Electronic check,No,No,92.62,Yes,1111.44,49-72 Months
CUST-00369,Male,53,25,One year,Fiber optic,Bank transfer,No,No,38.24,No,458.88,25-48 Months
CUST-00370,Female,33,4,One year,Fiber optic,Bank transfer,No,Yes,118.98,Yes,1427.76,0-6 Months
CUST-00371,Male,59,9,Month-to-month,No internet,Credit card,No,Yes,122.33,Yes,1467.96,7-12 Months
CUST-00372,Female,57,63,Month-to-month,Fiber optic,Credit card,No,Yes,87.84,Yes,1054.08,49-72 Months
CUST-00373,Male,37,24,Month-to-month,Fiber optic,Electronic check,No,Yes,75.22,No,902.64,13-24 Months
CUST-00374,Male,30,2,Month-to-month,DSL,Bank transfer,No,Yes,66.75,No,801.0,0-6 Months
CUST-00375,Female,57,53,Month-to-month,Fiber optic,Electronic check,No,Yes,70.67,Yes,848.04,49-72 Months
CUST-00376,Male,53,39,Month-to-month,Fiber optic,Electronic check,No,No,83.46,Yes,1001.52,25-48 Months
CUST-00377,Female,27,33,One year,DSL,Electronic check,Yes,Yes,74.51,No,894.12,25-48 Months
CUST-00378,Female,31,65,One year,Fiber optic,Credit card,Yes,No,99.49,No,1193.88,49-72 Months
CUST-00379,Male,43,23,Two year,DSL,Electronic check,No,Yes,46.29,No,555.48,13-24 Months
CUST-00380,Male,45,42,Two year,Fiber optic,Mailed check,No,Yes,114.79,No,1377.48,25-48 Months
CUST-00381,Male,26,54,Month-to-month,Fiber optic,Mailed check,No,No,60.17,Yes,722.04,49-72 Months
CUST-00382,Female,68,44,Month-to-month,DSL,Electronic check,No,Yes,51.12,Yes,613.44,25-48 Months
CUST-00383,Female,38,15,Month-to-month,Fiber optic,Mailed check,No,Yes,82.15,No,985.8,13-24 Months
CUST-00384,Male,38,50,One year,DSL,Electronic check,No,Yes,83.94,No,1007.28,49-72 Months
CUST-00385,Male,21,54,Month-to-month,No internet,Mailed check,Yes,No,23.37,No,280.44,49-72 Months
CUST-00386,Male,64,9,Month-to-month,DSL,Mailed check,No,Yes,58.53,Yes,702.36,7-12 Months
CUST-00387,Male,30,12,Month-to-month,Fiber optic,Credit card,Yes,Yes,20.0,Yes,240.0,7-12 Months
CUST-00388,Female,70,49,Month-to-month,Fiber optic,Bank transfer,Yes,Yes,53.08,No,636.96,49-72 Months
CUST-00389,Female,44,9,One year,No internet,Credit card,No,Yes,54.29,No,651.48,7-12 Months
CUST-00390,Male,64,64,One year,DSL,Mailed check,No,Yes,80.33,No,963.96,49-72 Months
CUST-00391,Female,27,8,Month-to-month,DSL,Electronic check,No,Yes,49.94,No,599.28,7-12 Months
CUST-00392,Male,26,71,Two year,DSL,Mailed check,Yes,Yes,56.57,No,678.84,49-72 Months
CUST-00393,Male,60,49,Month-to-month,Fiber optic,Credit card,No,Yes,108.51,No,1302.12,49-72 Months
CUST-00394,Female,61,32,Month-to-month,Fiber optic,Electronic check,No,No,129.8,Yes,1557.6,25-48 Months
CUST-00395,Female,46,20,Month-to-month,DSL,Electronic check,No,No,46.21,No,554.52,13-24 Months
CUST-00396,Female,19,25,One year,DSL,Credit card,No,Yes,100.54,No,1206.48,25-48 Months
CUST-00397,Male,68,54,One year,Fiber optic,Credit card,No,Yes,82.86,No,994.32,49-72 Months
CUST-00398,Male,38,55,Month-to-month,DSL,Electronic check,Yes,Yes,23.31,No,279.72,49-72 Months
CUST-00399,Male,67,16,Two year,DSL,Bank transfer,Yes,Yes,49.85,Yes,598.2,13-24 Months
CUST-00400,Male,64,40,Month-to-month,Fiber optic,Mailed check,No,Yes,20.0,No,240.0,25-48 Months
CUST-00401,Female,63,72,Month-to-month,Fiber optic,Mailed check,Yes,No,81.06,No,972.72,49-72 Months
CUST-00402,Female,54,19,One year,DSL,Mailed check,No,Yes,41.85,No,502.2,13-24 Months
CUST-00403,Male,53,50,Two year,DSL,Credit card,Yes,Yes,75.75,No,909.0,49-72 Months
CUST-00404,Female,46,13,One year,No internet,Electronic check,No,No,143.99,No,1727.88,13-24 Months
CUST-00405,Male,19,61,Two year,Fiber optic,Bank transfer,No,Yes,116.61,No,1399.32,49-72 Months
CUST-00406,Female,38,13,Month-to-month,No internet,Electronic check,No,Yes,50.52,No,606.24,13-24 Months
CUST-00407,Male,56,22,One year,DSL,Bank transfer,No,No,43.75,No,525.0,13-24 Months
CUST-00408,Male,61,34,Two year,DSL,Bank transfer,No,Yes,108.2,No,1298.4,25-48 Months
CUST-00409,Female,47,27,Month-to-month,Fiber optic,Bank transfer,No,Yes,43.87,No,526.44,25-48 Months
CUST-00410,Male,55,13,Month-to-month,Fiber optic,Credit card,No,Yes,99.75,No,1197.0,13-24 Months
CUST-00411,Male,19,47,Two year,DSL,Bank transfer,No,Yes,148.6,Yes,1783.2,25-48 Months
CUST-00412,Male,42,2,Month-to-month,Fiber optic,Bank transfer,No,Yes,90.91,Yes,1090.92,0-6 Months
CUST-00413,Male,44,71,Month-to-month,Fiber optic,Electronic check,Yes,No,105.15,No,1261.8,49-72 Months
CUST-00414,Male,65,4,Two year,No internet,Credit card,No,No,101.9,No,1222.8,0-6 Months
CUST-00415,Male,34,25,Two year,Fiber optic,Mailed check,No,Yes,56.4,No,676.8,25-48 Months
CUST-00416,Female,30,67,Two year,No internet,Mailed check,Yes,No,80.13,No,961.56,49-72 Months
CUST-00417,Female,36,12,Two year,DSL,Mailed check,No,No,45.22,No,542.64,7-12 Months
CUST-00418,Male,27,6,Month-to-month,DSL,Mailed check,Yes,Yes,108.12,No,1297.44,0-6 Months
CUST-00419,Male,47,54,Two year,Fiber optic,Bank transfer,Yes,Yes,41.62,No,499.44,49-72 Months
CUST-00420,Female,52,6,Month-to-month,DSL,Mailed check,Yes,Yes,91.63,No,1099.56,0-6 Months
CUST-00421,Female,60,65,One year,DSL,Electronic check,No,Yes,103.69,No,1244.28,49-72 Months
CUST-00422,Female,69,33,Month-to-month,No internet,Credit card,No,No,58.23,No,698.76,25-48 Months
CUST-00423,Female,21,63,Two year,Fiber optic,Credit card,No,No,51.81,No,621.72,49-72 Months
CUST-00424,Female,31,18,One year,Fiber optic,Mailed check,No,No,67.25,No,807.0,13-24 Months
CUST-00425,Male,33,11,Two year,No internet,Credit card,No,Yes,47.01,No,564.12,7-12 Months
CUST-00426,Male,31,70,Month-to-month,Fiber optic,Mailed check,No,Yes,76.38,Yes,916.56,49-72 Months
CUST-00427,Female,61,55,Month-to-month,DSL,Mailed check,Yes,Yes,46.32,No,555.84,49-72 Months
CUST-00428,Female,25,66,Month-to-month,Fiber optic,Credit card,No,Yes,48.35,Yes,580.2,49-72 Months
CUST-00429,Male,19,24,Month-to-month,Fiber optic,Bank transfer,No,Yes,87.31,No,1047.72,13-24 Months
CUST-00430,Female,63,30,One year,DSL,Bank transfer,No,Yes,89.29,No,1071.48,25-48 Months
CUST-00431,Male,68,42,Month-to-month,DSL,Mailed check,Yes,No,63.78,No,765.36,25-48 Months
CUST-00432,Female,29,33,One year,DSL,Mailed check,No,Yes,25.9,No,310.8,25-48 Months
CUST-00433,Female,35,18,Month-to-month,DSL,Electronic check,No,Yes,104.78,No,1257.36,13-24 Months
CUST-00434,Male,44,28,Month-to-month,DSL,Credit card,No,Yes,59.44,No,713.28,25-48 Months
CUST-00435,Male,45,44,One year,No internet,Electronic check,No,No,129.74,No,1556.88,25-48 Months
CUST-00436,Male,70,3,Month-to-month,Fiber optic,Mailed check,No,Yes,68.29,Yes,819.48,0-6 Months
CUST-00437,Female,39,25,Month-to-month,Fiber optic,Electronic check,No,Yes,75.8,No,909.6,25-48 Months
CUST-00438,Female,18,22,Month-to-month,Fiber optic,Bank transfer,Yes,Yes,59.91,No,718.92,13-24 Months
CUST-00439,Male,40,6,Month-to-month,DSL,Mailed check,No,Yes,78.82,No,945.84,0-6 Months
CUST-00440,Male,47,9,One year,Fiber optic,Bank transfer,Yes,Yes,160.0,No,1920.0,7-12 Months
CUST-00441,Female,45,36,Month-to-month,DSL,Mailed check,Yes,No,62.23,No,746.76,25-48 Months
CUST-00442,Male,45,8,Month-to-month,Fiber optic,Electronic check,Yes,Yes,107.74,No,1292.88,7-12 Months
CUST-00443,Male,66,25,One year,DSL,Electronic check,Yes,Yes,74.54,No,894.48,25-48 Months
CUST-00444,Male,60,41,Month-to-month,DSL,Electronic check,No,Yes,104.87,Yes,1258.44,25-48 Months
CUST-00445,Female,31,63,One year,DSL,Bank transfer,No,Yes,20.0,Yes,240.0,49-72 Months
CUST-00446,Female,36,8,Month-to-month,DSL,Credit card,No,No,126.46,No,1517.52,7-12 Months
CUST-00447,Male,53,32,Two year,Fiber optic,Mailed check,No,No,81.55,No,978.6,25-48 Months
CUST-00448,Female,39,8,Month-to-month,DSL,Mailed check,No,Yes,64.5,No,774.0,7-12 Months
CUST-00449,Female,40,31,Month-to-month,Fiber optic,Electronic check,No,Yes,97.29,Yes,1167.48,25-48 Months
CUST-00450,Male,26,35,Two year,DSL,Credit card,No,Yes,76.03,No,912.36,25-48 Months
CUST-00451,Female,31,58,One year,Fiber optic,Credit card,No,Yes,39.86,Yes,478.32,49-72 Months
CUST-00452,Female,57,32,One year,Fiber optic,Bank transfer,No,Yes,20.0,Yes,240.0,25-48 Months
CUST-00453,Male,62,68,Two year,Fiber optic,Electronic check,No,No,123.13,No,1477.56,49-72 Months
CUST-00454,Male,59,10,Month-to-month,DSL,Mailed check,No,No,65.76,No,789.12,7-12 Months
CUST-00455,Female,34,4,Two year,No internet,Credit card,No,Yes,54.84,No,658.08,0-6 Months
CUST-00456,Female,25,1,One year,Fiber optic,Electronic check,No,No,57.01,No,684.12,0-6 Months
CUST-00457,Male,26,26,Month-to-month,Fiber optic,Bank transfer,No,Yes,113.01,No,1356.12,25-48 Months
CUST-00458,Female,38,14,Month-to-month,Fiber optic,Credit card,Yes,Yes,58.28,No,699.36,13-24 Months
CUST-00459,Female,45,7,Month-to-month,No internet,Bank transfer,No,Yes,90.04,No,1080.48,7-12 Months
CUST-00460,Male,65,17,Two year,DSL,Bank transfer,No,Yes,62.63,No,751.56,13-24 Months
CUST-00461,Female,65,71,Month-to-month,Fiber optic,Mailed check,No,Yes,36.87,No,442.44,49-72 Months
CUST-00462,Male,18,58,Month-to-month,DSL,Credit card,Yes,No,97.24,No,1166.88,49-72 Months
CUST-00463,Female,55,2,One year,DSL,Mailed check,No,Yes,102.88,No,1234.56,0-6 Months
CUST-00464,Male,33,66,One year,DSL,Credit card,Yes,Yes,52.98,No,635.76,49-72 Months
CUST-00465,Male,28,15,Month-to-month,DSL,Mailed check,No,Yes,70.94,Yes,851.28,13-24 Months
CUST-00466,Female,47,30,Two year,DSL,Bank transfer,No,Yes,74.72,No,896.64,25-48 Months
CUST-00467,Male,19,24,Month-to-month,DSL,Credit card,No,Yes,84.46,No,1013.52,13-24 Months
CUST-00468,Female,35,30,Two year,Fiber optic,Mailed check,No,Yes,127.2,No,1526.4,25-48 Months
CUST-00469,Male,47,55,Month-to-month,Fiber optic,Electronic check,Yes,Yes,62.93,Yes,755.16,49-72 Months
CUST-00470,Female,32,52,Month-to-month,Fiber optic,Electronic check,No,Yes,62.76,No,753.12,49-72 Months
CUST-00471,Female,49,43,One year,Fiber optic,Credit card,Yes,Yes,67.09,No,805.08,25-48 Months
CUST-00472,Female,42,46,Month-to-month,Fiber optic,Bank transfer,No,No,45.62,No,547.44,25-48 Months
CUST-00473,Male,60,53,Month-to-month,DSL,Electronic check,No,No,23.78,No,285.36,49-72 Months
CUST-00474,Male,27,14,Month-to-month,DSL,Credit card,Yes,Yes,75.75,No,909.0,13-24 Months
CUST-00475,Female,21,29,One year,Fiber optic,Credit card,No,No,86.76,No,1041.12,25-48 Months
CUST-00476,Female,46,8,Two year,Fiber optic,Credit card,No,No,72.07,No,864.84,7-12 Months
CUST-00477,Female,31,51,Two year,DSL,Bank transfer,Yes,Yes,70.24,No,842.88,49-72 Months
CUST-00478,Male,55,32,Two year,DSL,Credit card,No,No,46.84,No,562.08,25-48 Months
CUST-00479,Female,22,46,Two year,Fiber optic,Credit card,Yes,Yes,79.07,No,948.84,25-48 Months
CUST-00480,Male,48,41,Month-to-month,DSL,Electronic check,Yes,No,76.76,Yes,921.12,25-48 Months
CUST-00481,Male,70,20,Month-to-month,Fiber optic,Credit card,No,Yes,85.3,No,1023.6,13-24 Months
CUST-00482,Female,22,10,Two year,Fiber optic,Mailed check,No,Yes,81.06,No,972.72,7-12 Months
CUST-00483,Male,33,71,Two year,DSL,Credit card,No,No,83.03,No,996.36,49-72 Months
CUST-00484,Female,62,22,Two year,DSL,Bank transfer,No,No,108.93,No,1307.16,13-24 Months
CUST-00485,Male,46,8,One year,Fiber optic,Bank transfer,No,Yes,88.02,No,1056.24,7-12 Months
CUST-00486,Male,27,23,Month-to-month,DSL,Electronic check,No,No,85.46,No,1025.52,13-24 Months
CUST-00487,Male,29,65,Two year,No internet,Electronic check,Yes,No,23.21,No,278.52,49-72 Months
CUST-00488,Female,58,19,Two year,Fiber optic,Electronic check,Yes,No,101.5,No,1218.0,13-24 Months
CUST-00489,Female,63,72,One year,DSL,Bank transfer,No,No,63.66,No,763.92,49-72 Months
CUST-00490,Female,37,34,Two year,Fiber optic,Credit card,No,No,74.22,No,890.64,25-48 Months
CUST-00491,Female,43,63,One year,DSL,Electronic check,No,Yes,36.36,No,436.32,49-72 Months
CUST-00492,Female,59,48,Two year,Fiber optic,Electronic check,No,No,130.52,No,1566.24,25-48 Months
CUST-00493,Female,27,4,Month-to-month,Fiber optic,Bank transfer,No,Yes,20.0,Yes,240.0,0-6 Months
CUST-00494,Female,28,37,Two year,Fiber optic,Electronic check,Yes,No,113.67,No,1364.04,25-48 Months
CUST-00495,Male,59,31,Month-to-month,DSL,Electronic check,No,No,83.9,Yes,1006.8,25-48 Months
CUST-00496,Male,27,15,Month-to-month,Fiber optic,Electronic check,No,No,20.0,Yes,240.0,13-24 Months
CUST-00497,Male,58,40,Month-to-month,No internet,Bank transfer,Yes,Yes,129.02,No,1548.24,25-48 Months
CUST-00498,Male,44,8,Month-to-month,Fiber optic,Bank transfer,No,Yes,86.39,Yes,1036.68,7-12 Months
CUST-00499,Female,70,51,Month-to-month,DSL,Credit card,No,Yes,20.0,No,240.0,49-72 Months
CUST-00500,Male,19,60,Two year,DSL,Electronic check,No,Yes,60.17,No,722.04,49-72 Months
CUST-00501,Male,68,7,One year,Fiber optic,Electronic check,No,No,86.97,Yes,1043.64,7-12 Months
CUST-00502,Female,29,35,Two year,DSL,Credit card,Yes,No,119.97,No,1439.64,25-48 Months
CUST-00503,Female,19,48,Month-to-month,DSL,Credit card,No,No,60.54,No,726.48,25-48 Months
CUST-00504,Female,56,5,Month-to-month,DSL,Mailed check,Yes,Yes,20.0,No,240.0,0-6 Months
CUST-00505,Male,46,29,One year,Fiber optic,Credit card,Yes,No,112.85,No,1354.2,25-48 Months
CUST-00506,Male,62,19,One year,DSL,Bank transfer,No,No,85.95,No,1031.4,13-24 Months
CUST-00507,Female,23,3,Month-to-month,DSL,Credit card,No,No,20.0,No,240.0,0-6 Months
CUST-00508,Male,22,58,Two year,Fiber optic,Mailed check,No,Yes,81.6,No,979.2,49-72 Months
CUST-00509,Male,48,33,Two year,DSL,Electronic check,No,No,84.56,Yes,1014.72,25-48 Months
CUST-00510,Male,64,55,One year,Fiber optic,Electronic check,No,Yes,62.91,No,754.92,49-72 Months
CUST-00511,Female,39,43,Two year,DSL,Bank transfer,No,Yes,48.84,No,586.08,25-48 Months
CUST-00512,Female,60,64,One year,DSL,Credit card,Yes,Yes,54.93,No,659.16,49-72 Months
CUST-00513,Female,66,72,One year,No internet,Mailed check,No,No,62.89,No,754.68,49-72 Months
CUST-00514,Female,64,44,Month-to-month,Fiber optic,Electronic check,No,Yes,81.93,No,983.16,25-48 Months
CUST-00515,Female,44,26,Month-to-month,Fiber optic,Electronic check,Yes,No,94.07,Yes,1128.84,25-48 Months
CUST-00516,Male,55,31,Month-to-month,Fiber optic,Bank transfer,No,No,20.0,No,240.0,25-48 Months
CUST-00517,Female,45,60,One year,DSL,Credit card,Yes,Yes,79.17,No,950.04,49-72 Months
CUST-00518,Male,53,31,One year,Fiber optic,Mailed check,No,Yes,85.66,Yes,1027.92,25-48 Months
CUST-00519,Male,48,38,Month-to-month,Fiber optic,Bank transfer,No,Yes,76.74,No,920.88,25-48 Months
CUST-00520,Female,45,14,One year,Fiber optic,Mailed check,No,No,60.66,No,727.92,13-24 Months
CUST-00521,Male,41,72,Month-to-month,No internet,Credit card,No,No,111.75,No,1341.0,49-72 Months
CUST-00522,Male,52,47,Month-to-month,Fiber optic,Credit card,No,Yes,109.64,No,1315.68,25-48 Months
CUST-00523,Male,57,24,Two year,DSL,Electronic check,No,Yes,61.75,No,741.0,13-24 Months
CUST-00524,Female,66,43,Month-to-month,Fiber optic,Bank transfer,No,Yes,69.67,Yes,836.04,25-48 Months
CUST-00525,Male,50,29,Month-to-month,Fiber optic,Credit card,No,Yes,93.61,No,1123.32,25-48 Months
CUST-00526,Male,23,12,Month-to-month,Fiber optic,Credit card,No,No,107.91,No,1294.92,7-12 Months
CUST-00527,Female,49,63,Month-to-month,Fiber optic,Bank transfer,Yes,Yes,49.17,No,590.04,49-72 Months
CUST-00528,Male,34,64,One year,DSL,Electronic check,No,Yes,42.71,No,512.52,49-72 Months
CUST-00529,Female,19,61,Two year,Fiber optic,Mailed check,No,Yes,79.68,No,956.16,49-72 Months
CUST-00530,Female,21,27,One year,Fiber optic,Bank transfer,No,No,40.54,No,486.48,25-48 Months
CUST-00531,Female,49,19,One year,Fiber optic,Electronic check,No,Yes,20.0,Yes,240.0,13-24 Months
CUST-00532,Male,68,4,Month-to-month,Fiber optic,Credit card,No,Yes,49.03,No,588.36,0-6 Months
CUST-00533,Male,44,53,One year,Fiber optic,Electronic check,Yes,Yes,83.68,No,1004.16,49-72 Months
CUST-00534,Male,41,24,Month-to-month,Fiber optic,Credit card,Yes,No,115.5,Yes,1386.0,13-24 Months
CUST-00535,Female,22,65,Month-to-month,Fiber optic,Mailed check,No,Yes,52.15,No,625.8,49-72 Months
CUST-00536,Male,53,63,Two year,DSL,Electronic check,Yes,Yes,68.52,No,822.24,49-72 Months
CUST-00537,Male,20,10,Month-to-month,No internet,Mailed check,No,Yes,76.36,Yes,916.32,7-12 Months
CUST-00538,Male,62,67,Month-to-month,DSL,Bank transfer,No,Yes,53.84,No,646.08,49-72 Months
CUST-00539,Female,61,11,Month-to-month,Fiber optic,Credit card,Yes,No,51.64,No,619.68,7-12 Months
CUST-00540,Male,70,36,Two year,No internet,Mailed check,No,No,81.38,No,976.56,25-48 Months
CUST-00541,Female,33,35,Month-to-month,No internet,Electronic check,No,Yes,38.47,No,461.64,25-48 Months
CUST-00542,Male,26,69,Month-to-month,DSL,Credit card,No,No,50.51,Yes,606.12,49-72 Months
CUST-00543,Male,33,48,Two year,Fiber optic,Bank transfer,No,No,66.33,No,795.96,25-48 Months
CUST-00544,Male,60,64,Month-to-month,DSL,Electronic check,No,Yes,81.03,No,972.36,49-72 Months
CUST-00545,Female,29,43,Two year,No internet,Credit card,No,Yes,29.57,No,354.84,25-48 Months
CUST-00546,Male,65,60,Month-to-month,DSL,Electronic check,No,No,68.34,No,820.08,49-72 Months
CUST-00547,Male,26,62,One year,DSL,Electronic check,Yes,No,35.86,Yes,430.32,49-72 Months
CUST-00548,Female,20,62,Two year,DSL,Mailed check,No,Yes,52.84,No,634.08,49-72 Months
CUST-00549,Female,29,30,Month-to-month,No internet,Bank transfer,No,Yes,94.08,No,1128.96,25-48 Months
CUST-00550,Female,57,28,One year,Fiber optic,Mailed check,No,No,69.93,No,839.16,25-48 Months
CUST-00551,Female,49,71,Month-to-month,Fiber optic,Credit card,No,Yes,118.73,Yes,1424.76,49-72 Months
CUST-00552,Male,36,55,One year,DSL,Electronic check,No,Yes,69.98,No,839.76,49-72 Months
CUST-00553,Female,52,67,Two year,Fiber optic,Credit card,No,Yes,99.1,No,1189.2,49-72 Months
CUST-00554,Male,52,42,One year,Fiber optic,Electronic check,No,No,94.25,No,1131.0,25-48 Months
CUST-00555,Female,47,67,Two year,Fiber optic,Electronic check,No,No,71.63,No,859.56,49-72 Months
CUST-00556,Female,45,52,One year,Fiber optic,Electronic check,No,Yes,35.16,No,421.92,49-72 Months
CUST-00557,Female,23,54,One year,Fiber optic,Electronic check,No,Yes,69.06,No,828.72,49-72 Months
CUST-00558,Female,31,13,Month-to-month,DSL,Mailed check,No,Yes,57.08,Yes,684.96,13-24 Months
CUST-00559,Female,45,41,One year,Fiber optic,Credit card,Yes,No,56.0,No,672.0,25-48 Months
CUST-00560,Female,25,53,Two year,DSL,Credit card,No,Yes,76.36,No,916.32,49-72 Months
CUST-00561,Female,43,55,One year,Fiber optic,Bank transfer,No,Yes,31.41,No,376.92,49-72 Months
CUST-00562,Male,24,69,Month-to-month,No internet,Electronic check,No,Yes,47.53,No,570.36,49-72 Months
CUST-00563,Male,59,24,Month-to-month,DSL,Credit card,No,Yes,43.66,No,523.92,13-24 Months
CUST-00564,Male,23,22,One year,No internet,Mailed check,No,Yes,64.88,No,778.56,13-24 Months
CUST-00565,Female,22,70,Two year,Fiber optic,Bank transfer,Yes,No,50.49,No,605.88,49-72 Months
CUST-00566,Male,51,72,Month-to-month,Fiber optic,Bank transfer,No,No,52.33,No,627.96,49-72 Months
CUST-00567,Male,29,13,Month-to-month,DSL,Electronic check,No,Yes,75.79,No,909.48,13-24 Months
CUST-00568,Male,36,28,Month-to-month,DSL,Mailed check,No,No,59.52,No,714.24,25-48 Months
CUST-00569,Female,34,69,Month-to-month,Fiber optic,Credit card,Yes,No,72.13,No,865.56,49-72 Months
CUST-00570,Female,29,15,Two year,DSL,Electronic check,No,No,40.76,No,489.12,13-24 Months
CUST-00571,Female,58,57,Month-to-month,DSL,Bank transfer,No,No,48.8,Yes,585.6,49-72 Months
CUST-00572,Male,54,9,Month-to-month,Fiber optic,Credit card,No,Yes,129.14,Yes,1549.68,7-12 Months
CUST-00573,Male,30,13,Month-to-month,DSL,Mailed check,No,Yes,52.47,No,629.64,13-24 Months
CUST-00574,Male,54,57,Month-to-month,Fiber optic,Mailed check,No,Yes,20.0,Yes,240.0,49-72 Months
CUST-00575,Male,55,44,Two year,Fiber optic,Mailed check,Yes,Yes,81.58,No,978.96,25-48 Months
CUST-00576,Male,46,40,Month-to-month,DSL,Credit card,No,Yes,52.18,No,626.16,25-48 Months
CUST-00577,Female,48,62,Month-to-month,DSL,Mailed check,No,No,78.83,No,945.96,49-72 Months
CUST-00578,Female,67,23,Month-to-month,DSL,Mailed check,No,Yes,69.49,Yes,833.88,13-24 Months
CUST-00579,Female,42,37,Two year,DSL,Electronic check,No,No,87.4,No,1048.8,25-48 Months
CUST-00580,Male,38,44,Two year,No internet,Credit card,Yes,No,69.21,No,830.52,25-48 Months
CUST-00581,Male,46,54,Month-to-month,Fiber optic,Credit card,No,Yes,65.66,No,787.92,49-72 Months
CUST-00582,Female,62,24,One year,Fiber optic,Bank transfer,No,No,104.14,Yes,1249.68,13-24 Months
CUST-00583,Male,55,46,Month-to-month,Fiber optic,Credit card,No,No,20.0,Yes,240.0,25-48 Months
CUST-00584,Male,21,33,One year,DSL,Bank transfer,Yes,Yes,34.89,No,418.68,25-48 Months
CUST-00585,Male,42,40,Month-to-month,DSL,Credit card,Yes,No,48.9,No,586.8,25-48 Months
CUST-00586,Female,57,63,Two year,DSL,Electronic check,No,Yes,24.6,No,295.2,49-72 Months
CUST-00587,Female,29,29,Two year,Fiber optic,Electronic check,No,Yes,58.58,No,702.96,25-48 Months
CUST-00588,Male,70,49,Month-to-month,Fiber optic,Credit card,No,Yes,55.81,Yes,669.72,49-72 Months
CUST-00589,Female,60,68,Month-to-month,DSL,Mailed check,No,Yes,99.29,No,1191.48,49-72 Months
CUST-00590,Female,62,55,Month-to-month,DSL,Mailed check,No,Yes,69.53,Yes,834.36,49-72 Months
CUST-00591,Female,22,72,Month-to-month,Fiber optic,Bank transfer,No,No,66.04,Yes,792.48,49-72 Months
CUST-00592,Female,48,43,Month-to-month,DSL,Bank transfer,No,Yes,61.36,No,736.32,25-48 Months
CUST-00593,Male,45,21,Month-to-month,DSL,Mailed check,Yes,Yes,42.54,No,510.48,13-24 Months
CUST-00594,Female,51,72,Two year,DSL,Mailed check,No,Yes,96.94,Yes,1163.28,49-72 Months
CUST-00595,Male,63,47,Month-to-month,Fiber optic,Mailed check,Yes,Yes,105.88,Yes,1270.56,25-48 Months
CUST-00596,Female,36,18,Two year,DSL,Electronic check,No,Yes,38.06,No,456.72,13-24 Months
CUST-00597,Female,46,23,Month-to-month,Fiber optic,Electronic check,No,Yes,117.36,Yes,1408.32,13-24 Months
CUST-00598,Female,54,19,Month-to-month,Fiber optic,Mailed check,No,Yes,53.21,No,638.52,13-24 Months
CUST-00599,Female,57,61,Month-to-month,DSL,Bank transfer,No,No,50.93,No,611.16,49-72 Months
CUST-00600,Female,58,7,Two year,Fiber optic,Mailed check,No,No,85.24,No,1022.88,7-12 Months
CUST-00601,Female,35,54,Month-to-month,Fiber optic,Mailed check,Yes,Yes,87.74,No,1052.88,49-72 Months
CUST-00602,Female,70,40,Month-to-month,Fiber optic,Bank transfer,No,No,70.0,No,840.0,25-48 Months
CUST-00603,Female,18,6,One year,Fiber optic,Electronic check,No,No,62.3,No,747.6,0-6 Months
CUST-00604,Male,44,45,One year,DSL,Mailed check,No,Yes,104.83,No,1257.96,25-48 Months
CUST-00605,Female,50,55,One year,Fiber optic,Electronic check,Yes,Yes,54.55,Yes,654.6,49-72 Months
CUST-00606,Female,21,53,Month-to-month,DSL,Bank transfer,No,Yes,70.07,No,840.84,49-72 Months
CUST-00607,Male,41,39,Month-to-month,DSL,Electronic check,Yes,Yes,119.43,No,1433.16,25-48 Months
CUST-00608,Female,49,25,Two year,Fiber optic,Mailed check,Yes,Yes,34.56,No,414.72,25-48 Months
CUST-00609,Female,50,12,One year,DSL,Bank transfer,Yes,Yes,59.16,No,709.92,7-12 Months
CUST-00610,Female,24,1,One year,Fiber optic,Credit card,Yes,Yes,100.7,Yes,1208.4,0-6 Months
CUST-00611,Female,32,26,Month-to-month,Fiber optic,Bank transfer,No,Yes,86.78,Yes,1041.36,25-48 Months
CUST-00612,Male,30,46,Month-to-month,Fiber optic,Credit card,No,Yes,97.03,No,1164.36,25-48 Months
CUST-00613,Female,51,3,Two year,Fiber optic,Bank transfer,No,Yes,34.96,Yes,419.52,0-6 Months
CUST-00614,Male,35,72,One year,Fiber optic,Mailed check,No,Yes,80.99,No,971.88,49-72 Months
CUST-00615,Female,48,43,Month-to-month,Fiber optic,Electronic check,Yes,Yes,64.01,Yes,768.12,25-48 Months
CUST-00616,Female,56,22,Two year,DSL,Electronic check,No,Yes,135.63,No,1627.56,13-24 Months
CUST-00617,Male,60,70,One year,DSL,Electronic check,No,Yes,94.66,No,1135.92,49-72 Months
CUST-00618,Male,27,14,Month-to-month,No internet,Electronic check,Yes,No,71.38,Yes,856.56,13-24 Months
CUST-00619,Male,65,69,Month-to-month,DSL,Mailed check,No,Yes,80.01,No,960.12,49-72 Months
CUST-00620,Male,26,21,One year,DSL,Bank transfer,Yes,No,73.52,No,882.24,13-24 Months
CUST-00621,Male,19,28,Month-to-month,Fiber optic,Bank transfer,No,No,91.57,Yes,1098.84,25-48 Months
CUST-00622,Male,20,31,One year,DSL,Electronic check,No,Yes,48.02,No,576.24,25-48 Months
CUST-00623,Male,28,72,One year,Fiber optic,Mailed check,Yes,Yes,110.23,No,1322.76,49-72 Months
CUST-00624,Male,64,19,Month-to-month,No internet,Electronic check,No,Yes,34.91,No,418.92,13-24 Months
CUST-00625,Female,29,71,Two year,No internet,Mailed check,No,Yes,77.74,No,932.88,49-72 Months
CUST-00626,Male,54,25,Month-to-month,Fiber optic,Mailed check,No,No,48.92,No,587.04,25-48 Months
CUST-00627,Male,40,21,Month-to-month,DSL,Electronic check,No,No,73.2,No,878.4,13-24 Months
CUST-00628,Male,20,46,One year,DSL,Electronic check,No,Yes,99.66,No,1195.92,25-48 Months
CUST-00629,Female,41,50,One year,DSL,Credit card,No,Yes,24.05,No,288.6,49-72 Months
CUST-00630,Male,19,25,Month-to-month,Fiber optic,Mailed check,No,No,67.25,No,807.0,25-48 Months
CUST-00631,Female,43,10,One year,DSL,Bank transfer,No,Yes,31.69,No,380.28,7-12 Months
CUST-00632,Male,47,29,Two year,DSL,Electronic check,No,Yes,64.18,No,770.16,25-48 Months
CUST-00633,Male,45,39,Two year,Fiber optic,Electronic check,No,No,31.61,Yes,379.32,25-48 Months
CUST-00634,Male,32,3,Two year,DSL,Mailed check,No,Yes,76.53,No,918.36,0-6 Months
CUST-00635,Male,58,6,Month-to-month,Fiber optic,Credit card,No,No,60.07,No,720.84,0-6 Months
CUST-00636,Female,49,67,Month-to-month,No internet,Electronic check,No,No,92.92,No,1115.04,49-72 Months
CUST-00637,Male,31,3,One year,Fiber optic,Electronic check,No,Yes,106.4,Yes,1276.8,0-6 Months
CUST-00638,Male,41,30,Month-to-month,Fiber optic,Credit card,Yes,Yes,72.3,No,867.6,25-48 Months
CUST-00639,Female,23,56,One year,Fiber optic,Mailed check,Yes,Yes,97.02,No,1164.24,49-72 Months
CUST-00640,Female,66,24,Month-to-month,DSL,Electronic check,Yes,No,110.71,Yes,1328.52,13-24 Months
CUST-00641,Female,57,36,Month-to-month,DSL,Bank transfer,No,Yes,46.18,No,554.16,25-48 Months
CUST-00642,Female,33,7,Month-to-month,Fiber optic,Mailed check,No,Yes,112.18,Yes,1346.16,7-12 Months
CUST-00643,Female,53,58,Month-to-month,Fiber optic,Credit card,No,No,70.97,No,851.64,49-72 Months
CUST-00644,Male,53,46,Month-to-month,DSL,Electronic check,No,Yes,44.61,Yes,535.32,25-48 Months
CUST-00645,Female,50,62,One year,Fiber optic,Credit card,No,Yes,80.36,No,964.32,49-72 Months
CUST-00646,Male,20,63,One year,Fiber optic,Electronic check,Yes,No,69.98,Yes,839.76,49-72 Months
CUST-00647,Male,64,26,Month-to-month,No internet,Credit card,No,Yes,32.6,Yes,391.2,25-48 Months
CUST-00648,Female,68,3,Month-to-month,Fiber optic,Credit card,No,Yes,41.17,Yes,494.04,0-6 Months
CUST-00649,Female,69,25,Two year,DSL,Credit card,No,Yes,117.84,No,1414.08,25-48 Months
CUST-00650,Female,69,11,Month-to-month,Fiber optic,Credit card,No,Yes,79.8,No,957.6,7-12 Months
CUST-00651,Male,67,39,Month-to-month,DSL,Bank transfer,No,Yes,113.49,Yes,1361.88,25-48 Months
CUST-00652,Female,57,11,Month-to-month,DSL,Electronic check,No,Yes,60.34,Yes,724.08,7-12 Months
CUST-00653,Male,21,67,One year,Fiber optic,Electronic check,No,No,49.55,No,594.6,49-72 Months
CUST-00654,Female,42,44,Two year,DSL,Mailed check,No,Yes,24.87,No,298.44,25-48 Months
CUST-00655,Female,30,19,One year,No internet,Mailed check,No,Yes,99.1,No,1189.2,13-24 Months
CUST-00656,Female,29,67,Two year,DSL,Electronic check,No,No,83.5,Yes,1002.0,49-72 Months
CUST-00657,Female,62,56,Two year,Fiber optic,Bank transfer,Yes,Yes,60.59,No,727.08,49-72 Months
CUST-00658,Female,61,32,Month-to-month,Fiber optic,Bank transfer,No,No,49.81,No,597.72,25-48 Months
CUST-00659,Male,45,11,Month-to-month,No internet,Credit card,No,Yes,103.55,Yes,1242.6,7-12 Months
CUST-00660,Male,57,25,Month-to-month,Fiber optic,Mailed check,No,Yes,67.04,No,804.48,25-48 Months
CUST-00661,Male,24,43,Month-to-month,Fiber optic,Bank transfer,No,Yes,67.34,Yes,808.08,25-48 Months
CUST-00662,Female,29,56,One year,Fiber optic,Bank transfer,No,Yes,55.18,No,662.16,49-72 Months
CUST-00663,Male,63,19,Month-to-month,DSL,Credit card,No,No,60.59,No,727.08,13-24 Months
CUST-00664,Male,41,54,Month-to-month,Fiber optic,Bank transfer,No,No,87.4,No,1048.8,49-72 Months
CUST-00665,Female,46,21,Month-to-month,Fiber optic,Electronic check,No,Yes,32.34,No,388.08,13-24 Months
CUST-00666,Female,42,18,One year,DSL,Electronic check,No,Yes,74.26,Yes,891.12,13-24 Months
CUST-00667,Female,28,33,One year,Fiber optic,Credit card,No,Yes,98.76,No,1185.12,25-48 Months
CUST-00668,Female,61,12,Two year,Fiber optic,Bank transfer,No,Yes,69.63,Yes,835.56,7-12 Months
CUST-00669,Female,58,30,Month-to-month,DSL,Credit card,Yes,Yes,101.52,No,1218.24,25-48 Months
CUST-00670,Male,54,26,Month-to-month,Fiber optic,Credit card,No,Yes,109.54,Yes,1314.48,25-48 Months
CUST-00671,Female,36,21,Two year,No internet,Bank transfer,No,Yes,97.3,No,1167.6,13-24 Months
CUST-00672,Female,52,56,One year,Fiber optic,Bank transfer,No,Yes,56.96,No,683.52,49-72 Months
CUST-00673,Female,68,24,One year,DSL,Credit card,No,No,71.01,No,852.12,13-24 Months
CUST-00674,Male,52,51,Month-to-month,DSL,Credit card,No,Yes,81.68,No,980.16,49-72 Months
CUST-00675,Female,44,52,Month-to-month,Fiber optic,Mailed check,No,Yes,58.85,No,706.2,49-72 Months
CUST-00676,Female,32,48,Two year,Fiber optic,Electronic check,No,Yes,57.91,No,694.92,25-48 Months
CUST-00677,Female,45,20,One year,DSL,Electronic check,Yes,No,56.23,No,674.76,13-24 Months
CUST-00678,Male,37,60,One year,Fiber optic,Mailed check,No,No,143.22,No,1718.64,49-72 Months
CUST-00679,Female,50,18,Month-to-month,Fiber optic,Credit card,No,Yes,64.41,Yes,772.92,13-24 Months
CUST-00680,Female,20,20,Month-to-month,No internet,Credit card,No,No,101.92,Yes,1223.04,13-24 Months
CUST-00681,Female,28,63,Month-to-month,DSL,Mailed check,No,No,47.66,No,571.92,49-72 Months
CUST-00682,Male,59,25,One year,No internet,Electronic check,No,Yes,119.65,No,1435.8,25-48 Months
CUST-00683,Female,38,51,Month-to-month,Fiber optic,Mailed check,No,Yes,61.4,No,736.8,49-72 Months
CUST-00684,Female,40,4,Month-to-month,Fiber optic,Credit card,No,No,73.48,Yes,881.76,0-6 Months
CUST-00685,Male,46,45,Month-to-month,DSL,Bank transfer,No,Yes,20.68,No,248.16,25-48 Months
CUST-00686,Female,41,63,Two year,Fiber optic,Electronic check,No,Yes,103.26,Yes,1239.12,49-72 Months
CUST-00687,Male,58,52,Month-to-month,Fiber optic,Mailed check,Yes,Yes,109.33,No,1311.96,49-72 Months
CUST-00688,Female,31,42,Month-to-month,Fiber optic,Mailed check,No,Yes,38.76,No,465.12,25-48 Months
CUST-00689,Male,58,62,One year,Fiber optic,Mailed check,No,No,104.89,Yes,1258.68,49-72 Months
CUST-00690,Female,29,22,Two year,DSL,Credit card,No,No,34.56,No,414.72,13-24 Months
CUST-00691,Female,37,28,One year,Fiber optic,Credit card,No,No,89.7,No,1076.4,25-48 Months
CUST-00692,Female,49,5,Two year,No internet,Electronic check,No,Yes,63.94,No,767.28,0-6 Months
CUST-00693,Female,64,51,Month-to-month,Fiber optic,Electronic check,No,No,109.42,No,1313.04,49-72 Months
CUST-00694,Female,30,53,Two year,Fiber optic,Mailed check,No,Yes,78.98,No,947.76,49-72 Months
CUST-00695,Male,49,55,Two year,Fiber optic,Electronic check,No,No,98.08,No,1176.96,49-72 Months
CUST-00696,Male,21,54,Month-to-month,DSL,Mailed check,Yes,Yes,106.66,No,1279.92,49-72 Months
CUST-00697,Female,21,10,One year,No internet,Electronic check,No,Yes,63.85,Yes,766.2,7-12 Months
CUST-00698,Female,58,48,Month-to-month,DSL,Electronic check,Yes,No,71.19,No,854.28,25-48 Months
CUST-00699,Male,56,55,Month-to-month,Fiber optic,Credit card,No,No,40.89,No,490.68,49-72 Months
CUST-00700,Male,37,15,Month-to-month,Fiber optic,Electronic check,No,Yes,63.6,No,763.2,13-24 Months
CUST-00701,Female,51,35,Month-to-month,DSL,Credit card,No,Yes,125.96,No,1511.52,25-48 Months
CUST-00702,Female,38,66,Two year,Fiber optic,Electronic check,No,Yes,93.16,No,1117.92,49-72 Months
CUST-00703,Male,32,30,Month-to-month,DSL,Electronic check,Yes,No,42.75,Yes,513.0,25-48 Months
CUST-00704,Male,40,55,One year,Fiber optic,Electronic check,No,Yes,117.68,Yes,1412.16,49-72 Months
CUST-00705,Male,34,39,Month-to-month,Fiber optic,Electronic check,No,Yes,82.89,Yes,994.68,25-48 Months
CUST-00706,Female,61,48,Month-to-month,Fiber optic,Mailed check,No,Yes,95.25,Yes,1143.0,25-48 Months
CUST-00707,Male,39,46,Month-to-month,Fiber optic,Credit card,No,No,85.73,No,1028.76,25-48 Months
CUST-00708,Female,35,47,Month-to-month,No internet,Credit card,No,No,83.75,No,1005.0,25-48 Months
CUST-00709,Male,46,57,One year,DSL,Electronic check,No,No,20.0,No,240.0,49-72 Months
CUST-00710,Male,58,66,Two year,No internet,Electronic check,No,No,102.99,No,1235.88,49-72 Months
CUST-00711,Female,32,22,Month-to-month,DSL,Electronic check,No,Yes,20.0,Yes,240.0,13-24 Months
CUST-00712,Female,67,67,Two year,Fiber optic,Bank transfer,No,Yes,100.45,No,1205.4,49-72 Months
CUST-00713,Female,42,46,One year,DSL,Electronic check,No,Yes,74.79,No,897.48,25-48 Months
CUST-00714,Female,53,43,One year,Fiber optic,Electronic check,No,Yes,95.39,No,1144.68,25-48 Months
CUST-00715,Female,68,24,Month-to-month,DSL,Credit card,No,No,76.44,No,917.28,13-24 Months
CUST-00716,Female,40,31,Month-to-month,Fiber optic,Credit card,No,Yes,101.23,Yes,1214.76,25-48 Months
CUST-00717,Female,28,47,Two year,No internet,Bank transfer,No,No,72.45,No,869.4,25-48 Months
CUST-00718,Male,57,27,One year,DSL,Electronic check,No,Yes,79.87,No,958.44,25-48 Months
CUST-00719,Male,18,21,Month-to-month,DSL,Mailed check,No,Yes,83.33,Yes,999.96,13-24 Months
CUST-00720,Female,42,59,Two year,DSL,Electronic check,No,No,124.6,Yes,1495.2,49-72 Months
CUST-00721,Male,69,30,Month-to-month,DSL,Bank transfer,Yes,Yes,88.81,Yes,1065.72,25-48 Months
CUST-00722,Female,39,47,One year,DSL,Bank transfer,No,Yes,35.13,No,421.56,25-48 Months
CUST-00723,Female,54,3,Month-to-month,DSL,Electronic check,Yes,No,56.21,No,674.52,0-6 Months
CUST-00724,Male,45,6,Two year,Fiber optic,Credit card,No,Yes,88.74,No,1064.88,0-6 Months
CUST-00725,Female,29,62,Month-to-month,DSL,Mailed check,Yes,Yes,107.27,Yes,1287.24,49-72 Months
CUST-00726,Male,34,11,Month-to-month,Fiber optic,Credit card,No,Yes,51.78,Yes,621.36,7-12 Months
CUST-00727,Female,45,58,One year,DSL,Electronic check,No,No,134.72,No,1616.64,49-72 Months
CUST-00728,Male,23,65,Month-to-month,DSL,Mailed check,No,Yes,76.92,No,923.04,49-72 Months
CUST-00729,Male,39,35,Two year,Fiber optic,Electronic check,No,Yes,83.78,No,1005.36,25-48 Months
CUST-00730,Female,39,64,One year,DSL,Bank transfer,Yes,Yes,36.89,Yes,442.68,49-72 Months
CUST-00731,Female,62,31,Month-to-month,DSL,Electronic check,Yes,Yes,103.23,Yes,1238.76,25-48 Months
CUST-00732,Male,24,69,Month-to-month,DSL,Electronic check,No,No,59.52,No,714.24,49-72 Months
CUST-00733,Female,62,18,Two year,DSL,Bank transfer,No,Yes,51.12,No,613.44,13-24 Months
CUST-00734,Female,39,31,One year,DSL,Bank transfer,No,No,63.12,No,757.44,25-48 Months
CUST-00735,Male,52,29,Two year,DSL,Bank transfer,No,No,110.72,No,1328.64,25-48 Months
CUST-00736,Female,47,57,Month-to-month,Fiber optic,Bank transfer,Yes,Yes,85.04,No,1020.48,49-72 Months
CUST-00737,Female,33,4,Two year,Fiber optic,Bank transfer,No,No,47.11,No,565.32,0-6 Months
CUST-00738,Male,67,60,Month-to-month,DSL,Bank transfer,No,No,57.15,No,685.8,49-72 Months
CUST-00739,Female,29,2,One year,Fiber optic,Mailed check,No,No,111.47,No,1337.64,0-6 Months
CUST-00740,Female,19,23,Month-to-month,Fiber optic,Electronic check,No,Yes,65.38,No,784.56,13-24 Months
CUST-00741,Female,57,43,Month-to-month,Fiber optic,Mailed check,No,Yes,87.69,No,1052.28,25-48 Months
CUST-00742,Female,50,11,Two year,Fiber optic,Electronic check,No,Yes,94.54,No,1134.48,7-12 Months
CUST-00743,Female,65,36,Two year,No internet,Mailed check,No,Yes,20.0,No,240.0,25-48 Months
CUST-00744,Male,42,72,Month-to-month,Fiber optic,Mailed check,No,Yes,107.4,Yes,1288.8,49-72 Months
CUST-00745,Female,18,60,Two year,Fiber optic,Electronic check,No,Yes,48.13,No,577.56,49-72 Months
CUST-00746,Male,19,3,Month-to-month,No internet,Bank transfer,No,No,61.9,No,742.8,0-6 Months
CUST-00747,Female,40,43,Month-to-month,No internet,Bank transfer,No,No,115.1,No,1381.2,25-48 Months
CUST-00748,Male,31,44,Month-to-month,Fiber optic,Mailed check,No,Yes,112.51,No,1350.12,25-48 Months
CUST-00749,Male,66,5,Month-to-month,No internet,Credit card,No,No,85.8,Yes,1029.6,0-6 Months
CUST-00750,Male,24,47,Month-to-month,Fiber optic,Electronic check,No,Yes,92.4,Yes,1108.8,25-48 Months
CUST-00751,Female,64,38,Month-to-month,DSL,Electronic check,No,Yes,99.38,No,1192.56,25-48 Months
CUST-00752,Male,29,50,Month-to-month,Fiber optic,Electronic check,No,No,112.04,No,1344.48,49-72 Months
CUST-00753,Male,24,22,One year,Fiber optic,Mailed check,Yes,Yes,115.61,No,1387.32,13-24 Months
CUST-00754,Female,32,19,Two year,Fiber optic,Electronic check,No,Yes,75.02,Yes,900.24,13-24 Months
CUST-00755,Female,25,53,One year,DSL,Credit card,Yes,No,51.35,No,616.2,49-72 Months
CUST-00756,Male,39,52,Month-to-month,Fiber optic,Electronic check,No,No,64.86,No,778.32,49-72 Months
CUST-00757,Female,35,12,One year,DSL,Mailed check,No,No,75.56,No,906.72,7-12 Months
CUST-00758,Male,46,16,Month-to-month,DSL,Mailed check,No,Yes,70.51,No,846.12,13-24 Months
CUST-00759,Male,46,43,One year,Fiber optic,Electronic check,No,Yes,43.66,Yes,523.92,25-48 Months
CUST-00760,Female,18,60,One year,No internet,Bank transfer,No,Yes,84.23,No,1010.76,49-72 Months
CUST-00761,Male,24,15,Month-to-month,Fiber optic,Bank transfer,No,Yes,28.1,Yes,337.2,13-24 Months
CUST-00762,Female,26,16,Month-to-month,Fiber optic,Bank transfer,No,No,74.39,Yes,892.68,13-24 Months
CUST-00763,Female,28,59,Two year,Fiber optic,Bank transfer,No,Yes,76.19,No,914.28,49-72 Months
CUST-00764,Female,22,51,Two year,Fiber optic,Mailed check,No,No,75.23,No,902.76,49-72 Months
CUST-00765,Male,34,65,One year,Fiber optic,Mailed check,Yes,Yes,95.83,No,1149.96,49-72 Months
CUST-00766,Female,47,57,Two year,DSL,Bank transfer,Yes,Yes,92.12,No,1105.44,49-72 Months
CUST-00767,Female,34,69,Two year,DSL,Mailed check,No,Yes,134.23,Yes,1610.76,49-72 Months
CUST-00768,Male,35,14,Month-to-month,Fiber optic,Mailed check,No,Yes,57.5,No,690.0,13-24 Months
CUST-00769,Male,42,20,One year,Fiber optic,Electronic check,No,Yes,79.82,No,957.84,13-24 Months
CUST-00770,Male,47,18,Month-to-month,DSL,Bank transfer,No,No,78.03,No,936.36,13-24 Months
CUST-00771,Female,35,4,Month-to-month,Fiber optic,Electronic check,Yes,No,76.71,Yes,920.52,0-6 Months
CUST-00772,Female,29,57,Month-to-month,DSL,Credit card,No,No,36.58,No,438.96,49-72 Months
CUST-00773,Male,39,48,Two year,No internet,Electronic check,No,Yes,38.86,No,466.32,25-48 Months
CUST-00774,Female,19,7,One year,Fiber optic,Mailed check,No,No,72.18,No,866.16,7-12 Months
CUST-00775,Female,44,15,Month-to-month,DSL,Electronic check,No,No,27.87,No,334.44,13-24 Months
CUST-00776,Female,67,14,Month-to-month,No internet,Electronic check,Yes,Yes,62.64,No,751.68,13-24 Months
CUST-00777,Male,39,30,Month-to-month,DSL,Electronic check,No,No,53.87,Yes,646.44,25-48 Months
CUST-00778,Male,23,33,One year,No internet,Bank transfer,No,No,63.66,No,763.92,25-48 Months
CUST-00779,Male,55,21,Two year,Fiber optic,Electronic check,No,No,103.71,No,1244.52,13-24 Months
CUST-00780,Female,24,67,Month-to-month,DSL,Electronic check,No,No,41.81,No,501.72,49-72 Months
CUST-00781,Female,28,16,Month-to-month,Fiber optic,Electronic check,No,Yes,96.35,Yes,1156.2,13-24 Months
CUST-00782,Female,25,41,One year,Fiber optic,Electronic check,No,Yes,56.0,No,672.0,25-48 Months
CUST-00783,Male,64,32,Month-to-month,No internet,Credit card,No,Yes,59.49,No,713.88,25-48 Months
CUST-00784,Male,70,28,Month-to-month,Fiber optic,Mailed check,No,Yes,85.04,No,1020.48,25-48 Months
CUST-00785,Male,48,60,Month-to-month,No internet,Bank transfer,Yes,Yes,64.32,No,771.84,49-72 Months
CUST-00786,Female,50,71,Month-to-month,DSL,Mailed check,Yes,Yes,47.01,No,564.12,49-72 Months
CUST-00787,Male,52,1,Month-to-month,No internet,Mailed check,Yes,No,61.63,No,739.56,0-6 Months
CUST-00788,Female,50,34,Two year,No internet,Credit card,Yes,Yes,22.25,No,267.0,25-48 Months
CUST-00789,Female,46,9,Month-to-month,DSL,Electronic check,No,No,82.67,Yes,992.04,7-12 Months
CUST-00790,Male,70,32,Month-to-month,No internet,Credit card,Yes,No,20.0,Yes,240.0,25-48 Months
CUST-00791,Male,56,45,One year,DSL,Mailed check,No,Yes,96.86,No,1162.32,25-48 Months
CUST-00792,Male,22,30,Two year,DSL,Mailed check,No,Yes,89.23,No,1070.76,25-48 Months
CUST-00793,Female,38,23,Month-to-month,DSL,Credit card,No,No,116.84,No,1402.08,13-24 Months
CUST-00794,Female,69,23,Month-to-month,Fiber optic,Electronic check,No,Yes,133.1,Yes,1597.2,13-24 Months
CUST-00795,Male,39,22,One year,Fiber optic,Credit card,Yes,Yes,98.2,No,1178.4,13-24 Months
CUST-00796,Male,28,24,Month-to-month,Fiber optic,Credit card,No,No,54.43,Yes,653.16,13-24 Months
CUST-00797,Female,64,27,One year,Fiber optic,Electronic check,No,Yes,132.83,Yes,1593.96,25-48 Months
CUST-00798,Male,51,50,Month-to-month,Fiber optic,Mailed check,No,Yes,38.57,No,462.84,49-72 Months
CUST-00799,Male,47,7,Month-to-month,DSL,Credit card,No,No,20.0,No,240.0,7-12 Months
CUST-00800,Male,40,3,Month-to-month,DSL,Electronic check,No,Yes,123.87,No,1486.44,0-6 Months
CUST-00801,Male,24,38,One year,DSL,Bank transfer,No,Yes,88.84,No,1066.08,25-48 Months
CUST-00802,Male,38,50,Month-to-month,No internet,Electronic check,No,Yes,20.0,Yes,240.0,49-72 Months
CUST-00803,Female,41,19,Month-to-month,No internet,Electronic check,No,Yes,34.05,No,408.6,13-24 Months
CUST-00804,Female,67,15,Month-to-month,No internet,Mailed check,Yes,Yes,87.44,Yes,1049.28,13-24 Months
CUST-00805,Female,34,45,One year,DSL,Bank transfer,Yes,Yes,47.64,No,571.68,25-48 Months
CUST-00806,Female,25,28,Month-to-month,Fiber optic,Bank transfer,No,Yes,51.67,Yes,620.04,25-48 Months
CUST-00807,Female,40,53,One year,No internet,Bank transfer,No,No,127.06,No,1524.72,49-72 Months
CUST-00808,Male,70,11,One year,Fiber optic,Electronic check,No,No,132.15,No,1585.8,7-12 Months
CUST-00809,Male,43,9,Month-to-month,Fiber optic,Mailed check,No,Yes,76.11,Yes,913.32,7-12 Months
CUST-00810,Female,38,40,Two year,Fiber optic,Electronic check,No,No,67.79,No,813.48,25-48 Months
CUST-00811,Male,53,29,Two year,DSL,Electronic check,Yes,Yes,97.27,No,1167.24,25-48 Months
CUST-00812,Female,52,53,Month-to-month,DSL,Electronic check,No,No,56.28,No,675.36,49-72 Months
CUST-00813,Female,33,37,Month-to-month,Fiber optic,Bank transfer,Yes,Yes,20.0,No,240.0,25-48 Months
CUST-00814,Male,69,26,Month-to-month,DSL,Electronic check,No,No,20.0,No,240.0,25-48 Months
CUST-00815,Female,49,12,Month-to-month,Fiber optic,Electronic check,No,No,69.94,Yes,839.28,7-12 Months
CUST-00816,Female,21,12,Month-to-month,Fiber optic,Bank transfer,No,Yes,96.69,No,1160.28,7-12 Months
CUST-00817,Male,39,55,Two year,Fiber optic,Electronic check,No,Yes,72.45,Yes,869.4,49-72 Months
CUST-00818,Male,66,17,Two year,Fiber optic,Credit card,No,Yes,94.68,No,1136.16,13-24 Months
CUST-00819,Female,38,37,Month-to-month,DSL,Mailed check,Yes,Yes,97.48,Yes,1169.76,25-48 Months
CUST-00820,Female,48,59,Month-to-month,Fiber optic,Electronic check,No,Yes,110.81,No,1329.72,49-72 Months
CUST-00821,Male,50,65,Month-to-month,Fiber optic,Credit card,No,No,77.22,No,926.64,49-72 Months
CUST-00822,Female,55,20,Month-to-month,Fiber optic,Bank transfer,No,Yes,79.72,Yes,956.64,13-24 Months
CUST-00823,Male,64,8,Month-to-month,DSL,Credit card,Yes,Yes,70.97,No,851.64,7-12 Months
CUST-00824,Female,25,56,Two year,No internet,Mailed check,No,No,64.76,No,777.12,49-72 Months
CUST-00825,Female,45,50,Two year,DSL,Mailed check,No,No,27.98,No,335.76,49-72 Months
CUST-00826,Male,46,24,Month-to-month,DSL,Bank transfer,No,Yes,104.82,No,1257.84,13-24 Months
CUST-00827,Female,26,43,One year,No internet,Mailed check,No,No,61.25,No,735.0,25-48 Months
CUST-00828,Female,53,14,One year,Fiber optic,Mailed check,Yes,No,59.65,Yes,715.8,13-24 Months
CUST-00829,Female,24,51,Two year,Fiber optic,Electronic check,Yes,No,56.83,No,681.96,49-72 Months
CUST-00830,Male,42,53,Month-to-month,DSL,Electronic check,No,Yes,34.47,No,413.64,49-72 Months
CUST-00831,Male,35,22,Month-to-month,Fiber optic,Electronic check,Yes,Yes,69.6,No,835.2,13-24 Months
CUST-00832,Male,26,34,One year,DSL,Bank transfer,No,Yes,86.46,No,1037.52,25-48 Months
CUST-00833,Male,61,25,Month-to-month,DSL,Mailed check,No,No,52.25,Yes,627.0,25-48 Months
CUST-00834,Male,30,3,One year,Fiber optic,Credit card,No,No,101.05,No,1212.6,0-6 Months
CUST-00835,Female,31,10,Month-to-month,DSL,Electronic check,No,No,61.68,No,740.16,7-12 Months
CUST-00836,Female,63,70,One year,Fiber optic,Mailed check,No,Yes,29.09,No,349.08,49-72 Months
CUST-00837,Female,64,33,Two year,Fiber optic,Electronic check,No,Yes,110.46,No,1325.52,25-48 Months
CUST-00838,Male,19,11,Month-to-month,DSL,Bank transfer,Yes,No,77.56,No,930.72,7-12 Months
CUST-00839,Male,32,4,Month-to-month,DSL,Credit card,No,Yes,96.17,Yes,1154.04,0-6 Months
CUST-00840,Female,55,26,One year,Fiber optic,Mailed check,No,Yes,96.83,No,1161.96,25-48 Months
CUST-00841,Male,59,71,Month-to-month,Fiber optic,Mailed check,No,No,45.51,No,546.12,49-72 Months
CUST-00842,Female,70,28,One year,Fiber optic,Bank transfer,Yes,No,57.39,No,688.68,25-48 Months
CUST-00843,Female,47,72,One year,Fiber optic,Electronic check,No,Yes,100.96,Yes,1211.52,49-72 Months
CUST-00844,Male,18,36,Month-to-month,Fiber optic,Bank transfer,No,No,123.39,No,1480.68,25-48 Months
CUST-00845,Male,64,56,Two year,Fiber optic,Bank transfer,Yes,Yes,73.77,No,885.24,49-72 Months
CUST-00846,Male,26,57,Month-to-month,DSL,Electronic check,No,Yes,54.44,Yes,653.28,49-72 Months
CUST-00847,Male,24,3,One year,DSL,Bank transfer,Yes,Yes,119.11,No,1429.32,0-6 Months
CUST-00848,Male,53,1,Month-to-month,DSL,Bank transfer,No,Yes,54.45,No,653.4,0-6 Months
CUST-00849,Female,50,67,Month-to-month,DSL,Electronic check,Yes,Yes,81.21,No,974.52,49-72 Months
CUST-00850,Female,21,68,Month-to-month,DSL,Electronic check,No,Yes,60.02,No,720.24,49-72 Months
CUST-00851,Female,26,10,Two year,DSL,Mailed check,No,Yes,79.53,No,954.36,7-12 Months
CUST-00852,Female,49,47,Two year,No internet,Bank transfer,Yes,Yes,45.53,No,546.36,25-48 Months
CUST-00853,Female,31,67,Two year,DSL,Bank transfer,Yes,Yes,61.51,No,738.12,49-72 Months
CUST-00854,Male,54,69,Month-to-month,DSL,Mailed check,Yes,No,54.44,Yes,653.28,49-72 Months
CUST-00855,Male,39,22,Month-to-month,DSL,Electronic check,No,Yes,90.54,Yes,1086.48,13-24 Months
CUST-00856,Female,49,59,One year,DSL,Electronic check,Yes,Yes,76.57,No,918.84,49-72 Months
CUST-00857,Male,43,47,One year,Fiber optic,Electronic check,No,Yes,96.65,Yes,1159.8,25-48 Months
CUST-00858,Male,37,67,Month-to-month,Fiber optic,Electronic check,No,Yes,48.88,Yes,586.56,49-72 Months
CUST-00859,Female,36,11,Two year,Fiber optic,Electronic check,No,Yes,66.16,No,793.92,7-12 Months
CUST-00860,Female,54,44,Month-to-month,Fiber optic,Electronic check,No,No,89.5,No,1074.0,25-48 Months
CUST-00861,Female,45,2,Month-to-month,Fiber optic,Bank transfer,No,Yes,96.04,Yes,1152.48,0-6 Months
CUST-00862,Female,49,26,Two year,Fiber optic,Bank transfer,No,Yes,31.52,Yes,378.24,25-48 Months
CUST-00863,Male,48,1,Month-to-month,Fiber optic,Electronic check,No,Yes,80.9,Yes,970.8,0-6 Months
CUST-00864,Female,29,32,Month-to-month,No internet,Bank transfer,No,Yes,49.23,No,590.76,25-48 Months
CUST-00865,Female,66,59,One year,Fiber optic,Electronic check,No,No,97.46,No,1169.52,49-72 Months
CUST-00866,Female,47,48,Two year,Fiber optic,Mailed check,No,Yes,124.09,No,1489.08,25-48 Months
CUST-00867,Female,56,23,Month-to-month,Fiber optic,Credit card,No,No,20.0,Yes,240.0,13-24 Months
CUST-00868,Female,64,31,One year,Fiber optic,Mailed check,No,No,53.63,Yes,643.56,25-48 Months
CUST-00869,Male,67,27,Month-to-month,DSL,Electronic check,No,Yes,79.39,Yes,952.68,25-48 Months
CUST-00870,Male,53,53,Month-to-month,DSL,Mailed check,Yes,Yes,71.89,No,862.68,49-72 Months
CUST-00871,Male,59,20,Month-to-month,Fiber optic,Bank transfer,Yes,No,98.31,No,1179.72,13-24 Months
CUST-00872,Male,43,7,Month-to-month,DSL,Electronic check,No,No,74.21,No,890.52,7-12 Months
CUST-00873,Male,57,37,Month-to-month,Fiber optic,Credit card,No,Yes,57.17,No,686.04,25-48 Months
CUST-00874,Male,35,60,Month-to-month,DSL,Mailed check,No,Yes,43.43,No,521.16,49-72 Months
CUST-00875,Female,55,35,One year,No internet,Electronic check,No,Yes,38.72,No,464.64,25-48 Months
CUST-00876,Female,22,15,One year,No internet,Mailed check,No,Yes,51.2,No,614.4,13-24 Months
CUST-00877,Female,66,4,One year,Fiber optic,Bank transfer,No,No,56.18,No,674.16,0-6 Months
CUST-00878,Female,30,68,Two year,DSL,Mailed check,No,Yes,82.75,No,993.0,49-72 Months
CUST-00879,Female,52,55,Month-to-month,DSL,Credit card,No,Yes,67.61,Yes,811.32,49-72 Months
CUST-00880,Female,18,12,Month-to-month,DSL,Credit card,No,Yes,53.77,Yes,645.24,7-12 Months
CUST-00881,Male,26,6,Month-to-month,Fiber optic,Electronic check,No,Yes,43.74,No,524.88,0-6 Months
CUST-00882,Female,70,10,One year,DSL,Electronic check,No,No,52.33,No,627.96,7-12 Months
CUST-00883,Male,62,28,Month-to-month,Fiber optic,Electronic check,No,Yes,56.21,No,674.52,25-48 Months
CUST-00884,Male,29,59,Month-to-month,Fiber optic,Bank transfer,Yes,No,51.05,No,612.6,49-72 Months
CUST-00885,Female,24,12,Month-to-month,DSL,Bank transfer,No,Yes,90.85,Yes,1090.2,7-12 Months
CUST-00886,Female,61,59,Month-to-month,Fiber optic,Electronic check,Yes,Yes,110.31,Yes,1323.72,49-72 Months
CUST-00887,Male,70,1,Two year,Fiber optic,Credit card,No,Yes,39.07,Yes,468.84,0-6 Months
CUST-00888,Male,26,54,One year,DSL,Electronic check,No,Yes,103.34,Yes,1240.08,49-72 Months
CUST-00889,Male,53,21,Month-to-month,DSL,Credit card,No,No,91.41,No,1096.92,13-24 Months
CUST-00890,Male,33,70,One year,No internet,Credit card,No,Yes,77.04,Yes,924.48,49-72 Months
CUST-00891,Male,57,35,One year,DSL,Electronic check,No,No,114.75,No,1377.0,25-48 Months
CUST-00892,Female,40,20,Month-to-month,DSL,Electronic check,Yes,Yes,67.23,No,806.76,13-24 Months
CUST-00893,Female,24,18,Month-to-month,DSL,Electronic check,No,No,83.25,Yes,999.0,13-24 Months
CUST-00894,Female,35,60,One year,Fiber optic,Credit card,Yes,Yes,75.46,No,905.52,49-72 Months
CUST-00895,Female,46,30,Month-to-month,Fiber optic,Mailed check,No,No,73.38,No,880.56,25-48 Months
CUST-00896,Female,60,26,Month-to-month,No internet,Credit card,No,Yes,84.85,No,1018.2,25-48 Months
CUST-00897,Female,19,53,Month-to-month,Fiber optic,Mailed check,No,Yes,73.3,Yes,879.6,49-72 Months
CUST-00898,Male,68,39,One year,Fiber optic,Mailed check,No,No,85.05,No,1020.6,25-48 Months
CUST-00899,Male,52,48,Two year,DSL,Credit card,No,No,53.25,No,639.0,25-48 Months
CUST-00900,Female,64,33,One year,Fiber optic,Mailed check,No,Yes,54.12,No,649.44,25-48 Months
CUST-00901,Male,67,5,Month-to-month,Fiber optic,Bank transfer,No,No,53.12,Yes,637.44,0-6 Months
CUST-00902,Male,26,1,Month-to-month,DSL,Mailed check,No,Yes,61.79,No,741.48,0-6 Months
CUST-00903,Male,22,3,One year,Fiber optic,Electronic check,Yes,No,100.37,Yes,1204.44,0-6 Months
CUST-00904,Female,59,42,Two year,DSL,Electronic check,No,Yes,59.06,No,708.72,25-48 Months
CUST-00905,Male,27,37,Two year,Fiber optic,Electronic check,No,No,90.27,Yes,1083.24,25-48 Months
CUST-00906,Female,25,54,Two year,DSL,Bank transfer,No,Yes,79.43,No,953.16,49-72 Months
CUST-00907,Male,42,65,Month-to-month,Fiber optic,Mailed check,No,No,59.64,Yes,715.68,49-72 Months
CUST-00908,Male,66,13,One year,DSL,Mailed check,No,No,108.66,No,1303.92,13-24 Months
CUST-00909,Male,60,69,Two year,Fiber optic,Electronic check,No,No,92.61,No,1111.32,49-72 Months
CUST-00910,Male,45,68,One year,Fiber optic,Bank transfer,No,No,72.05,No,864.6,49-72 Months
CUST-00911,Female,28,45,One year,DSL,Credit card,No,No,69.73,Yes,836.76,25-48 Months
CUST-00912,Male,35,39,Month-to-month,Fiber optic,Bank transfer,No,Yes,74.62,No,895.44,25-48 Months
CUST-00913,Male,54,13,One year,DSL,Credit card,No,Yes,29.17,No,350.04,13-24 Months
CUST-00914,Female,26,13,Month-to-month,Fiber optic,Electronic check,No,Yes,48.9,No,586.8,13-24 Months
CUST-00915,Female,45,2,Month-to-month,Fiber optic,Electronic check,No,Yes,84.95,Yes,1019.4,0-6 Months
CUST-00916,Male,18,47,Two year,Fiber optic,Mailed check,Yes,Yes,27.68,No,332.16,25-48 Months
CUST-00917,Female,35,32,Two year,No internet,Electronic check,Yes,No,51.07,No,612.84,25-48 Months
CUST-00918,Female,31,14,Two year,Fiber optic,Bank transfer,No,Yes,61.01,No,732.12,13-24 Months
CUST-00919,Male,54,10,Month-to-month,Fiber optic,Credit card,Yes,Yes,153.3,Yes,1839.6,7-12 Months
CUST-00920,Female,66,5,Month-to-month,DSL,Electronic check,No,Yes,90.86,Yes,1090.32,0-6 Months
CUST-00921,Female,25,47,Month-to-month,Fiber optic,Credit card,Yes,No,102.73,No,1232.76,25-48 Months
CUST-00922,Female,60,50,Two year,DSL,Electronic check,Yes,Yes,49.46,No,593.52,49-72 Months
CUST-00923,Male,52,46,One year,No internet,Bank transfer,No,Yes,82.14,No,985.68,25-48 Months
CUST-00924,Male,69,8,Two year,DSL,Mailed check,No,Yes,22.72,No,272.64,7-12 Months
CUST-00925,Male,66,3,Month-to-month,DSL,Bank transfer,No,Yes,62.74,No,752.88,0-6 Months
CUST-00926,Female,23,8,One year,Fiber optic,Electronic check,No,Yes,86.15,Yes,1033.8,7-12 Months
CUST-00927,Female,57,55,One year,No internet,Credit card,Yes,Yes,32.31,No,387.72,49-72 Months
CUST-00928,Male,49,54,Month-to-month,DSL,Credit card,Yes,No,83.01,No,996.12,49-72 Months
CUST-00929,Male,23,22,Two year,Fiber optic,Mailed check,No,No,85.33,Yes,1023.96,13-24 Months
CUST-00930,Female,31,4,One year,No internet,Mailed check,Yes,Yes,55.13,No,661.56,0-6 Months
CUST-00931,Female,67,24,Month-to-month,No internet,Bank transfer,No,Yes,48.63,No,583.56,13-24 Months
CUST-00932,Female,46,59,Month-to-month,Fiber optic,Bank transfer,Yes,Yes,51.97,Yes,623.64,49-72 Months
CUST-00933,Male,35,11,Two year,Fiber optic,Mailed check,No,No,62.29,No,747.48,7-12 Months
CUST-00934,Female,34,58,One year,DSL,Bank transfer,No,No,63.13,Yes,757.56,49-72 Months
CUST-00935,Male,62,34,One year,DSL,Credit card,No,Yes,86.27,No,1035.24,25-48 Months
CUST-00936,Female,33,11,One year,DSL,Bank transfer,Yes,Yes,57.04,Yes,684.48,7-12 Months
CUST-00937,Male,26,68,Month-to-month,Fiber optic,Electronic check,Yes,No,116.86,No,1402.32,49-72 Months
CUST-00938,Male,48,38,One year,Fiber optic,Credit card,No,Yes,116.66,No,1399.92,25-48 Months
CUST-00939,Male,70,49,Two year,Fiber optic,Electronic check,No,No,78.61,No,943.32,49-72 Months
CUST-00940,Female,27,7,Month-to-month,Fiber optic,Electronic check,No,Yes,62.35,No,748.2,7-12 Months
CUST-00941,Female,31,27,One year,DSL,Credit card,No,No,57.07,No,684.84,25-48 Months
CUST-00942,Male,42,46,Month-to-month,Fiber optic,Electronic check,No,Yes,80.87,No,970.44,25-48 Months
CUST-00943,Female,28,47,Month-to-month,Fiber optic,Electronic check,No,No,85.77,No,1029.24,25-48 Months
CUST-00944,Male,52,5,Month-to-month,DSL,Bank transfer,No,No,66.37,No,796.44,0-6 Months
CUST-00945,Male,31,44,Two year,Fiber optic,Credit card,Yes,Yes,60.99,No,731.88,25-48 Months
CUST-00946,Male,24,69,Month-to-month,Fiber optic,Electronic check,No,No,81.88,No,982.56,49-72 Months
CUST-00947,Female,31,57,Month-to-month,No internet,Mailed check,No,Yes,73.93,No,887.16,49-72 Months
CUST-00948,Male,67,15,One year,Fiber optic,Electronic check,No,Yes,55.98,No,671.76,13-24 Months
CUST-00949,Female,67,66,Month-to-month,No internet,Mailed check,No,Yes,75.17,No,902.04,49-72 Months
CUST-00950,Male,44,50,One year,Fiber optic,Mailed check,No,Yes,55.05,No,660.6,49-72 Months
CUST-00951,Male,39,5,Two year,Fiber optic,Electronic check,No,Yes,50.95,No,611.4,0-6 Months
CUST-00952,Male,61,10,Month-to-month,DSL,Credit card,Yes,Yes,71.86,Yes,862.32,7-12 Months
CUST-00953,Female,28,67,Month-to-month,Fiber optic,Bank transfer,Yes,Yes,55.91,No,670.92,49-72 Months
CUST-00954,Male,52,16,Two year,DSL,Credit card,No,Yes,51.48,No,617.76,13-24 Months
CUST-00955,Female,54,7,Month-to-month,Fiber optic,Credit card,Yes,Yes,101.28,No,1215.36,7-12 Months
CUST-00956,Female,55,33,Month-to-month,DSL,Credit card,No,Yes,61.02,No,732.24,25-48 Months
CUST-00957,Male,29,38,Two year,Fiber optic,Bank transfer,No,No,123.61,No,1483.32,25-48 Months
CUST-00958,Female,55,42,Two year,DSL,Electronic check,No,Yes,89.55,No,1074.6,25-48 Months
CUST-00959,Female,50,48,One year,DSL,Credit card,Yes,No,49.02,No,588.24,25-48 Months
CUST-00960,Male,64,72,One year,DSL,Mailed check,No,Yes,104.47,No,1253.64,49-72 Months
CUST-00961,Male,27,55,Two year,Fiber optic,Electronic check,No,Yes,51.93,No,623.16,49-72 Months
CUST-00962,Male,50,2,One year,DSL,Mailed check,No,Yes,127.25,No,1527.0,0-6 Months
CUST-00963,Female,61,7,One year,DSL,Electronic check,No,Yes,78.33,No,939.96,7-12 Months
CUST-00964,Male,32,1,Two year,Fiber optic,Mailed check,No,No,87.19,No,1046.28,0-6 Months
CUST-00965,Female,57,29,One year,DSL,Bank transfer,No,Yes,72.87,No,874.44,25-48 Months
CUST-00966,Female,23,26,Month-to-month,Fiber optic,Mailed check,No,Yes,79.44,No,953.28,25-48 Months
CUST-00967,Female,56,68,Month-to-month,Fiber optic,Electronic check,No,Yes,65.58,Yes,786.96,49-72 Months
CUST-00968,Male,50,27,Month-to-month,DSL,Electronic check,No,No,46.08,No,552.96,25-48 Months
CUST-00969,Female,28,3,Month-to-month,Fiber optic,Credit card,No,Yes,81.51,Yes,978.12,0-6 Months
CUST-00970,Male,21,64,Month-to-month,Fiber optic,Mailed check,No,Yes,100.69,Yes,1208.28,49-72 Months
CUST-00971,Male,57,19,Month-to-month,DSL,Mailed check,No,Yes,38.66,No,463.92,13-24 Months
CUST-00972,Male,30,66,Two year,DSL,Bank transfer,No,Yes,115.13,No,1381.56,49-72 Months
CUST-00973,Male,44,56,Month-to-month,Fiber optic,Credit card,No,No,88.83,Yes,1065.96,49-72 Months
CUST-00974,Male,21,64,Month-to-month,Fiber optic,Mailed check,No,Yes,59.77,No,717.24,49-72 Months
CUST-00975,Male,69,60,Month-to-month,Fiber optic,Bank transfer,Yes,Yes,59.27,No,711.24,49-72 Months
CUST-00976,Male,47,11,Month-to-month,DSL,Electronic check,Yes,Yes,124.2,No,1490.4,7-12 Months
CUST-00977,Male,67,46,One year,DSL,Credit card,Yes,No,98.28,No,1179.36,25-48 Months
CUST-00978,Female,26,30,Month-to-month,DSL,Bank transfer,Yes,Yes,103.92,No,1247.04,25-48 Months
CUST-00979,Male,28,46,Month-to-month,DSL,Bank transfer,No,No,64.97,Yes,779.64,25-48 Months
CUST-00980,Female,50,54,Two year,No internet,Electronic check,No,No,87.55,Yes,1050.6,49-72 Months
CUST-00981,Female,50,37,Month-to-month,Fiber optic,Bank transfer,Yes,Yes,81.78,No,981.36,25-48 Months
CUST-00982,Female,59,23,Month-to-month,Fiber optic,Mailed check,No,No,67.11,No,805.32,13-24 Months
CUST-00983,Female,67,66,Two year,Fiber optic,Mailed check,No,Yes,75.06,No,900.72,49-72 Months
CUST-00984,Female,61,48,One year,Fiber optic,Bank transfer,No,Yes,103.08,Yes,1236.96,25-48 Months
CUST-00985,Female,25,64,One year,Fiber optic,Credit card,No,Yes,116.79,No,1401.48,49-72 Months
CUST-00986,Female,34,18,Two year,No internet,Mailed check,No,Yes,64.96,No,779.52,13-24 Months
CUST-00987,Female,66,61,Two year,Fiber optic,Credit card,Yes,Yes,35.23,No,422.76,49-72 Months
CUST-00988,Male,47,24,Month-to-month,Fiber optic,Electronic check,No,No,118.02,Yes,1416.24,13-24 Months
CUST-00989,Male,63,34,One year,DSL,Bank transfer,No,No,118.37,No,1420.44,25-48 Months
CUST-00990,Female,47,62,One year,No internet,Electronic check,Yes,No,83.21,No,998.52,49-72 Months
CUST-00991,Male,20,26,Month-to-month,Fiber optic,Electronic check,No,Yes,122.19,Yes,1466.28,25-48 Months
CUST-00992,Female,43,19,Two year,DSL,Credit card,No,Yes,81.17,No,974.04,13-24 Months
CUST-00993,Male,61,66,Month-to-month,DSL,Electronic check,Yes,Yes,46.55,No,558.6,49-72 Months
CUST-00994,Male,52,70,Two year,Fiber optic,Credit card,No,No,35.26,No,423.12,49-72 Months
CUST-00995,Female,25,23,One year,DSL,Electronic check,Yes,Yes,34.99,No,419.88,13-24 Months
CUST-00996,Female,29,23,Month-to-month,Fiber optic,Bank transfer,Yes,Yes,72.13,No,865.56,13-24 Months
CUST-00997,Female,63,17,Month-to-month,Fiber optic,Electronic check,No,No,58.95,Yes,707.4,13-24 Months
CUST-00998,Male,69,2,Two year,Fiber optic,Bank transfer,No,No,55.79,Yes,669.48,0-6 Months
CUST-00999,Female,57,40,One year,Fiber optic,Credit card,No,Yes,69.01,No,828.12,25-48 Months
CUST-01000,Female,23,19,Month-to-month,DSL,Mailed check,No,Yes,96.02,No,1152.24,13-24 Months
CUST-01001,Female,50,62,Month-to-month,DSL,Mailed check,No,Yes,56.68,Yes,680.16,49-72 Months
CUST-01002,Female,61,13,One year,Fiber optic,Credit card,No,No,51.97,No,623.64,13-24 Months
CUST-01003,Female,51,46,Month-to-month,DSL,Bank transfer,Yes,No,58.53,No,702.36,25-48 Months
CUST-01004,Female,49,37,One year,Fiber optic,Electronic check,No,No,97.79,Yes,1173.48,25-48 Months
CUST-01005,Male,42,45,One year,Fiber optic,Bank transfer,No,Yes,70.04,No,840.48,25-48 Months
CUST-01006,Female,30,9,Month-to-month,DSL,Bank transfer,No,Yes,79.84,No,958.08,7-12 Months
CUST-01007,Female,32,34,One year,Fiber optic,Bank transfer,No,Yes,115.48,No,1385.76,25-48 Months
CUST-01008,Female,57,46,Month-to-month,DSL,Electronic check,No,Yes,151.61,No,1819.32,25-48 Months
CUST-01009,Female,21,25,Two year,Fiber optic,Mailed check,No,No,89.93,No,1079.16,25-48 Months
CUST-01010,Female,22,63,Two year,DSL,Credit card,No,Yes,87.16,Yes,1045.92,49-72 Months
CUST-01011,Male,39,39,Month-to-month,Fiber optic,Bank transfer,No,Yes,38.83,No,465.96,25-48 Months
CUST-01012,Female,59,27,Month-to-month,Fiber optic,Mailed check,No,Yes,82.32,No,987.84,25-48 Months
CUST-01013,Male,52,3,Month-to-month,DSL,Credit card,No,Yes,73.74,No,884.88,0-6 Months
CUST-01014,Male,49,13,Two year,DSL,Electronic check,Yes,Yes,96.98,No,1163.76,13-24 Months
CUST-01015,Female,46,35,Month-to-month,Fiber optic,Mailed check,Yes,Yes,61.03,No,732.36,25-48 Months
CUST-01016,Female,23,29,One year,DSL,Bank transfer,Yes,No,77.62,No,931.44,25-48 Months
CUST-01017,Male,35,63,Two year,Fiber optic,Bank transfer,No,No,88.95,No,1067.4,49-72 Months
CUST-01018,Male,22,57,Month-to-month,Fiber optic,Credit card,Yes,No,125.16,No,1501.92,49-72 Months
CUST-01019,Male,58,12,One year,Fiber optic,Bank transfer,No,No,115.79,No,1389.48,7-12 Months
CUST-01020,Male,57,43,Month-to-month,DSL,Electronic check,No,Yes,107.45,Yes,1289.4,25-48 Months
CUST-01021,Male,31,33,One year,DSL,Mailed check,No,No,92.36,Yes,1108.32,25-48 Months
CUST-01022,Male,33,8,Month-to-month,DSL,Electronic check,No,Yes,59.92,No,719.04,7-12 Months
CUST-01023,Female,34,48,Two year,DSL,Credit card,No,Yes,92.34,No,1108.08,25-48 Months
CUST-01024,Female,65,39,Month-to-month,Fiber optic,Electronic check,No,Yes,50.38,No,604.56,25-48 Months
CUST-01025,Female,43,7,Month-to-month,Fiber optic,Mailed check,No,Yes,66.23,Yes,794.76,7-12 Months
CUST-01026,Male,58,34,Two year,Fiber optic,Mailed check,No,No,121.79,No,1461.48,25-48 Months
CUST-01027,Male,41,53,Two year,DSL,Electronic check,No,Yes,87.06,No,1044.72,49-72 Months
CUST-01028,Male,55,24,One year,Fiber optic,Electronic check,No,Yes,78.36,No,940.32,13-24 Months
CUST-01029,Female,46,26,One year,DSL,Bank transfer,No,Yes,81.96,No,983.52,25-48 Months
CUST-01030,Male,32,8,Month-to-month,DSL,Electronic check,No,Yes,69.37,No,832.44,7-12 Months
CUST-01031,Male,64,15,One year,DSL,Credit card,No,No,20.0,No,240.0,13-24 Months
CUST-01032,Male,55,71,Month-to-month,Fiber optic,Credit card,No,Yes,36.6,No,439.2,49-72 Months
CUST-01033,Female,58,45,Month-to-month,Fiber optic,Electronic check,No,Yes,89.28,Yes,1071.36,25-48 Months
CUST-01034,Male,68,13,Two year,No internet,Credit card,No,No,46.22,No,554.64,13-24 Months
CUST-01035,Male,31,35,One year,DSL,Electronic check,No,No,68.99,No,827.88,25-48 Months
CUST-01036,Female,22,14,Month-to-month,DSL,Electronic check,No,Yes,37.63,Yes,451.56,13-24 Months
CUST-01037,Female,48,32,Month-to-month,DSL,Electronic check,Yes,Yes,51.88,No,622.56,25-48 Months
CUST-01038,Male,35,11,Two year,No internet,Credit card,Yes,No,71.88,No,862.56,7-12 Months
CUST-01039,Male,41,45,Month-to-month,Fiber optic,Bank transfer,No,Yes,97.87,No,1174.44,25-48 Months
CUST-01040,Female,30,42,Month-to-month,No internet,Electronic check,No,Yes,103.48,No,1241.76,25-48 Months
CUST-01041,Female,39,46,Month-to-month,Fiber optic,Bank transfer,No,Yes,51.43,No,617.16,25-48 Months
CUST-01042,Female,38,32,Month-to-month,No internet,Bank transfer,No,Yes,80.59,Yes,967.08,25-48 Months
CUST-01043,Male,36,21,Month-to-month,Fiber optic,Bank transfer,No,No,32.09,No,385.08,13-24 Months
CUST-01044,Male,57,18,Two year,Fiber optic,Mailed check,No,No,73.58,Yes,882.96,13-24 Months
CUST-01045,Female,49,16,Month-to-month,Fiber optic,Credit card,No,Yes,98.69,Yes,1184.28,13-24 Months
CUST-01046,Male,43,31,Month-to-month,DSL,Bank transfer,No,No,70.12,No,841.44,25-48 Months
CUST-01047,Male,23,33,One year,No internet,Electronic check,Yes,No,108.84,Yes,1306.08,25-48 Months
CUST-01048,Female,48,49,One year,Fiber optic,Credit card,No,Yes,95.43,No,1145.16,49-72 Months
CUST-01049,Female,27,4,One year,Fiber optic,Electronic check,No,No,78.76,No,945.12,0-6 Months
CUST-01050,Male,34,21,One year,Fiber optic,Bank transfer,No,No,65.01,No,780.12,13-24 Months
CUST-01051,Female,39,62,One year,Fiber optic,Bank transfer,Yes,Yes,57.04,No,684.48,49-72 Months
CUST-01052,Male,25,66,One year,DSL,Electronic check,No,Yes,31.18,No,374.16,49-72 Months
CUST-01053,Female,38,68,One year,Fiber optic,Electronic check,Yes,No,35.74,Yes,428.88,49-72 Months
CUST-01054,Female,32,23,One year,No internet,Bank transfer,No,No,99.86,No,1198.32,13-24 Months
CUST-01055,Male,63,10,One year,No internet,Credit card,No,Yes,114.38,Yes,1372.56,7-12 Months
CUST-01056,Female,63,15,Month-to-month,Fiber optic,Credit card,No,Yes,41.73,No,500.76,13-24 Months
CUST-01057,Male,18,10,One year,DSL,Bank transfer,No,No,73.91,No,886.92,7-12 Months
CUST-01058,Female,49,69,One year,No internet,Electronic check,No,Yes,27.91,No,334.92,49-72 Months
CUST-01059,Male,51,64,Month-to-month,DSL,Electronic check,Yes,No,44.65,No,535.8,49-72 Months
CUST-01060,Male,38,59,Two year,DSL,Bank transfer,No,No,79.28,No,951.36,49-72 Months
CUST-01061,Female,42,53,Month-to-month,Fiber optic,Mailed check,No,Yes,57.48,No,689.76,49-72 Months
CUST-01062,Female,59,25,Month-to-month,Fiber optic,Bank transfer,No,No,20.0,No,240.0,25-48 Months
CUST-01063,Male,38,35,Two year,DSL,Electronic check,No,No,120.13,No,1441.56,25-48 Months
CUST-01064,Female,21,61,Month-to-month,Fiber optic,Electronic check,Yes,Yes,70.62,No,847.44,49-72 Months
CUST-01065,Female,37,59,Month-to-month,DSL,Bank transfer,No,Yes,41.08,Yes,492.96,49-72 Months
CUST-01066,Male,31,38,Month-to-month,DSL,Bank transfer,Yes,Yes,75.58,No,906.96,25-48 Months
CUST-01067,Female,38,61,Two year,Fiber optic,Bank transfer,Yes,No,69.74,No,836.88,49-72 Months
CUST-01068,Female,30,25,Month-to-month,Fiber optic,Electronic check,No,No,83.81,Yes,1005.72,25-48 Months
CUST-01069,Male,25,30,One year,Fiber optic,Credit card,Yes,Yes,62.48,No,749.76,25-48 Months
CUST-01070,Male,70,61,One year,No internet,Mailed check,Yes,No,80.8,No,969.6,49-72 Months
CUST-01071,Female,24,28,One year,Fiber optic,Bank transfer,No,Yes,98.42,No,1181.04,25-48 Months
CUST-01072,Male,55,55,Two year,Fiber optic,Bank transfer,No,Yes,35.09,No,421.08,49-72 Months
CUST-01073,Female,56,33,Two year,No internet,Mailed check,No,Yes,52.59,No,631.08,25-48 Months
CUST-01074,Female,50,22,Month-to-month,DSL,Bank transfer,No,No,95.5,No,1146.0,13-24 Months
CUST-01075,Male,66,16,Two year,DSL,Bank transfer,Yes,Yes,56.56,No,678.72,13-24 Months
CUST-01076,Male,18,44,Month-to-month,DSL,Mailed check,No,No,69.71,No,836.52,25-48 Months
CUST-01077,Female,33,35,Month-to-month,Fiber optic,Bank transfer,No,Yes,58.83,No,705.96,25-48 Months
CUST-01078,Male,27,27,Month-to-month,No internet,Electronic check,Yes,Yes,60.58,No,726.96,25-48 Months
CUST-01079,Male,48,54,One year,DSL,Credit card,No,Yes,58.2,No,698.4,49-72 Months
CUST-01080,Female,51,1,Month-to-month,Fiber optic,Electronic check,No,Yes,36.76,Yes,441.12,0-6 Months
CUST-01081,Female,65,7,One year,Fiber optic,Electronic check,Yes,No,84.86,Yes,1018.32,7-12 Months
CUST-01082,Female,38,70,Month-to-month,Fiber optic,Bank transfer,No,Yes,101.74,No,1220.88,49-72 Months
CUST-01083,Female,30,48,Month-to-month,DSL,Electronic check,No,Yes,67.06,No,804.72,25-48 Months
CUST-01084,Female,66,40,Month-to-month,DSL,Credit card,No,Yes,98.58,No,1182.96,25-48 Months
CUST-01085,Male,53,2,Two year,DSL,Mailed check,Yes,No,58.25,No,699.0,0-6 Months
CUST-01086,Female,58,44,Month-to-month,No internet,Electronic check,No,Yes,56.6,Yes,679.2,25-48 Months
CUST-01087,Female,41,32,Month-to-month,DSL,Electronic check,Yes,No,83.5,No,1002.0,25-48 Months
CUST-01088,Female,41,44,Month-to-month,DSL,Electronic check,No,Yes,83.97,Yes,1007.64,25-48 Months
CUST-01089,Female,38,3,Month-to-month,DSL,Electronic check,No,Yes,68.84,Yes,826.08,0-6 Months
CUST-01090,Male,57,40,One year,DSL,Electronic check,No,No,90.94,No,1091.28,25-48 Months
CUST-01091,Female,29,42,Month-to-month,Fiber optic,Electronic check,No,Yes,35.96,Yes,431.52,25-48 Months
CUST-01092,Male,69,21,Month-to-month,DSL,Electronic check,No,No,63.49,Yes,761.88,13-24 Months
CUST-01093,Female,27,4,Two year,DSL,Mailed check,Yes,No,99.01,No,1188.12,0-6 Months
CUST-01094,Male,42,70,Month-to-month,Fiber optic,Electronic check,No,No,98.94,Yes,1187.28,49-72 Months
CUST-01095,Male,34,52,Month-to-month,DSL,Electronic check,No,Yes,95.41,Yes,1144.92,49-72 Months
CUST-01096,Male,52,45,One year,DSL,Electronic check,Yes,No,100.58,No,1206.96,25-48 Months
CUST-01097,Female,54,56,One year,Fiber optic,Electronic check,No,Yes,61.57,No,738.84,49-72 Months
CUST-01098,Female,66,49,One year,DSL,Electronic check,No,Yes,24.25,Yes,291.0,49-72 Months
CUST-01099,Male,59,10,Month-to-month,Fiber optic,Electronic check,No,Yes,64.75,Yes,777.0,7-12 Months
CUST-01100,Male,31,33,Month-to-month,DSL,Mailed check,No,Yes,89.81,Yes,1077.72,25-48 Months
CUST-01101,Male,28,64,Month-to-month,DSL,Credit card,No,Yes,94.38,Yes,1132.56,49-72 Months
CUST-01102,Male,64,21,Month-to-month,Fiber optic,Electronic check,No,No,57.26,Yes,687.12,13-24 Months
CUST-01103,Female,43,70,Month-to-month,Fiber optic,Electronic check,No,Yes,44.9,No,538.8,49-72 Months
CUST-01104,Male,23,5,Two year,Fiber optic,Bank transfer,No,Yes,47.68,No,572.16,0-6 Months
CUST-01105,Male,61,24,One year,Fiber optic,Mailed check,No,Yes,56.78,No,681.36,13-24 Months
CUST-01106,Male,52,26,Month-to-month,DSL,Electronic check,Yes,Yes,20.0,No,240.0,25-48 Months
CUST-01107,Male,19,45,Month-to-month,Fiber optic,Bank transfer,No,Yes,57.24,No,686.88,25-48 Months
CUST-01108,Female,59,13,One year,No internet,Bank transfer,No,No,73.34,Yes,880.08,13-24 Months
CUST-01109,Female,50,17,Month-to-month,Fiber optic,Credit card,No,Yes,69.26,Yes,831.12,13-24 Months
CUST-01110,Male,50,48,Month-to-month,Fiber optic,Credit card,No,No,62.75,No,753.0,25-48 Months
CUST-01111,Female,63,21,Month-to-month,No internet,Bank transfer,No,Yes,52.7,No,632.4,13-24 Months
CUST-01112,Male,44,64,One year,DSL,Bank transfer,No,Yes,55.96,No,671.52,49-72 Months
CUST-01113,Male,42,63,One year,DSL,Mailed check,No,Yes,56.46,No,677.52,49-72 Months
CUST-01114,Male,50,22,Month-to-month,DSL,Credit card,No,Yes,91.75,No,1101.0,13-24 Months
CUST-01115,Male,28,41,Month-to-month,No internet,Mailed check,No,No,71.97,No,863.64,25-48 Months
CUST-01116,Male,26,24,One year,Fiber optic,Electronic check,No,No,160.0,No,1920.0,13-24 Months
CUST-01117,Female,62,25,One year,Fiber optic,Electronic check,No,Yes,62.69,No,752.28,25-48 Months
CUST-01118,Female,29,49,One year,No internet,Bank transfer,No,Yes,84.26,No,1011.12,49-72 Months
CUST-01119,Female,44,22,Month-to-month,Fiber optic,Mailed check,No,No,63.32,Yes,759.84,13-24 Months
CUST-01120,Male,32,11,One year,DSL,Credit card,No,Yes,62.64,No,751.68,7-12 Months
CUST-01121,Male,30,19,Two year,DSL,Electronic check,Yes,No,115.75,No,1389.0,13-24 Months
CUST-01122,Male,49,67,One year,DSL,Credit card,Yes,Yes,99.93,No,1199.16,49-72 Months
CUST-01123,Male,60,19,Month-to-month,DSL,Electronic check,No,Yes,22.87,No,274.44,13-24 Months
CUST-01124,Male,41,27,One year,No internet,Bank transfer,No,Yes,43.37,No,520.44,25-48 Months
CUST-01125,Female,25,46,Month-to-month,Fiber optic,Mailed check,No,Yes,68.19,Yes,818.28,25-48 Months
CUST-01126,Female,30,8,Month-to-month,DSL,Electronic check,No,Yes,57.52,No,690.24,7-12 Months
CUST-01127,Female,26,20,Month-to-month,DSL,Mailed check,Yes,Yes,29.77,No,357.24,13-24 Months
CUST-01128,Female,64,13,Two year,Fiber optic,Electronic check,Yes,No,75.24,No,902.88,13-24 Months
CUST-01129,Female,34,67,Month-to-month,No internet,Electronic check,No,Yes,20.0,Yes,240.0,49-72 Months
CUST-01130,Female,37,68,Two year,DSL,Credit card,Yes,No,75.55,No,906.6,49-72 Months
CUST-01131,Male,21,55,Month-to-month,Fiber optic,Electronic check,No,Yes,92.44,Yes,1109.28,49-72 Months
CUST-01132,Female,41,18,Month-to-month,DSL,Bank transfer,No,Yes,96.44,Yes,1157.28,13-24 Months
CUST-01133,Female,66,45,Month-to-month,No internet,Bank transfer,No,Yes,67.96,No,815.52,25-48 Months
CUST-01134,Female,39,48,One year,Fiber optic,Electronic check,Yes,No,114.3,Yes,1371.6,25-48 Months
CUST-01135,Female,52,63,Month-to-month,DSL,Credit card,No,No,81.29,No,975.48,49-72 Months
CUST-01136,Male,27,12,Month-to-month,Fiber optic,Bank transfer,No,No,95.68,No,1148.16,7-12 Months
CUST-01137,Female,25,54,Month-to-month,Fiber optic,Credit card,No,No,51.38,Yes,616.56,49-72 Months
CUST-01138,Male,56,14,Month-to-month,Fiber optic,Credit card,No,Yes,114.61,No,1375.32,13-24 Months
CUST-01139,Female,21,41,Month-to-month,DSL,Bank transfer,No,Yes,71.92,Yes,863.04,25-48 Months
CUST-01140,Female,41,64,Month-to-month,Fiber optic,Credit card,No,Yes,116.15,No,1393.8,49-72 Months
CUST-01141,Female,34,5,Month-to-month,Fiber optic,Electronic check,Yes,No,110.03,Yes,1320.36,0-6 Months
CUST-01142,Male,18,11,Two year,DSL,Electronic check,No,Yes,79.21,No,950.52,7-12 Months
CUST-01143,Female,46,59,Month-to-month,Fiber optic,Bank transfer,No,No,83.36,Yes,1000.32,49-72 Months
CUST-01144,Female,69,2,Month-to-month,Fiber optic,Electronic check,Yes,No,66.96,Yes,803.52,0-6 Months
CUST-01145,Male,21,50,Month-to-month,Fiber optic,Bank transfer,No,Yes,49.06,No,588.72,49-72 Months
CUST-01146,Male,61,37,Month-to-month,DSL,Mailed check,No,Yes,88.67,Yes,1064.04,25-48 Months
CUST-01147,Female,46,25,One year,DSL,Electronic check,No,Yes,87.23,No,1046.76,25-48 Months
CUST-01148,Female,56,63,Month-to-month,DSL,Credit card,No,Yes,26.68,No,320.16,49-72 Months
CUST-01149,Female,23,62,Month-to-month,Fiber optic,Electronic check,Yes,Yes,69.68,Yes,836.16,49-72 Months
CUST-01150,Female,64,24,One year,DSL,Electronic check,No,Yes,96.3,Yes,1155.6,13-24 Months
CUST-01151,Male,18,1,Month-to-month,DSL,Bank transfer,Yes,No,113.04,No,1356.48,0-6 Months
CUST-01152,Female,66,10,Two year,Fiber optic,Bank transfer,No,No,92.31,No,1107.72,7-12 Months
CUST-01153,Male,52,8,Two year,Fiber optic,Credit card,No,Yes,29.52,Yes,354.24,7-12 Months
CUST-01154,Female,35,71,Month-to-month,Fiber optic,Electronic check,No,Yes,42.48,No,509.76,49-72 Months
CUST-01155,Male,18,43,Month-to-month,Fiber optic,Credit card,No,No,62.31,No,747.72,25-48 Months
CUST-01156,Female,50,49,Month-to-month,Fiber optic,Bank transfer,Yes,Yes,111.17,No,1334.04,49-72 Months
CUST-01157,Male,22,17,Month-to-month,No internet,Credit card,No,No,55.0,No,660.0,13-24 Months
CUST-01158,Female,50,62,Month-to-month,DSL,Electronic check,No,Yes,101.64,Yes,1219.68,49-72 Months
CUST-01159,Male,58,53,One year,DSL,Mailed check,No,No,54.55,No,654.6,49-72 Months
CUST-01160,Male,32,55,Month-to-month,Fiber optic,Mailed check,No,No,86.91,No,1042.92,49-72 Months
CUST-01161,Female,30,34,Month-to-month,DSL,Bank transfer,No,No,45.68,No,548.16,25-48 Months
CUST-01162,Male,29,51,Month-to-month,DSL,Electronic check,No,No,66.57,Yes,798.84,49-72 Months
CUST-01163,Female,29,40,Two year,No internet,Mailed check,No,Yes,40.31,No,483.72,25-48 Months
CUST-01164,Female,24,28,Two year,Fiber optic,Bank transfer,No,Yes,112.41,No,1348.92,25-48 Months
CUST-01165,Female,31,43,Month-to-month,DSL,Mailed check,Yes,No,52.54,No,630.48,25-48 Months
CUST-01166,Male,52,24,One year,Fiber optic,Mailed check,No,Yes,28.68,Yes,344.16,13-24 Months
CUST-01167,Male,34,69,Month-to-month,DSL,Electronic check,No,Yes,26.46,Yes,317.52,49-72 Months
CUST-01168,Male,59,52,One year,No internet,Credit card,No,Yes,69.61,No,835.32,49-72 Months
CUST-01169,Female,61,54,One year,DSL,Bank transfer,No,Yes,59.17,No,710.04,49-72 Months
CUST-01170,Female,58,52,Two year,DSL,Mailed check,No,Yes,90.16,No,1081.92,49-72 Months
CUST-01171,Female,46,33,Month-to-month,No internet,Credit card,No,Yes,65.42,No,785.04,25-48 Months
CUST-01172,Female,34,69,Month-to-month,No internet,Bank transfer,Yes,Yes,104.65,No,1255.8,49-72 Months
CUST-01173,Male,67,15,Two year,Fiber optic,Electronic check,No,Yes,61.21,No,734.52,13-24 Months
CUST-01174,Male,28,41,Month-to-month,Fiber optic,Bank transfer,No,No,100.74,No,1208.88,25-48 Months
CUST-01175,Male,42,5,Month-to-month,DSL,Credit card,No,Yes,45.33,Yes,543.96,0-6 Months
CUST-01176,Male,42,22,One year,No internet,Electronic check,No,No,29.91,No,358.92,13-24 Months
CUST-01177,Male,57,42,One year,DSL,Bank transfer,No,No,48.95,No,587.4,25-48 Months
CUST-01178,Male,46,36,One year,Fiber optic,Electronic check,Yes,Yes,40.4,No,484.8,25-48 Months
CUST-01179,Male,60,68,One year,DSL,Credit card,Yes,Yes,37.26,No,447.12,49-72 Months
CUST-01180,Male,66,45,One year,Fiber optic,Bank transfer,Yes,Yes,83.58,No,1002.96,25-48 Months
CUST-01181,Female,38,30,Month-to-month,Fiber optic,Credit card,No,No,64.6,No,775.2,25-48 Months
CUST-01182,Female,64,31,One year,Fiber optic,Bank transfer,Yes,Yes,75.97,No,911.64,25-48 Months
CUST-01183,Female,26,45,One year,Fiber optic,Electronic check,No,Yes,86.77,No,1041.24,25-48 Months
CUST-01184,Male,66,57,Two year,DSL,Mailed check,No,Yes,24.8,No,297.6,49-72 Months
CUST-01185,Male,27,20,Month-to-month,Fiber optic,Credit card,No,No,87.96,No,1055.52,13-24 Months
CUST-01186,Male,63,43,Month-to-month,Fiber optic,Electronic check,No,Yes,38.25,Yes,459.0,25-48 Months
CUST-01187,Male,38,42,One year,DSL,Electronic check,No,Yes,55.85,No,670.2,25-48 Months
CUST-01188,Female,69,1,Month-to-month,Fiber optic,Bank transfer,No,No,20.0,Yes,240.0,0-6 Months
CUST-01189,Female,24,66,Month-to-month,Fiber optic,Mailed check,No,Yes,90.33,Yes,1083.96,49-72 Months
CUST-01190,Male,42,42,Two year,Fiber optic,Electronic check,No,No,24.71,No,296.52,25-48 Months
CUST-01191,Male,65,18,Month-to-month,Fiber optic,Electronic check,No,No,38.4,No,460.8,13-24 Months
CUST-01192,Male,20,46,Month-to-month,DSL,Electronic check,No,Yes,40.43,Yes,485.16,25-48 Months
CUST-01193,Male,32,49,Month-to-month,Fiber optic,Bank transfer,No,Yes,68.39,No,820.68,49-72 Months
CUST-01194,Female,22,66,Month-to-month,Fiber optic,Mailed check,Yes,Yes,67.54,No,810.48,49-72 Months
CUST-01195,Female,35,3,One year,Fiber optic,Mailed check,No,No,94.73,No,1136.76,0-6 Months
CUST-01196,Female,38,30,Month-to-month,Fiber optic,Credit card,No,No,69.07,Yes,828.84,25-48 Months
CUST-01197,Female,50,13,Month-to-month,Fiber optic,Electronic check,No,Yes,99.04,Yes,1188.48,13-24 Months
CUST-01198,Female,31,42,Month-to-month,Fiber optic,Bank transfer,No,No,82.62,No,991.44,25-48 Months
CUST-01199,Female,26,37,Month-to-month,Fiber optic,Mailed check,No,Yes,45.53,No,546.36,25-48 Months
CUST-01200,Female,27,35,Month-to-month,Fiber optic,Mailed check,No,Yes,53.32,No,639.84,25-48 Months
CUST-01201,Female,67,71,Month-to-month,No internet,Mailed check,No,Yes,114.3,Yes,1371.6,49-72 Months
CUST-01202,Male,68,39,Month-to-month,Fiber optic,Bank transfer,No,No,106.37,Yes,1276.44,25-48 Months
CUST-01203,Female,29,30,Month-to-month,Fiber optic,Credit card,No,Yes,95.07,No,1140.84,25-48 Months
CUST-01204,Female,28,5,Month-to-month,DSL,Electronic check,No,No,98.75,Yes,1185.0,0-6 Months
CUST-01205,Female,20,21,Month-to-month,Fiber optic,Electronic check,Yes,Yes,85.02,No,1020.24,13-24 Months
CUST-01206,Female,68,65,Month-to-month,DSL,Mailed check,No,No,81.38,No,976.56,49-72 Months
CUST-01207,Female,55,33,Month-to-month,Fiber optic,Mailed check,Yes,No,73.39,Yes,880.68,25-48 Months
CUST-01208,Female,58,66,Month-to-month,DSL,Electronic check,Yes,Yes,119.57,No,1434.84,49-72 Months
CUST-01209,Male,33,39,Month-to-month,No internet,Credit card,No,Yes,58.99,Yes,707.88,25-48 Months
CUST-01210,Female,51,40,Month-to-month,Fiber optic,Credit card,No,No,78.73,No,944.76,25-48 Months
CUST-01211,Female,21,31,One year,Fiber optic,Mailed check,No,Yes,24.17,No,290.04,25-48 Months
CUST-01212,Female,53,41,Month-to-month,DSL,Mailed check,No,Yes,31.94,No,383.28,25-48 Months
CUST-01213,Male,48,5,One year,No internet,Electronic check,No,Yes,122.82,Yes,1473.84,0-6 Months
CUST-01214,Female,35,5,One year,Fiber optic,Mailed check,No,Yes,89.27,No,1071.24,0-6 Months
CUST-01215,Male,55,35,Month-to-month,DSL,Bank transfer,No,No,66.04,Yes,792.48,25-48 Months
CUST-01216,Male,52,44,Month-to-month,Fiber optic,Credit card,Yes,Yes,74.19,No,890.28,25-48 Months
CUST-01217,Female,41,40,Month-to-month,DSL,Mailed check,Yes,Yes,33.97,No,407.64,25-48 Months
CUST-01218,Female,27,31,Month-to-month,Fiber optic,Electronic check,No,No,60.01,No,720.12,25-48 Months
CUST-01219,Female,19,22,Month-to-month,DSL,Electronic check,No,No,31.17,No,374.04,13-24 Months
CUST-01220,Male,67,52,Month-to-month,Fiber optic,Electronic check,No,Yes,63.73,Yes,764.76,49-72 Months
CUST-01221,Female,32,44,Two year,DSL,Credit card,No,Yes,91.05,No,1092.6,25-48 Months
CUST-01222,Female,33,4,Month-to-month,Fiber optic,Credit card,No,Yes,84.69,Yes,1016.28,0-6 Months
CUST-01223,Female,54,33,One year,DSL,Credit card,No,Yes,116.5,No,1398.0,25-48 Months
CUST-01224,Female,31,52,One year,DSL,Credit card,No,No,80.25,No,963.0,49-72 Months
CUST-01225,Male,37,57,Month-to-month,DSL,Electronic check,No,Yes,20.0,No,240.0,49-72 Months
CUST-01226,Female,55,21,Two year,No internet,Bank transfer,Yes,Yes,126.62,No,1519.44,13-24 Months
CUST-01227,Male,49,67,Two year,DSL,Bank transfer,No,Yes,48.46,No,581.52,49-72 Months
CUST-01228,Female,52,47,Month-to-month,DSL,Electronic check,Yes,Yes,76.54,Yes,918.48,25-48 Months
CUST-01229,Male,18,32,Month-to-month,Fiber optic,Mailed check,No,No,74.85,No,898.2,25-48 Months
CUST-01230,Male,41,46,Month-to-month,No internet,Bank transfer,Yes,Yes,78.75,No,945.0,25-48 Months
CUST-01231,Female,43,63,Month-to-month,DSL,Credit card,No,Yes,73.35,No,880.2,49-72 Months
CUST-01232,Female,51,17,Month-to-month,Fiber optic,Electronic check,Yes,Yes,73.84,No,886.08,13-24 Months
CUST-01233,Female,26,11,Month-to-month,Fiber optic,Credit card,No,Yes,34.99,No,419.88,7-12 Months
CUST-01234,Female,26,32,Month-to-month,DSL,Credit card,No,Yes,144.44,No,1733.28,25-48 Months
CUST-01235,Female,58,7,One year,DSL,Credit card,No,No,90.24,No,1082.88,7-12 Months
CUST-01236,Male,53,61,Month-to-month,DSL,Electronic check,No,Yes,73.45,No,881.4,49-72 Months
CUST-01237,Male,60,70,Month-to-month,DSL,Electronic check,No,Yes,123.57,No,1482.84,49-72 Months
CUST-01238,Male,32,44,Month-to-month,Fiber optic,Bank transfer,No,Yes,41.99,Yes,503.88,25-48 Months
CUST-01239,Male,70,71,One year,No internet,Electronic check,Yes,No,96.31,No,1155.72,49-72 Months
CUST-01240,Male,32,5,One year,DSL,Electronic check,Yes,Yes,56.46,No,677.52,0-6 Months
CUST-01241,Female,52,46,Month-to-month,DSL,Bank transfer,No,Yes,83.27,No,999.24,25-48 Months
CUST-01242,Female,26,32,One year,DSL,Electronic check,No,Yes,83.88,No,1006.56,25-48 Months
CUST-01243,Female,66,20,Month-to-month,DSL,Mailed check,No,Yes,20.0,Yes,240.0,13-24 Months
CUST-01244,Male,35,23,One year,DSL,Credit card,Yes,Yes,31.91,No,382.92,13-24 Months
CUST-01245,Female,60,40,One year,DSL,Mailed check,No,No,116.42,No,1397.04,25-48 Months
CUST-01246,Female,35,47,Month-to-month,No internet,Credit card,No,Yes,64.94,Yes,779.28,25-48 Months
CUST-01247,Female,59,12,One year,DSL,Mailed check,No,No,128.04,No,1536.48,7-12 Months
CUST-01248,Male,42,45,Two year,Fiber optic,Mailed check,Yes,Yes,108.68,No,1304.16,25-48 Months
CUST-01249,Male,21,67,One year,Fiber optic,Electronic check,No,No,65.83,No,789.96,49-72 Months
CUST-01250,Female,28,1,Month-to-month,DSL,Mailed check,No,Yes,63.36,No,760.32,0-6 Months
CUST-01251,Male,54,64,One year,DSL,Electronic check,No,Yes,118.16,No,1417.92,49-72 Months
CUST-01252,Male,28,44,Month-to-month,DSL,Credit card,Yes,No,130.88,No,1570.56,25-48 Months
CUST-01253,Male,32,25,One year,No internet,Credit card,No,Yes,63.98,No,767.76,25-48 Months
CUST-01254,Female,46,53,Two year,Fiber optic,Electronic check,No,Yes,115.07,Yes,1380.84,49-72 Months
CUST-01255,Female,31,45,Month-to-month,Fiber optic,Electronic check,No,No,100.84,Yes,1210.08,25-48 Months
CUST-01256,Male,24,56,Month-to-month,DSL,Bank transfer,No,No,105.67,Yes,1268.04,49-72 Months
CUST-01257,Male,51,6,Month-to-month,No internet,Mailed check,No,No,74.83,No,897.96,0-6 Months
CUST-01258,Female,54,5,Month-to-month,Fiber optic,Electronic check,Yes,Yes,53.17,No,638.04,0-6 Months
CUST-01259,Female,56,47,Month-to-month,Fiber optic,Electronic check,No,Yes,42.48,No,509.76,25-48 Months
CUST-01260,Female,68,22,Month-to-month,Fiber optic,Electronic check,No,Yes,35.48,Yes,425.76,13-24 Months
CUST-01261,Male,24,18,One year,DSL,Mailed check,No,Yes,125.5,No,1506.0,13-24 Months
CUST-01262,Female,40,31,Month-to-month,DSL,Electronic check,No,Yes,72.31,Yes,867.72,25-48 Months
CUST-01263,Male,30,53,Month-to-month,Fiber optic,Bank transfer,No,No,39.95,No,479.4,49-72 Months
CUST-01264,Female,65,13,One year,Fiber optic,Electronic check,No,No,100.07,No,1200.84,13-24 Months
CUST-01265,Male,46,71,Month-to-month,DSL,Mailed check,No,Yes,58.59,No,703.08,49-72 Months
CUST-01266,Male,23,31,Month-to-month,DSL,Mailed check,No,Yes,53.77,Yes,645.24,25-48 Months
CUST-01267,Male,54,11,One year,DSL,Electronic check,No,Yes,129.9,No,1558.8,7-12 Months
CUST-01268,Male,20,6,Two year,Fiber optic,Credit card,No,Yes,34.74,No,416.88,0-6 Months
CUST-01269,Female,32,62,One year,Fiber optic,Bank transfer,No,No,78.58,No,942.96,49-72 Months
CUST-01270,Male,56,9,Month-to-month,Fiber optic,Credit card,No,Yes,55.45,Yes,665.4,7-12 Months
CUST-01271,Male,44,31,Month-to-month,No internet,Mailed check,Yes,Yes,50.99,No,611.88,25-48 Months
CUST-01272,Male,58,49,Two year,Fiber optic,Mailed check,Yes,No,31.01,Yes,372.12,49-72 Months
CUST-01273,Female,48,37,One year,DSL,Electronic check,No,No,73.67,No,884.04,25-48 Months
CUST-01274,Female,62,19,One year,DSL,Mailed check,Yes,Yes,47.53,No,570.36,13-24 Months
CUST-01275,Female,47,8,One year,No internet,Bank transfer,Yes,Yes,88.56,No,1062.72,7-12 Months
CUST-01276,Female,21,52,Month-to-month,Fiber optic,Mailed check,Yes,Yes,70.68,No,848.16,49-72 Months
CUST-01277,Female,21,36,Month-to-month,Fiber optic,Electronic check,Yes,Yes,63.25,No,759.0,25-48 Months
CUST-01278,Female,59,4,One year,DSL,Electronic check,No,Yes,47.68,Yes,572.16,0-6 Months
CUST-01279,Male,20,14,Two year,Fiber optic,Electronic check,Yes,Yes,112.06,No,1344.72,13-24 Months
CUST-01280,Female,37,41,Month-to-month,DSL,Electronic check,No,No,92.6,No,1111.2,25-48 Months
CUST-01281,Female,18,13,One year,Fiber optic,Bank transfer,No,Yes,52.92,No,635.04,13-24 Months
CUST-01282,Female,34,29,Month-to-month,No internet,Credit card,Yes,Yes,33.94,Yes,407.28,25-48 Months
CUST-01283,Male,49,9,Two year,DSL,Electronic check,Yes,No,20.0,No,240.0,7-12 Months
CUST-01284,Female,27,58,Month-to-month,Fiber optic,Electronic check,No,Yes,103.85,No,1246.2,49-72 Months
CUST-01285,Male,42,46,One year,DSL,Electronic check,No,Yes,97.46,Yes,1169.52,25-48 Months
CUST-01286,Male,70,57,Month-to-month,DSL,Electronic check,No,Yes,101.3,Yes,1215.6,49-72 Months
CUST-01287,Female,21,4,One year,DSL,Bank transfer,No,Yes,68.63,No,823.56,0-6 Months
CUST-01288,Male,21,28,One year,Fiber optic,Electronic check,No,Yes,94.57,No,1134.84,25-48 Months
CUST-01289,Male,32,20,Month-to-month,Fiber optic,Credit card,Yes,Yes,100.76,No,1209.12,13-24 Months
CUST-01290,Female,61,45,Two year,DSL,Credit card,Yes,Yes,70.05,Yes,840.6,25-48 Months
CUST-01291,Male,39,60,Two year,Fiber optic,Mailed check,No,No,61.97,No,743.64,49-72 Months
CUST-01292,Female,51,17,Two year,DSL,Credit card,Yes,No,44.66,No,535.92,13-24 Months
CUST-01293,Male,19,56,Month-to-month,Fiber optic,Bank transfer,No,Yes,83.93,Yes,1007.16,49-72 Months
CUST-01294,Male,56,42,One year,DSL,Credit card,Yes,No,87.66,No,1051.92,25-48 Months
CUST-01295,Female,21,60,One year,Fiber optic,Electronic check,No,Yes,60.62,No,727.44,49-72 Months
CUST-01296,Female,55,6,One year,DSL,Credit card,No,Yes,63.92,No,767.04,0-6 Months
CUST-01297,Male,25,72,Month-to-month,Fiber optic,Electronic check,No,Yes,65.92,Yes,791.04,49-72 Months
CUST-01298,Female,63,32,One year,Fiber optic,Mailed check,No,Yes,94.15,No,1129.8,25-48 Months
CUST-01299,Female,33,21,Month-to-month,Fiber optic,Credit card,Yes,Yes,33.52,No,402.24,13-24 Months
CUST-01300,Male,27,14,Month-to-month,DSL,Mailed check,No,No,41.05,No,492.6,13-24 Months
CUST-01301,Female,35,71,Month-to-month,Fiber optic,Electronic check,No,Yes,41.6,Yes,499.2,49-72 Months
CUST-01302,Male,18,64,Month-to-month,DSL,Electronic check,Yes,Yes,67.84,No,814.08,49-72 Months
CUST-01303,Female,26,10,Month-to-month,Fiber optic,Electronic check,No,Yes,80.83,No,969.96,7-12 Months
CUST-01304,Female,49,33,Month-to-month,DSL,Mailed check,No,No,42.07,No,504.84,25-48 Months
CUST-01305,Female,33,53,One year,DSL,Mailed check,No,Yes,97.45,No,1169.4,49-72 Months
CUST-01306,Female,36,43,Month-to-month,Fiber optic,Mailed check,No,No,112.95,No,1355.4,25-48 Months
CUST-01307,Male,60,14,Month-to-month,Fiber optic,Credit card,No,Yes,83.59,No,1003.08,13-24 Months
CUST-01308,Male,24,26,One year,Fiber optic,Electronic check,No,No,103.44,Yes,1241.28,25-48 Months
CUST-01309,Male,38,27,Two year,DSL,Credit card,Yes,Yes,46.38,No,556.56,25-48 Months
CUST-01310,Female,27,21,Two year,No internet,Bank transfer,No,Yes,47.04,No,564.48,13-24 Months
CUST-01311,Female,43,70,Two year,Fiber optic,Bank transfer,Yes,Yes,86.41,No,1036.92,49-72 Months
CUST-01312,Male,35,15,Two year,DSL,Bank transfer,No,Yes,70.92,No,851.04,13-24 Months
CUST-01313,Female,20,51,One year,DSL,Credit card,Yes,Yes,46.99,No,563.88,49-72 Months
CUST-01314,Female,21,66,Two year,DSL,Electronic check,No,Yes,111.9,Yes,1342.8,49-72 Months
CUST-01315,Female,63,58,Two year,DSL,Bank transfer,No,Yes,80.37,No,964.44,49-72 Months
CUST-01316,Male,21,58,Month-to-month,No internet,Credit card,Yes,Yes,91.66,No,1099.92,49-72 Months
CUST-01317,Female,59,12,Two year,DSL,Bank transfer,No,Yes,53.12,No,637.44,7-12 Months
CUST-01318,Female,66,10,One year,DSL,Electronic check,No,No,119.04,No,1428.48,7-12 Months
CUST-01319,Male,42,57,One year,Fiber optic,Bank transfer,No,No,67.63,Yes,811.56,49-72 Months
CUST-01320,Male,34,54,Two year,DSL,Credit card,No,No,100.53,No,1206.36,49-72 Months
CUST-01321,Male,59,54,Month-to-month,No internet,Electronic check,No,Yes,55.68,No,668.16,49-72 Months
CUST-01322,Male,70,31,Month-to-month,No internet,Bank transfer,No,Yes,76.72,No,920.64,25-48 Months
CUST-01323,Female,24,38,One year,Fiber optic,Credit card,No,No,87.62,No,1051.44,25-48 Months
CUST-01324,Female,69,2,One year,DSL,Mailed check,Yes,No,127.87,Yes,1534.44,0-6 Months
CUST-01325,Female,68,21,Two year,Fiber optic,Electronic check,No,No,59.69,No,716.28,13-24 Months
CUST-01326,Male,25,39,Two year,DSL,Mailed check,No,Yes,77.67,No,932.04,25-48 Months
CUST-01327,Female,20,10,One year,Fiber optic,Bank transfer,No,Yes,88.57,No,1062.84,7-12 Months
CUST-01328,Male,55,10,Two year,DSL,Mailed check,No,No,32.38,No,388.56,7-12 Months
CUST-01329,Female,22,4,Month-to-month,Fiber optic,Bank transfer,No,Yes,20.0,No,240.0,0-6 Months
CUST-01330,Male,49,16,Two year,Fiber optic,Mailed check,Yes,Yes,44.12,No,529.44,13-24 Months
CUST-01331,Male,21,72,Month-to-month,Fiber optic,Credit card,Yes,No,99.08,Yes,1188.96,49-72 Months
CUST-01332,Female,54,51,One year,Fiber optic,Credit card,No,No,120.06,No,1440.72,49-72 Months
CUST-01333,Male,30,69,Month-to-month,Fiber optic,Credit card,No,Yes,46.16,No,553.92,49-72 Months
CUST-01334,Female,23,19,One year,DSL,Mailed check,Yes,Yes,37.93,Yes,455.16,13-24 Months
CUST-01335,Female,21,44,Month-to-month,DSL,Electronic check,No,No,114.97,No,1379.64,25-48 Months
CUST-01336,Female,27,65,Month-to-month,DSL,Bank transfer,No,Yes,56.17,Yes,674.04,49-72 Months
CUST-01337,Female,46,26,One year,DSL,Electronic check,No,No,61.59,Yes,739.08,25-48 Months
CUST-01338,Male,22,48,One year,Fiber optic,Mailed check,No,Yes,112.86,No,1354.32,25-48 Months
CUST-01339,Female,60,50,Month-to-month,DSL,Electronic check,No,Yes,108.25,No,1299.0,49-72 Months
CUST-01340,Male,50,60,One year,DSL,Mailed check,Yes,No,98.15,No,1177.8,49-72 Months
CUST-01341,Female,33,70,Month-to-month,Fiber optic,Bank transfer,No,No,24.08,Yes,288.96,49-72 Months
CUST-01342,Male,70,45,Month-to-month,DSL,Mailed check,No,Yes,36.76,No,441.12,25-48 Months
CUST-01343,Male,52,42,Month-to-month,DSL,Mailed check,No,Yes,103.37,No,1240.44,25-48 Months
CUST-01344,Female,53,63,One year,DSL,Electronic check,No,Yes,80.9,No,970.8,49-72 Months
CUST-01345,Male,27,50,One year,DSL,Electronic check,Yes,Yes,50.22,No,602.64,49-72 Months
CUST-01346,Female,55,27,One year,Fiber optic,Mailed check,No,No,62.35,No,748.2,25-48 Months
CUST-01347,Female,47,46,Two year,DSL,Credit card,No,Yes,103.11,No,1237.32,25-48 Months
CUST-01348,Female,70,40,One year,Fiber optic,Credit card,Yes,No,114.77,No,1377.24,25-48 Months
CUST-01349,Female,43,17,One year,No internet,Credit card,No,No,71.83,No,861.96,13-24 Months
CUST-01350,Female,53,38,Two year,Fiber optic,Electronic check,No,Yes,52.77,No,633.24,25-48 Months
CUST-01351,Male,36,45,Month-to-month,DSL,Electronic check,Yes,Yes,64.29,No,771.48,25-48 Months
CUST-01352,Male,20,66,Month-to-month,DSL,Mailed check,No,No,109.61,No,1315.32,49-72 Months
CUST-01353,Male,24,42,Month-to-month,Fiber optic,Bank transfer,No,Yes,109.06,No,1308.72,25-48 Months
CUST-01354,Female,63,12,One year,Fiber optic,Bank transfer,No,No,77.44,No,929.28,7-12 Months
CUST-01355,Male,57,72,Month-to-month,Fiber optic,Bank transfer,Yes,Yes,57.17,No,686.04,49-72 Months
CUST-01356,Male,37,42,Month-to-month,DSL,Mailed check,No,Yes,102.32,No,1227.84,25-48 Months
CUST-01357,Male,54,21,Two year,No internet,Mailed check,No,Yes,117.44,No,1409.28,13-24 Months
CUST-01358,Male,18,55,Two year,Fiber optic,Credit card,No,Yes,31.3,No,375.6,49-72 Months
CUST-01359,Male,19,28,Month-to-month,DSL,Electronic check,No,No,65.49,No,785.88,25-48 Months
CUST-01360,Male,44,27,Month-to-month,DSL,Credit card,No,Yes,104.37,No,1252.44,25-48 Months
CUST-01361,Male,51,61,Month-to-month,DSL,Bank transfer,Yes,Yes,74.06,No,888.72,49-72 Months
CUST-01362,Male,67,63,Month-to-month,DSL,Electronic check,No,Yes,58.32,Yes,699.84,49-72 Months
CUST-01363,Male,58,38,Two year,Fiber optic,Credit card,No,Yes,77.19,No,926.28,25-48 Months
CUST-01364,Male,31,27,One year,Fiber optic,Credit card,No,No,82.38,No,988.56,25-48 Months
CUST-01365,Female,61,63,Month-to-month,Fiber optic,Bank transfer,No,No,40.45,No,485.4,49-72 Months
CUST-01366,Male,44,13,Month-to-month,Fiber optic,Electronic check,No,Yes,74.54,Yes,894.48,13-24 Months
CUST-01367,Male,61,54,Month-to-month,DSL,Electronic check,No,No,82.29,No,987.48,49-72 Months
CUST-01368,Male,27,43,Month-to-month,DSL,Bank transfer,Yes,Yes,58.26,No,699.12,25-48 Months
CUST-01369,Female,19,62,Month-to-month,Fiber optic,Electronic check,No,Yes,50.17,Yes,602.04,49-72 Months
CUST-01370,Female,21,31,One year,No internet,Electronic check,No,Yes,56.94,No,683.28,25-48 Months
CUST-01371,Female,70,60,Month-to-month,Fiber optic,Mailed check,No,No,44.81,Yes,537.72,49-72 Months
CUST-01372,Male,22,2,Two year,Fiber optic,Electronic check,No,Yes,95.82,No,1149.84,0-6 Months
CUST-01373,Male,67,55,Month-to-month,No internet,Bank transfer,No,No,44.46,No,533.52,49-72 Months
CUST-01374,Male,56,6,One year,No internet,Mailed check,Yes,Yes,77.29,No,927.48,0-6 Months
CUST-01375,Female,25,47,Month-to-month,DSL,Electronic check,No,Yes,61.52,No,738.24,25-48 Months
CUST-01376,Female,63,15,Month-to-month,Fiber optic,Mailed check,No,Yes,52.23,Yes,626.76,13-24 Months
CUST-01377,Female,25,70,Two year,Fiber optic,Electronic check,No,Yes,110.4,No,1324.8,49-72 Months
CUST-01378,Female,25,56,One year,Fiber optic,Electronic check,No,Yes,68.34,No,820.08,49-72 Months
CUST-01379,Female,48,8,Month-to-month,DSL,Mailed check,No,No,53.26,No,639.12,7-12 Months
CUST-01380,Female,33,65,Month-to-month,Fiber optic,Mailed check,No,No,50.58,Yes,606.96,49-72 Months
CUST-01381,Female,33,19,One year,DSL,Electronic check,No,Yes,81.49,Yes,977.88,13-24 Months
CUST-01382,Male,28,40,Two year,Fiber optic,Bank transfer,Yes,No,95.14,No,1141.68,25-48 Months
CUST-01383,Male,50,7,One year,DSL,Mailed check,Yes,Yes,107.58,No,1290.96,7-12 Months
CUST-01384,Female,19,8,Month-to-month,Fiber optic,Bank transfer,No,No,67.31,Yes,807.72,7-12 Months
CUST-01385,Male,30,18,Month-to-month,DSL,Mailed check,No,Yes,65.62,No,787.44,13-24 Months
CUST-01386,Male,47,39,Month-to-month,DSL,Bank transfer,No,No,75.67,No,908.04,25-48 Months
CUST-01387,Female,43,40,Month-to-month,No internet,Bank transfer,No,Yes,76.68,Yes,920.16,25-48 Months
CUST-01388,Male,55,62,One year,No internet,Electronic check,No,Yes,50.38,No,604.56,49-72 Months
CUST-01389,Female,29,12,One year,DSL,Bank transfer,No,No,112.95,No,1355.4,7-12 Months
CUST-01390,Female,52,54,Month-to-month,Fiber optic,Bank transfer,Yes,Yes,72.62,No,871.44,49-72 Months
CUST-01391,Male,58,1,One year,No internet,Electronic check,No,No,86.97,No,1043.64,0-6 Months
CUST-01392,Female,38,21,One year,No internet,Bank transfer,Yes,Yes,83.88,No,1006.56,13-24 Months
CUST-01393,Female,31,13,One year,No internet,Credit card,No,Yes,83.31,No,999.72,13-24 Months
CUST-01394,Female,47,9,Month-to-month,DSL,Electronic check,No,Yes,43.89,Yes,526.68,7-12 Months
CUST-01395,Male,48,43,Month-to-month,Fiber optic,Credit card,No,No,71.82,No,861.84,25-48 Months
CUST-01396,Female,22,65,Month-to-month,DSL,Mailed check,No,Yes,135.86,No,1630.32,49-72 Months
CUST-01397,Female,47,49,Month-to-month,Fiber optic,Bank transfer,No,Yes,116.44,No,1397.28,49-72 Months
CUST-01398,Female,26,62,Month-to-month,Fiber optic,Credit card,No,Yes,76.4,No,916.8,49-72 Months
CUST-01399,Male,48,43,Month-to-month,Fiber optic,Credit card,No,Yes,61.73,No,740.76,25-48 Months
CUST-01400,Male,67,4,Month-to-month,DSL,Bank transfer,Yes,No,20.0,No,240.0,0-6 Months
CUST-01401,Female,46,25,Month-to-month,Fiber optic,Bank transfer,Yes,No,58.07,No,696.84,25-48 Months
CUST-01402,Male,58,60,Two year,DSL,Electronic check,Yes,Yes,69.8,No,837.6,49-72 Months
CUST-01403,Male,34,4,One year,DSL,Electronic check,No,Yes,63.12,No,757.44,0-6 Months
CUST-01404,Male,66,7,Month-to-month,DSL,Credit card,No,Yes,65.06,No,780.72,7-12 Months
CUST-01405,Male,61,61,Two year,Fiber optic,Mailed check,No,No,89.43,No,1073.16,49-72 Months
CUST-01406,Male,66,5,Month-to-month,No internet,Credit card,No,No,43.99,Yes,527.88,0-6 Months
CUST-01407,Male,57,70,Month-to-month,Fiber optic,Electronic check,No,Yes,79.63,No,955.56,49-72 Months
CUST-01408,Female,52,55,Two year,Fiber optic,Electronic check,No,No,68.91,Yes,826.92,49-72 Months
CUST-01409,Male,45,48,Month-to-month,DSL,Electronic check,No,Yes,47.3,No,567.6,25-48 Months
CUST-01410,Male,67,39,Month-to-month,Fiber optic,Mailed check,No,Yes,118.87,Yes,1426.44,25-48 Months
CUST-01411,Male,62,7,Month-to-month,DSL,Electronic check,No,Yes,92.94,No,1115.28,7-12 Months
CUST-01412,Female,40,30,Month-to-month,Fiber optic,Mailed check,No,Yes,49.98,Yes,599.76,25-48 Months
CUST-01413,Male,22,59,One year,No internet,Credit card,No,Yes,86.48,No,1037.76,49-72 Months
CUST-01414,Female,18,66,Month-to-month,Fiber optic,Credit card,No,Yes,33.1,No,397.2,49-72 Months
CUST-01415,Female,30,33,Month-to-month,No internet,Bank transfer,No,Yes,53.42,Yes,641.04,25-48 Months
CUST-01416,Female,21,61,Month-to-month,DSL,Electronic check,No,Yes,109.17,Yes,1310.04,49-72 Months
CUST-01417,Female,29,56,Month-to-month,Fiber optic,Mailed check,No,Yes,81.84,Yes,982.08,49-72 Months
CUST-01418,Male,23,5,Month-to-month,DSL,Bank transfer,No,Yes,79.59,Yes,955.08,0-6 Months
CUST-01419,Female,69,45,Two year,Fiber optic,Electronic check,No,No,99.64,No,1195.68,25-48 Months
CUST-01420,Male,23,45,One year,No internet,Mailed check,No,Yes,89.12,Yes,1069.44,25-48 Months
CUST-01421,Female,51,40,Month-to-month,DSL,Credit card,Yes,Yes,64.55,No,774.6,25-48 Months
CUST-01422,Female,36,56,One year,DSL,Electronic check,No,Yes,98.22,No,1178.64,49-72 Months
CUST-01423,Female,27,65,Month-to-month,Fiber optic,Credit card,No,Yes,24.71,No,296.52,49-72 Months
CUST-01424,Female,55,40,Month-to-month,No internet,Electronic check,No,Yes,53.31,Yes,639.72,25-48 Months
CUST-01425,Male,69,24,Month-to-month,DSL,Electronic check,No,Yes,69.29,No,831.48,13-24 Months
CUST-01426,Female,59,71,Month-to-month,DSL,Electronic check,No,Yes,87.34,No,1048.08,49-72 Months
CUST-01427,Female,69,70,One year,Fiber optic,Credit card,No,Yes,62.9,No,754.8,49-72 Months
CUST-01428,Female,49,50,Two year,Fiber optic,Bank transfer,No,No,22.05,No,264.6,49-72 Months
CUST-01429,Male,53,47,Month-to-month,DSL,Bank transfer,No,Yes,20.0,No,240.0,25-48 Months
CUST-01430,Female,25,8,Month-to-month,DSL,Mailed check,No,Yes,70.09,Yes,841.08,7-12 Months
CUST-01431,Male,63,29,One year,DSL,Credit card,No,Yes,58.62,No,703.44,25-48 Months
CUST-01432,Male,57,15,Month-to-month,DSL,Bank transfer,No,No,46.52,No,558.24,13-24 Months
CUST-01433,Male,31,38,Month-to-month,DSL,Bank transfer,No,No,41.84,No,502.08,25-48 Months
CUST-01434,Female,36,60,Two year,DSL,Bank transfer,No,No,75.75,No,909.0,49-72 Months
CUST-01435,Male,50,17,Two year,DSL,Bank transfer,No,No,108.46,Yes,1301.52,13-24 Months
CUST-01436,Male,18,72,Two year,Fiber optic,Bank transfer,No,Yes,75.75,No,909.0,49-72 Months
CUST-01437,Male,61,10,Month-to-month,DSL,Electronic check,No,Yes,108.84,No,1306.08,7-12 Months
CUST-01438,Female,32,8,Month-to-month,Fiber optic,Credit card,No,No,61.53,Yes,738.36,7-12 Months
CUST-01439,Male,21,71,Month-to-month,DSL,Electronic check,No,Yes,84.42,No,1013.04,49-72 Months
CUST-01440,Female,35,8,Two year,No internet,Credit card,No,No,109.86,No,1318.32,7-12 Months
CUST-01441,Female,62,53,Month-to-month,DSL,Mailed check,No,Yes,67.58,No,810.96,49-72 Months
CUST-01442,Female,32,55,Month-to-month,Fiber optic,Electronic check,No,Yes,72.73,No,872.76,49-72 Months
CUST-01443,Female,46,24,Month-to-month,DSL,Electronic check,Yes,Yes,61.51,No,738.12,13-24 Months
CUST-01444,Male,61,5,One year,Fiber optic,Bank transfer,No,Yes,88.59,Yes,1063.08,0-6 Months
CUST-01445,Male,19,23,One year,Fiber optic,Mailed check,No,Yes,97.26,No,1167.12,13-24 Months
CUST-01446,Male,58,5,One year,DSL,Credit card,Yes,Yes,81.84,Yes,982.08,0-6 Months
CUST-01447,Female,33,49,Month-to-month,DSL,Bank transfer,Yes,Yes,65.58,No,786.96,49-72 Months
CUST-01448,Female,54,64,One year,Fiber optic,Electronic check,No,Yes,30.01,No,360.12,49-72 Months
CUST-01449,Female,27,72,Month-to-month,No internet,Mailed check,Yes,No,70.64,No,847.68,49-72 Months
CUST-01450,Male,25,58,Month-to-month,Fiber optic,Bank transfer,No,No,66.63,No,799.56,49-72 Months
CUST-01451,Male,59,56,Month-to-month,No internet,Credit card,Yes,No,78.61,No,943.32,49-72 Months
CUST-01452,Male,60,64,Month-to-month,DSL,Mailed check,Yes,Yes,75.27,No,903.24,49-72 Months
CUST-01453,Male,70,56,Month-to-month,No internet,Credit card,No,Yes,116.03,No,1392.36,49-72 Months
CUST-01454,Male,53,47,Two year,DSL,Electronic check,No,Yes,52.5,No,630.0,25-48 Months
CUST-01455,Female,42,72,Month-to-month,No internet,Bank transfer,No,Yes,27.89,No,334.68,49-72 Months
CUST-01456,Male,28,24,Month-to-month,DSL,Bank transfer,No,Yes,40.01,No,480.12,13-24 Months
CUST-01457,Female,33,30,One year,Fiber optic,Mailed check,No,No,54.26,No,651.12,25-48 Months
CUST-01458,Male,52,66,One year,Fiber optic,Electronic check,No,Yes,102.3,No,1227.6,49-72 Months
CUST-01459,Male,36,23,Month-to-month,DSL,Bank transfer,No,Yes,35.68,Yes,428.16,13-24 Months
CUST-01460,Female,43,22,One year,Fiber optic,Mailed check,No,Yes,39.41,Yes,472.92,13-24 Months
CUST-01461,Female,26,11,Month-to-month,No internet,Electronic check,Yes,Yes,83.59,Yes,1003.08,7-12 Months
CUST-01462,Male,41,20,Month-to-month,Fiber optic,Electronic check,No,Yes,95.78,Yes,1149.36,13-24 Months
CUST-01463,Male,30,43,One year,No internet,Bank transfer,No,No,28.62,No,343.44,25-48 Months
CUST-01464,Male,23,64,One year,DSL,Electronic check,No,No,22.38,No,268.56,49-72 Months
CUST-01465,Female,24,10,Month-to-month,DSL,Mailed check,No,No,49.98,No,599.76,7-12 Months
CUST-01466,Male,45,50,Month-to-month,No internet,Credit card,No,No,90.41,Yes,1084.92,49-72 Months
CUST-01467,Female,37,56,Month-to-month,Fiber optic,Bank transfer,No,Yes,76.01,No,912.12,49-72 Months
CUST-01468,Male,23,65,Month-to-month,DSL,Mailed check,No,No,51.0,Yes,612.0,49-72 Months
CUST-01469,Female,45,55,Two year,Fiber optic,Mailed check,No,No,92.7,No,1112.4,49-72 Months
CUST-01470,Male,26,12,Month-to-month,DSL,Electronic check,No,Yes,75.48,No,905.76,7-12 Months
CUST-01471,Female,18,36,Two year,DSL,Mailed check,No,No,68.99,No,827.88,25-48 Months
CUST-01472,Female,25,69,Month-to-month,Fiber optic,Electronic check,No,No,26.8,Yes,321.6,49-72 Months
CUST-01473,Male,41,66,Two year,Fiber optic,Electronic check,No,No,50.43,Yes,605.16,49-72 Months
CUST-01474,Male,68,45,Month-to-month,Fiber optic,Electronic check,No,Yes,126.79,Yes,1521.48,25-48 Months
CUST-01475,Female,30,70,Month-to-month,Fiber optic,Bank transfer,No,Yes,62.58,No,750.96,49-72 Months
CUST-01476,Male,33,49,Month-to-month,DSL,Electronic check,Yes,No,45.21,Yes,542.52,49-72 Months
CUST-01477,Male,30,5,Month-to-month,Fiber optic,Electronic check,No,No,61.3,No,735.6,0-6 Months
CUST-01478,Male,36,66,Two year,No internet,Credit card,Yes,Yes,75.33,No,903.96,49-72 Months
CUST-01479,Male,56,13,One year,No internet,Electronic check,Yes,Yes,96.73,No,1160.76,13-24 Months
CUST-01480,Male,35,28,One year,No internet,Bank transfer,No,Yes,89.39,No,1072.68,25-48 Months
CUST-01481,Male,52,18,Month-to-month,DSL,Mailed check,No,Yes,53.06,No,636.72,13-24 Months
CUST-01482,Male,65,52,One year,Fiber optic,Bank transfer,No,No,107.6,Yes,1291.2,49-72 Months
CUST-01483,Male,68,3,One year,DSL,Electronic check,No,Yes,94.81,Yes,1137.72,0-6 Months
CUST-01484,Male,47,47,Two year,DSL,Electronic check,No,Yes,59.54,No,714.48,25-48 Months
CUST-01485,Male,55,63,One year,No internet,Credit card,No,Yes,68.41,No,820.92,49-72 Months
CUST-01486,Female,66,57,One year,Fiber optic,Mailed check,No,Yes,88.82,No,1065.84,49-72 Months
CUST-01487,Male,59,23,Month-to-month,Fiber optic,Electronic check,No,No,102.09,Yes,1225.08,13-24 Months
CUST-01488,Male,33,65,Two year,No internet,Mailed check,No,Yes,29.48,No,353.76,49-72 Months
CUST-01489,Male,24,27,Month-to-month,DSL,Mailed check,No,Yes,73.97,No,887.64,25-48 Months
CUST-01490,Female,24,49,Month-to-month,Fiber optic,Electronic check,No,No,71.13,No,853.56,49-72 Months
CUST-01491,Male,64,37,Two year,DSL,Mailed check,No,Yes,56.02,No,672.24,25-48 Months
CUST-01492,Male,47,5,Month-to-month,Fiber optic,Mailed check,No,Yes,55.88,No,670.56,0-6 Months
CUST-01493,Male,33,1,Month-to-month,DSL,Bank transfer,No,Yes,101.52,No,1218.24,0-6 Months
CUST-01494,Male,36,14,Month-to-month,Fiber optic,Credit card,No,No,86.97,No,1043.64,13-24 Months
CUST-01495,Male,32,68,Month-to-month,Fiber optic,Mailed check,No,Yes,130.99,Yes,1571.88,49-72 Months
CUST-01496,Male,60,69,Two year,Fiber optic,Credit card,Yes,Yes,56.05,No,672.6,49-72 Months
CUST-01497,Female,50,30,Two year,Fiber optic,Mailed check,No,Yes,75.84,No,910.08,25-48 Months
CUST-01498,Female,64,70,Month-to-month,DSL,Mailed check,No,No,80.67,No,968.04,49-72 Months
CUST-01499,Male,33,4,Two year,Fiber optic,Bank transfer,No,Yes,97.09,No,1165.08,0-6 Months
CUST-01500,Female,43,70,One year,DSL,Bank transfer,No,No,110.04,No,1320.48,49-72 Months
CUST-01501,Female,24,17,Two year,DSL,Electronic check,No,No,74.62,No,895.44,13-24 Months
CUST-01502,Male,69,3,Month-to-month,DSL,Credit card,No,No,41.35,No,496.2,0-6 Months
CUST-01503,Male,45,55,Month-to-month,DSL,Credit card,Yes,Yes,52.1,No,625.2,49-72 Months
CUST-01504,Male,47,28,Month-to-month,Fiber optic,Electronic check,Yes,Yes,76.0,No,912.0,25-48 Months
CUST-01505,Female,39,22,Month-to-month,Fiber optic,Mailed check,No,No,103.44,No,1241.28,13-24 Months
CUST-01506,Male,32,55,One year,DSL,Bank transfer,No,No,31.5,No,378.0,49-72 Months
CUST-01507,Female,68,24,Month-to-month,No internet,Credit card,Yes,No,39.24,No,470.88,13-24 Months
CUST-01508,Male,43,55,Month-to-month,No internet,Bank transfer,No,No,93.2,Yes,1118.4,49-72 Months
CUST-01509,Female,53,15,One year,No internet,Electronic check,No,Yes,35.78,No,429.36,13-24 Months
CUST-01510,Female,19,7,Month-to-month,DSL,Bank transfer,No,Yes,40.5,No,486.0,7-12 Months
CUST-01511,Male,32,24,Month-to-month,No internet,Electronic check,No,No,103.82,No,1245.84,13-24 Months
CUST-01512,Male,60,44,One year,Fiber optic,Bank transfer,No,Yes,65.8,No,789.6,25-48 Months
CUST-01513,Female,22,17,Two year,DSL,Bank transfer,No,No,63.66,No,763.92,13-24 Months
CUST-01514,Male,23,11,Month-to-month,No internet,Bank transfer,Yes,No,110.31,No,1323.72,7-12 Months
CUST-01515,Male,60,54,Two year,DSL,Electronic check,No,Yes,42.24,No,506.88,49-72 Months
CUST-01516,Female,34,36,Two year,Fiber optic,Mailed check,No,Yes,36.61,No,439.32,25-48 Months
CUST-01517,Male,32,32,One year,Fiber optic,Bank transfer,No,No,117.62,No,1411.44,25-48 Months
CUST-01518,Male,47,18,Month-to-month,Fiber optic,Electronic check,No,No,78.53,No,942.36,13-24 Months
CUST-01519,Male,28,2,One year,Fiber optic,Electronic check,No,Yes,91.03,Yes,1092.36,0-6 Months
CUST-01520,Male,20,4,Two year,DSL,Electronic check,No,Yes,63.29,No,759.48,0-6 Months
CUST-01521,Female,18,50,Month-to-month,DSL,Credit card,No,No,69.02,No,828.24,49-72 Months
CUST-01522,Female,22,6,Two year,Fiber optic,Mailed check,No,No,52.29,No,627.48,0-6 Months
CUST-01523,Male,26,18,Two year,DSL,Bank transfer,No,No,80.91,No,970.92,13-24 Months
CUST-01524,Male,54,66,Month-to-month,Fiber optic,Mailed check,No,Yes,95.28,No,1143.36,49-72 Months
CUST-01525,Female,33,25,One year,DSL,Credit card,No,Yes,77.49,No,929.88,25-48 Months
CUST-01526,Male,21,54,Month-to-month,Fiber optic,Mailed check,No,Yes,101.71,Yes,1220.52,49-72 Months
CUST-01527,Male,18,25,One year,DSL,Electronic check,No,No,90.55,No,1086.6,25-48 Months
CUST-01528,Male,43,68,Two year,DSL,Electronic check,No,Yes,42.64,No,511.68,49-72 Months
CUST-01529,Male,62,60,Month-to-month,DSL,Electronic check,No,Yes,67.95,No,815.4,49-72 Months
CUST-01530,Female,35,34,Month-to-month,DSL,Credit card,No,Yes,59.44,No,713.28,25-48 Months
CUST-01531,Male,21,50,Month-to-month,Fiber optic,Bank transfer,No,Yes,93.1,Yes,1117.2,49-72 Months
CUST-01532,Male,30,30,Two year,DSL,Bank transfer,No,Yes,84.92,Yes,1019.04,25-48 Months
CUST-01533,Female,44,68,Month-to-month,Fiber optic,Bank transfer,No,No,75.57,No,906.84,49-72 Months
CUST-01534,Male,28,26,Two year,DSL,Credit card,No,Yes,100.38,Yes,1204.56,25-48 Months
CUST-01535,Female,69,61,Month-to-month,DSL,Credit card,No,Yes,20.0,Yes,240.0,49-72 Months
CUST-01536,Male,58,45,Month-to-month,DSL,Bank transfer,Yes,Yes,55.11,No,661.32,25-48 Months
CUST-01537,Male,36,47,Two year,No internet,Electronic check,Yes,No,57.49,No,689.88,25-48 Months
CUST-01538,Male,68,26,One year,Fiber optic,Electronic check,No,Yes,79.05,No,948.6,25-48 Months
CUST-01539,Female,35,60,Month-to-month,DSL,Bank transfer,No,Yes,87.48,Yes,1049.76,49-72 Months
CUST-01540,Female,25,54,Month-to-month,Fiber optic,Bank transfer,No,Yes,71.96,Yes,863.52,49-72 Months
CUST-01541,Male,67,59,Month-to-month,DSL,Bank transfer,No,No,35.18,No,422.16,49-72 Months
CUST-01542,Male,68,58,Month-to-month,DSL,Electronic check,No,No,83.39,No,1000.68,49-72 Months
CUST-01543,Male,34,12,Month-to-month,DSL,Bank transfer,No,Yes,75.59,No,907.08,7-12 Months
CUST-01544,Female,49,64,One year,DSL,Mailed check,Yes,Yes,30.88,No,370.56,49-72 Months
CUST-01545,Male,27,61,Month-to-month,DSL,Electronic check,No,Yes,63.73,No,764.76,49-72 Months
CUST-01546,Female,52,18,Month-to-month,Fiber optic,Credit card,Yes,No,82.47,No,989.64,13-24 Months
CUST-01547,Female,54,71,Month-to-month,No internet,Bank transfer,No,Yes,118.29,No,1419.48,49-72 Months
CUST-01548,Female,55,38,Month-to-month,No internet,Electronic check,Yes,No,41.51,No,498.12,25-48 Months
CUST-01549,Male,48,24,Two year,Fiber optic,Electronic check,No,No,94.12,Yes,1129.44,13-24 Months
CUST-01550,Male,55,17,Month-to-month,Fiber optic,Bank transfer,No,No,41.86,No,502.32,13-24 Months
CUST-01551,Male,47,27,Month-to-month,Fiber optic,Mailed check,No,Yes,36.42,Yes,437.04,25-48 Months
CUST-01552,Female,61,3,One year,DSL,Electronic check,No,Yes,38.08,No,456.96,0-6 Months
CUST-01553,Female,27,50,Two year,No internet,Bank transfer,No,Yes,88.94,No,1067.28,49-72 Months
CUST-01554,Female,43,51,One year,DSL,Bank transfer,Yes,No,75.64,No,907.68,49-72 Months
CUST-01555,Male,40,49,Two year,Fiber optic,Electronic check,No,No,63.19,No,758.28,49-72 Months
CUST-01556,Male,46,40,Two year,Fiber optic,Mailed check,No,Yes,84.82,No,1017.84,25-48 Months
CUST-01557,Female,25,27,One year,DSL,Bank transfer,Yes,No,73.14,No,877.68,25-48 Months
CUST-01558,Female,35,53,Two year,Fiber optic,Electronic check,Yes,Yes,75.09,No,901.08,49-72 Months
CUST-01559,Female,68,63,Month-to-month,Fiber optic,Electronic check,No,Yes,63.5,No,762.0,49-72 Months
CUST-01560,Female,23,7,Two year,Fiber optic,Electronic check,No,Yes,43.23,No,518.76,7-12 Months
CUST-01561,Male,51,28,Two year,Fiber optic,Mailed check,Yes,No,119.36,No,1432.32,25-48 Months
CUST-01562,Male,53,72,Two year,Fiber optic,Credit card,No,Yes,111.21,No,1334.52,49-72 Months
CUST-01563,Male,43,63,Month-to-month,DSL,Mailed check,No,Yes,116.52,No,1398.24,49-72 Months
CUST-01564,Female,19,72,One year,Fiber optic,Credit card,Yes,Yes,56.9,No,682.8,49-72 Months
CUST-01565,Female,19,14,Month-to-month,Fiber optic,Mailed check,No,Yes,52.91,No,634.92,13-24 Months
CUST-01566,Male,32,34,One year,DSL,Bank transfer,No,Yes,60.4,No,724.8,25-48 Months
CUST-01567,Female,23,10,Month-to-month,No internet,Mailed check,No,Yes,102.07,No,1224.84,7-12 Months
CUST-01568,Female,22,63,One year,DSL,Bank transfer,Yes,No,71.99,No,863.88,49-72 Months
CUST-01569,Female,26,38,One year,DSL,Credit card,Yes,No,56.79,No,681.48,25-48 Months
CUST-01570,Female,28,18,Month-to-month,DSL,Mailed check,No,Yes,82.19,No,986.28,13-24 Months
CUST-01571,Male,62,7,Month-to-month,DSL,Mailed check,No,No,51.38,Yes,616.56,7-12 Months
CUST-01572,Male,51,54,Month-to-month,DSL,Credit card,No,No,34.05,No,408.6,49-72 Months
CUST-01573,Female,19,59,One year,DSL,Credit card,Yes,No,75.62,No,907.44,49-72 Months
CUST-01574,Female,51,64,One year,DSL,Credit card,No,Yes,57.55,No,690.6,49-72 Months
CUST-01575,Male,25,70,One year,DSL,Electronic check,Yes,No,71.62,Yes,859.44,49-72 Months
CUST-01576,Male,40,59,Month-to-month,Fiber optic,Electronic check,No,Yes,20.0,No,240.0,49-72 Months
CUST-01577,Female,20,57,Two year,Fiber optic,Mailed check,No,Yes,47.02,No,564.24,49-72 Months
CUST-01578,Female,22,59,One year,Fiber optic,Bank transfer,No,No,70.74,No,848.88,49-72 Months
CUST-01579,Male,25,72,Month-to-month,Fiber optic,Electronic check,No,Yes,29.54,Yes,354.48,49-72 Months
CUST-01580,Female,40,34,Month-to-month,DSL,Mailed check,No,No,30.49,No,365.88,25-48 Months
CUST-01581,Male,42,55,Month-to-month,DSL,Bank transfer,No,No,73.09,No,877.08,49-72 Months
CUST-01582,Male,36,60,Month-to-month,Fiber optic,Electronic check,No,Yes,91.64,No,1099.68,49-72 Months
CUST-01583,Female,50,9,Month-to-month,Fiber optic,Bank transfer,No,Yes,47.03,Yes,564.36,7-12 Months
CUST-01584,Male,56,50,Month-to-month,Fiber optic,Electronic check,Yes,No,64.66,No,775.92,49-72 Months
CUST-01585,Female,56,25,Month-to-month,DSL,Credit card,No,Yes,65.31,No,783.72,25-48 Months
CUST-01586,Male,48,10,Month-to-month,Fiber optic,Mailed check,No,No,28.26,Yes,339.12,7-12 Months
CUST-01587,Female,46,13,Month-to-month,Fiber optic,Bank transfer,No,No,105.15,Yes,1261.8,13-24 Months
CUST-01588,Male,44,9,Two year,Fiber optic,Mailed check,No,Yes,66.88,No,802.56,7-12 Months
CUST-01589,Female,30,65,Month-to-month,DSL,Electronic check,Yes,Yes,67.18,No,806.16,49-72 Months
CUST-01590,Male,43,56,Month-to-month,Fiber optic,Mailed check,Yes,No,82.44,No,989.28,49-72 Months
CUST-01591,Female,18,8,One year,DSL,Credit card,No,No,28.32,No,339.84,7-12 Months
CUST-01592,Male,69,46,Month-to-month,DSL,Mailed check,No,Yes,97.76,No,1173.12,25-48 Months
CUST-01593,Male,37,48,Month-to-month,No internet,Electronic check,No,Yes,101.42,No,1217.04,25-48 Months
CUST-01594,Male,58,38,Month-to-month,DSL,Bank transfer,No,Yes,75.93,No,911.16,25-48 Months
CUST-01595,Female,68,44,Month-to-month,Fiber optic,Electronic check,No,No,84.94,No,1019.28,25-48 Months
CUST-01596,Male,44,66,One year,Fiber optic,Mailed check,No,Yes,62.87,Yes,754.44,49-72 Months
CUST-01597,Female,63,38,Month-to-month,DSL,Mailed check,No,Yes,96.17,No,1154.04,25-48 Months
CUST-01598,Female,43,48,Month-to-month,Fiber optic,Mailed check,No,Yes,48.96,Yes,587.52,25-48 Months
CUST-01599,Female,25,42,One year,No internet,Electronic check,No,No,71.09,No,853.08,25-48 Months
CUST-01600,Female,19,29,Two year,DSL,Electronic check,No,Yes,72.76,No,873.12,25-48 Months
CUST-01601,Male,25,65,Month-to-month,Fiber optic,Electronic check,No,No,70.92,No,851.04,49-72 Months
CUST-01602,Female,67,30,Month-to-month,Fiber optic,Mailed check,No,Yes,101.94,Yes,1223.28,25-48 Months
CUST-01603,Female,43,58,Month-to-month,No internet,Bank transfer,No,No,133.27,Yes,1599.24,49-72 Months
CUST-01604,Male,34,44,One year,No internet,Bank transfer,No,Yes,68.92,No,827.04,25-48 Months
CUST-01605,Male,41,50,One year,DSL,Electronic check,No,No,85.17,No,1022.04,49-72 Months
CUST-01606,Female,31,55,One year,Fiber optic,Electronic check,No,No,49.53,Yes,594.36,49-72 Months
CUST-01607,Male,64,53,Month-to-month,DSL,Bank transfer,Yes,Yes,100.89,No,1210.68,49-72 Months
CUST-01608,Female,70,41,Month-to-month,Fiber optic,Mailed check,No,Yes,57.51,Yes,690.12,25-48 Months
CUST-01609,Male,22,45,Two year,Fiber optic,Credit card,No,Yes,160.0,No,1920.0,25-48 Months
CUST-01610,Male,56,37,Month-to-month,DSL,Electronic check,Yes,Yes,25.22,No,302.64,25-48 Months
CUST-01611,Female,35,25,Two year,No internet,Electronic check,No,No,132.13,No,1585.56,25-48 Months
CUST-01612,Male,20,53,Month-to-month,Fiber optic,Mailed check,Yes,Yes,99.75,No,1197.0,49-72 Months
CUST-01613,Female,66,64,Month-to-month,DSL,Bank transfer,No,No,40.58,Yes,486.96,49-72 Months
CUST-01614,Female,21,51,Month-to-month,Fiber optic,Mailed check,Yes,Yes,136.94,No,1643.28,49-72 Months
CUST-01615,Male,28,56,Month-to-month,Fiber optic,Electronic check,Yes,No,46.0,No,552.0,49-72 Months
CUST-01616,Male,19,60,Two year,Fiber optic,Electronic check,No,No,63.2,No,758.4,49-72 Months
CUST-01617,Female,42,27,Month-to-month,DSL,Bank transfer,Yes,No,35.7,No,428.4,25-48 Months
CUST-01618,Female,49,5,One year,Fiber optic,Electronic check,No,Yes,67.9,No,814.8,0-6 Months
CUST-01619,Male,34,25,One year,DSL,Bank transfer,No,No,70.52,No,846.24,25-48 Months
CUST-01620,Female,21,55,Two year,Fiber optic,Electronic check,No,No,95.24,No,1142.88,49-72 Months
CUST-01621,Male,24,59,One year,DSL,Electronic check,Yes,Yes,140.27,Yes,1683.24,49-72 Months
CUST-01622,Male,67,37,Two year,Fiber optic,Electronic check,Yes,No,57.64,Yes,691.68,25-48 Months
CUST-01623,Female,60,57,Two year,Fiber optic,Credit card,No,No,20.0,No,240.0,49-72 Months
CUST-01624,Male,67,6,Month-to-month,DSL,Electronic check,No,Yes,90.16,No,1081.92,0-6 Months
CUST-01625,Female,46,47,Two year,DSL,Electronic check,No,Yes,56.59,No,679.08,25-48 Months
CUST-01626,Female,46,49,Two year,No internet,Credit card,No,Yes,122.92,No,1475.04,49-72 Months
CUST-01627,Female,59,37,Month-to-month,Fiber optic,Electronic check,Yes,Yes,71.03,Yes,852.36,25-48 Months
CUST-01628,Female,50,52,One year,DSL,Electronic check,Yes,No,50.75,No,609.0,49-72 Months
CUST-01629,Male,41,36,Month-to-month,No internet,Electronic check,No,No,43.64,No,523.68,25-48 Months
CUST-01630,Male,33,38,One year,Fiber optic,Bank transfer,Yes,Yes,89.44,No,1073.28,25-48 Months
CUST-01631,Female,43,44,Month-to-month,DSL,Mailed check,No,Yes,64.29,No,771.48,25-48 Months
CUST-01632,Female,21,58,One year,No internet,Credit card,Yes,Yes,113.1,No,1357.2,49-72 Months
CUST-01633,Male,28,18,Month-to-month,DSL,Bank transfer,No,Yes,66.1,No,793.2,13-24 Months
CUST-01634,Female,57,22,One year,DSL,Mailed check,Yes,No,111.61,No,1339.32,13-24 Months
CUST-01635,Male,64,31,Month-to-month,DSL,Electronic check,No,No,33.36,Yes,400.32,25-48 Months
CUST-01636,Female,23,15,One year,DSL,Credit card,No,Yes,23.32,No,279.84,13-24 Months
CUST-01637,Male,23,25,Month-to-month,DSL,Credit card,Yes,Yes,95.22,No,1142.64,25-48 Months
CUST-01638,Female,22,26,One year,No internet,Credit card,No,No,59.0,Yes,708.0,25-48 Months
CUST-01639,Male,59,23,Month-to-month,Fiber optic,Electronic check,No,Yes,64.62,No,775.44,13-24 Months
CUST-01640,Male,34,30,Month-to-month,DSL,Bank transfer,No,Yes,43.66,No,523.92,25-48 Months
CUST-01641,Female,35,37,Month-to-month,DSL,Bank transfer,No,No,41.61,Yes,499.32,25-48 Months
CUST-01642,Male,18,51,Two year,Fiber optic,Credit card,No,No,89.8,No,1077.6,49-72 Months
CUST-01643,Male,69,22,Month-to-month,DSL,Electronic check,No,No,71.47,No,857.64,13-24 Months
CUST-01644,Female,41,61,One year,DSL,Bank transfer,No,Yes,42.31,No,507.72,49-72 Months
CUST-01645,Male,60,35,Month-to-month,DSL,Bank transfer,No,No,94.14,No,1129.68,25-48 Months
CUST-01646,Male,55,52,One year,DSL,Credit card,No,No,104.9,No,1258.8,49-72 Months
CUST-01647,Male,25,9,Month-to-month,Fiber optic,Bank transfer,No,Yes,68.95,No,827.4,7-12 Months
CUST-01648,Female,60,13,Month-to-month,No internet,Credit card,No,Yes,100.09,No,1201.08,13-24 Months
CUST-01649,Female,47,33,Month-to-month,DSL,Mailed check,No,Yes,43.95,Yes,527.4,25-48 Months
CUST-01650,Female,50,27,Month-to-month,DSL,Electronic check,No,Yes,88.16,No,1057.92,25-48 Months
CUST-01651,Male,28,36,Month-to-month,Fiber optic,Mailed check,No,No,76.53,No,918.36,25-48 Months
CUST-01652,Male,62,12,Month-to-month,Fiber optic,Credit card,Yes,No,49.84,No,598.08,7-12 Months
CUST-01653,Male,67,35,Month-to-month,No internet,Electronic check,No,Yes,129.49,No,1553.88,25-48 Months
CUST-01654,Female,39,50,Two year,Fiber optic,Bank transfer,No,Yes,78.52,No,942.24,49-72 Months
CUST-01655,Male,22,53,Month-to-month,Fiber optic,Credit card,No,Yes,55.46,No,665.52,49-72 Months
CUST-01656,Male,62,18,Two year,DSL,Credit card,Yes,Yes,72.55,No,870.6,13-24 Months
CUST-01657,Female,65,25,Month-to-month,DSL,Bank transfer,No,Yes,47.65,Yes,571.8,25-48 Months
CUST-01658,Female,44,38,Month-to-month,DSL,Credit card,No,No,39.61,Yes,475.32,25-48 Months
CUST-01659,Female,48,38,Month-to-month,DSL,Electronic check,No,No,59.42,No,713.04,25-48 Months
CUST-01660,Male,29,58,Month-to-month,No internet,Mailed check,No,No,61.31,No,735.72,49-72 Months
CUST-01661,Female,21,29,Month-to-month,DSL,Mailed check,No,Yes,49.48,No,593.76,25-48 Months
CUST-01662,Female,68,49,Two year,DSL,Bank transfer,No,No,107.03,No,1284.36,49-72 Months
CUST-01663,Male,43,64,One year,DSL,Electronic check,Yes,No,50.56,No,606.72,49-72 Months
CUST-01664,Female,32,22,One year,DSL,Electronic check,No,Yes,45.9,Yes,550.8,13-24 Months
CUST-01665,Female,54,60,Month-to-month,Fiber optic,Bank transfer,No,Yes,38.8,No,465.6,49-72 Months
CUST-01666,Male,19,24,Month-to-month,Fiber optic,Mailed check,Yes,Yes,36.1,No,433.2,13-24 Months
CUST-01667,Female,22,25,One year,DSL,Credit card,No,Yes,100.77,No,1209.24,25-48 Months
CUST-01668,Female,30,48,Month-to-month,DSL,Mailed check,No,No,79.23,No,950.76,25-48 Months
CUST-01669,Female,41,45,Month-to-month,DSL,Credit card,Yes,No,91.33,No,1095.96,25-48 Months
CUST-01670,Female,37,40,Month-to-month,DSL,Mailed check,No,No,100.52,No,1206.24,25-48 Months
CUST-01671,Female,27,17,Month-to-month,DSL,Bank transfer,No,Yes,62.67,No,752.04,13-24 Months
CUST-01672,Female,36,7,One year,Fiber optic,Bank transfer,No,Yes,113.22,No,1358.64,7-12 Months
CUST-01673,Male,35,66,Month-to-month,DSL,Electronic check,No,Yes,54.45,No,653.4,49-72 Months
CUST-01674,Female,45,63,Month-to-month,DSL,Electronic check,Yes,Yes,41.32,Yes,495.84,49-72 Months
CUST-01675,Female,47,64,Two year,Fiber optic,Credit card,Yes,No,82.46,No,989.52,49-72 Months
CUST-01676,Female,64,37,Two year,DSL,Electronic check,Yes,Yes,76.05,No,912.6,25-48 Months
CUST-01677,Male,60,64,Month-to-month,DSL,Bank transfer,Yes,Yes,76.0,No,912.0,49-72 Months
CUST-01678,Male,33,35,Month-to-month,DSL,Electronic check,No,Yes,100.43,Yes,1205.16,25-48 Months
CUST-01679,Female,65,6,One year,DSL,Bank transfer,No,No,74.97,No,899.64,0-6 Months
CUST-01680,Female,45,15,Month-to-month,Fiber optic,Electronic check,No,Yes,80.77,Yes,969.24,13-24 Months
CUST-01681,Female,27,20,Month-to-month,DSL,Bank transfer,No,Yes,110.07,Yes,1320.84,13-24 Months
CUST-01682,Male,36,28,Month-to-month,DSL,Bank transfer,No,No,79.47,No,953.64,25-48 Months
CUST-01683,Male,57,68,Month-to-month,DSL,Electronic check,No,Yes,85.84,No,1030.08,49-72 Months
CUST-01684,Female,61,24,Two year,Fiber optic,Mailed check,No,Yes,32.3,No,387.6,13-24 Months
CUST-01685,Male,37,45,One year,No internet,Credit card,Yes,Yes,160.0,Yes,1920.0,25-48 Months
CUST-01686,Female,26,20,Two year,Fiber optic,Bank transfer,Yes,Yes,27.46,No,329.52,13-24 Months
CUST-01687,Male,28,47,One year,Fiber optic,Credit card,No,Yes,56.9,No,682.8,25-48 Months
CUST-01688,Male,23,41,One year,Fiber optic,Bank transfer,No,Yes,56.05,No,672.6,25-48 Months
CUST-01689,Female,55,11,One year,DSL,Bank transfer,No,Yes,131.02,Yes,1572.24,7-12 Months
CUST-01690,Male,44,34,One year,DSL,Bank transfer,Yes,Yes,55.18,No,662.16,25-48 Months
CUST-01691,Female,41,8,Month-to-month,Fiber optic,Credit card,No,Yes,84.37,No,1012.44,7-12 Months
CUST-01692,Female,53,65,Month-to-month,DSL,Mailed check,No,Yes,56.24,No,674.88,49-72 Months
CUST-01693,Female,61,51,Month-to-month,DSL,Mailed check,No,No,42.88,No,514.56,49-72 Months
CUST-01694,Male,60,68,Month-to-month,No internet,Credit card,No,No,87.97,Yes,1055.64,49-72 Months
CUST-01695,Male,25,64,Month-to-month,No internet,Credit card,No,No,51.87,No,622.44,49-72 Months
CUST-01696,Female,49,16,Month-to-month,DSL,Mailed check,No,No,77.81,Yes,933.72,13-24 Months
CUST-01697,Male,64,51,One year,Fiber optic,Electronic check,No,Yes,89.55,No,1074.6,49-72 Months
CUST-01698,Male,59,8,Month-to-month,Fiber optic,Bank transfer,No,Yes,125.39,No,1504.68,7-12 Months
CUST-01699,Male,35,70,Month-to-month,No internet,Bank transfer,Yes,Yes,36.66,No,439.92,49-72 Months
CUST-01700,Female,38,57,Month-to-month,DSL,Mailed check,Yes,No,67.72,No,812.64,49-72 Months
CUST-01701,Male,65,49,Month-to-month,DSL,Bank transfer,No,Yes,68.88,No,826.56,49-72 Months
CUST-01702,Male,19,72,Two year,No internet,Mailed check,No,No,72.03,No,864.36,49-72 Months
CUST-01703,Female,45,61,Month-to-month,No internet,Electronic check,No,No,143.93,No,1727.16,49-72 Months
CUST-01704,Male,24,63,Month-to-month,DSL,Bank transfer,Yes,Yes,67.15,No,805.8,49-72 Months
CUST-01705,Female,65,8,Month-to-month,No internet,Mailed check,Yes,No,20.0,No,240.0,7-12 Months
CUST-01706,Female,20,2,Two year,Fiber optic,Bank transfer,No,Yes,66.44,No,797.28,0-6 Months
CUST-01707,Female,19,70,One year,DSL,Electronic check,No,No,68.69,No,824.28,49-72 Months
CUST-01708,Female,35,19,Month-to-month,No internet,Credit card,No,Yes,65.25,No,783.0,13-24 Months
CUST-01709,Male,28,31,Month-to-month,Fiber optic,Electronic check,No,No,51.88,Yes,622.56,25-48 Months
CUST-01710,Male,44,4,One year,Fiber optic,Credit card,No,No,35.0,No,420.0,0-6 Months
CUST-01711,Male,33,45,Two year,DSL,Bank transfer,No,Yes,132.47,Yes,1589.64,25-48 Months
CUST-01712,Male,36,60,Month-to-month,DSL,Electronic check,No,No,80.91,No,970.92,49-72 Months
CUST-01713,Female,47,61,Month-to-month,Fiber optic,Credit card,No,Yes,66.62,No,799.44,49-72 Months
CUST-01714,Female,47,42,Month-to-month,Fiber optic,Mailed check,No,Yes,131.57,Yes,1578.84,25-48 Months
CUST-01715,Female,67,48,Month-to-month,Fiber optic,Mailed check,No,Yes,47.68,No,572.16,25-48 Months
CUST-01716,Female,43,37,One year,Fiber optic,Credit card,Yes,No,88.87,Yes,1066.44,25-48 Months
CUST-01717,Female,47,33,Two year,No internet,Credit card,No,No,37.03,No,444.36,25-48 Months
CUST-01718,Male,53,40,Two year,DSL,Bank transfer,No,Yes,93.02,No,1116.24,25-48 Months
CUST-01719,Male,27,68,One year,DSL,Credit card,Yes,No,40.23,No,482.76,49-72 Months
CUST-01720,Female,53,19,Month-to-month,Fiber optic,Electronic check,No,No,85.17,Yes,1022.04,13-24 Months
CUST-01721,Male,63,34,Two year,Fiber optic,Electronic check,Yes,Yes,126.69,No,1520.28,25-48 Months
CUST-01722,Female,34,44,Month-to-month,Fiber optic,Electronic check,No,No,74.62,Yes,895.44,25-48 Months
CUST-01723,Female,27,42,Month-to-month,DSL,Mailed check,No,Yes,20.0,Yes,240.0,25-48 Months
CUST-01724,Female,36,3,One year,No internet,Bank transfer,No,No,73.0,No,876.0,0-6 Months
CUST-01725,Female,32,21,Month-to-month,Fiber optic,Electronic check,No,Yes,85.45,Yes,1025.4,13-24 Months
CUST-01726,Female,49,47,Two year,No internet,Bank transfer,No,No,97.23,No,1166.76,25-48 Months
CUST-01727,Female,63,50,Two year,Fiber optic,Electronic check,No,Yes,113.26,No,1359.12,49-72 Months
CUST-01728,Female,49,53,One year,Fiber optic,Mailed check,No,Yes,114.69,Yes,1376.28,49-72 Months
CUST-01729,Male,24,72,One year,DSL,Bank transfer,Yes,No,68.33,No,819.96,49-72 Months
CUST-01730,Male,34,49,Month-to-month,Fiber optic,Electronic check,No,No,53.54,No,642.48,49-72 Months
CUST-01731,Female,54,42,Month-to-month,No internet,Bank transfer,Yes,Yes,40.68,No,488.16,25-48 Months
CUST-01732,Female,35,24,One year,Fiber optic,Bank transfer,No,No,56.88,No,682.56,13-24 Months
CUST-01733,Female,49,27,One year,DSL,Bank transfer,No,No,85.34,No,1024.08,25-48 Months
CUST-01734,Female,54,60,Two year,Fiber optic,Credit card,No,Yes,34.24,No,410.88,49-72 Months
CUST-01735,Female,35,34,Month-to-month,Fiber optic,Credit card,No,Yes,46.05,No,552.6,25-48 Months
CUST-01736,Female,52,52,Month-to-month,Fiber optic,Electronic check,No,Yes,87.74,No,1052.88,49-72 Months
CUST-01737,Female,39,9,Month-to-month,No internet,Bank transfer,No,Yes,53.9,Yes,646.8,7-12 Months
CUST-01738,Male,25,10,One year,DSL,Electronic check,No,No,82.36,Yes,988.32,7-12 Months
CUST-01739,Male,37,16,One year,DSL,Mailed check,No,Yes,49.2,No,590.4,13-24 Months
CUST-01740,Male,41,15,Two year,Fiber optic,Bank transfer,No,Yes,80.06,No,960.72,13-24 Months
CUST-01741,Male,18,44,Month-to-month,Fiber optic,Bank transfer,No,Yes,50.39,Yes,604.68,25-48 Months
CUST-01742,Female,65,46,Month-to-month,Fiber optic,Credit card,Yes,No,20.0,No,240.0,25-48 Months
CUST-01743,Male,45,41,Month-to-month,DSL,Bank transfer,No,Yes,98.77,Yes,1185.24,25-48 Months
CUST-01744,Male,19,21,Month-to-month,Fiber optic,Bank transfer,Yes,Yes,52.51,No,630.12,13-24 Months
CUST-01745,Male,64,42,Month-to-month,Fiber optic,Bank transfer,No,No,65.04,No,780.48,25-48 Months
CUST-01746,Female,63,9,One year,DSL,Electronic check,No,Yes,52.65,Yes,631.8,7-12 Months
CUST-01747,Female,18,35,Month-to-month,DSL,Electronic check,No,No,87.25,No,1047.0,25-48 Months
CUST-01748,Male,26,12,Month-to-month,Fiber optic,Mailed check,No,Yes,81.33,Yes,975.96,7-12 Months
CUST-01749,Female,37,6,One year,Fiber optic,Bank transfer,No,No,87.18,No,1046.16,0-6 Months
CUST-01750,Female,44,12,Two year,Fiber optic,Electronic check,No,Yes,56.61,No,679.32,7-12 Months
CUST-01751,Female,56,9,Month-to-month,DSL,Mailed check,No,Yes,70.61,No,847.32,7-12 Months
CUST-01752,Female,40,35,Month-to-month,Fiber optic,Electronic check,No,Yes,83.68,Yes,1004.16,25-48 Months
CUST-01753,Female,50,40,One year,DSL,Bank transfer,No,No,115.27,No,1383.24,25-48 Months
CUST-01754,Male,18,44,One year,Fiber optic,Mailed check,No,No,80.58,Yes,966.96,25-48 Months
CUST-01755,Female,52,32,Two year,No internet,Electronic check,No,Yes,43.91,Yes,526.92,25-48 Months
CUST-01756,Male,66,13,Month-to-month,No internet,Electronic check,No,No,79.5,No,954.0,13-24 Months
CUST-01757,Male,45,2,Month-to-month,Fiber optic,Electronic check,No,Yes,67.38,No,808.56,0-6 Months
CUST-01758,Female,42,52,Two year,DSL,Mailed check,No,No,20.0,No,240.0,49-72 Months
CUST-01759,Female,33,71,Month-to-month,Fiber optic,Credit card,Yes,No,20.34,No,244.08,49-72 Months
CUST-01760,Female,68,21,Month-to-month,DSL,Electronic check,Yes,Yes,70.14,No,841.68,13-24 Months
CUST-01761,Male,19,15,Two year,DSL,Mailed check,No,Yes,72.5,No,870.0,13-24 Months
CUST-01762,Male,33,23,Month-to-month,DSL,Bank transfer,No,No,63.75,No,765.0,13-24 Months
CUST-01763,Male,25,16,One year,Fiber optic,Bank transfer,No,No,96.76,Yes,1161.12,13-24 Months
CUST-01764,Female,63,17,Two year,Fiber optic,Electronic check,No,No,45.82,Yes,549.84,13-24 Months
CUST-01765,Female,43,36,Month-to-month,DSL,Electronic check,No,Yes,33.19,No,398.28,25-48 Months
CUST-01766,Female,66,57,One year,DSL,Credit card,No,No,48.88,No,586.56,49-72 Months
CUST-01767,Female,53,52,Month-to-month,DSL,Credit card,No,Yes,54.93,No,659.16,49-72 Months
CUST-01768,Male,47,70,Two year,DSL,Mailed check,No,No,70.37,No,844.44,49-72 Months
CUST-01769,Male,45,26,Two year,DSL,Bank transfer,No,No,49.67,No,596.04,25-48 Months
CUST-01770,Male,28,36,Two year,DSL,Electronic check,No,No,20.0,No,240.0,25-48 Months
CUST-01771,Male,47,28,Month-to-month,No internet,Electronic check,No,No,20.0,No,240.0,25-48 Months
CUST-01772,Male,54,4,One year,DSL,Electronic check,No,No,75.45,No,905.4,0-6 Months
CUST-01773,Male,69,28,Two year,No internet,Bank transfer,Yes,Yes,40.39,No,484.68,25-48 Months
CUST-01774,Male,47,19,One year,No internet,Electronic check,No,No,20.0,No,240.0,13-24 Months
CUST-01775,Female,67,35,One year,Fiber optic,Electronic check,No,Yes,89.5,Yes,1074.0,25-48 Months
CUST-01776,Male,68,12,Month-to-month,DSL,Electronic check,No,Yes,115.27,No,1383.24,7-12 Months
CUST-01777,Male,45,54,Two year,DSL,Electronic check,No,Yes,69.36,Yes,832.32,49-72 Months
CUST-01778,Male,41,61,Month-to-month,Fiber optic,Mailed check,No,Yes,79.52,No,954.24,49-72 Months
CUST-01779,Male,25,70,Month-to-month,DSL,Mailed check,No,Yes,79.75,Yes,957.0,49-72 Months
CUST-01780,Female,32,7,Two year,Fiber optic,Bank transfer,No,Yes,20.0,No,240.0,7-12 Months
CUST-01781,Male,64,9,Two year,DSL,Mailed check,Yes,Yes,96.88,No,1162.56,7-12 Months
CUST-01782,Male,25,70,Two year,Fiber optic,Mailed check,No,Yes,106.72,No,1280.64,49-72 Months
CUST-01783,Male,39,62,Month-to-month,DSL,Bank transfer,No,Yes,123.43,No,1481.16,49-72 Months
CUST-01784,Female,55,43,Month-to-month,DSL,Electronic check,Yes,No,59.75,No,717.0,25-48 Months
CUST-01785,Female,30,24,Month-to-month,DSL,Electronic check,Yes,Yes,40.22,No,482.64,13-24 Months
CUST-01786,Male,69,38,Month-to-month,Fiber optic,Credit card,No,No,110.04,Yes,1320.48,25-48 Months
CUST-01787,Male,52,39,Two year,DSL,Bank transfer,No,No,85.97,No,1031.64,25-48 Months
CUST-01788,Male,19,62,One year,Fiber optic,Mailed check,No,No,96.49,No,1157.88,49-72 Months
CUST-01789,Male,31,39,Month-to-month,Fiber optic,Electronic check,No,Yes,53.88,Yes,646.56,25-48 Months
CUST-01790,Female,57,2,Month-to-month,Fiber optic,Electronic check,Yes,Yes,79.6,No,955.2,0-6 Months
CUST-01791,Female,63,51,Month-to-month,No internet,Electronic check,No,Yes,42.5,Yes,510.0,49-72 Months
CUST-01792,Female,67,56,Two year,Fiber optic,Credit card,Yes,Yes,71.85,No,862.2,49-72 Months
CUST-01793,Male,63,22,One year,DSL,Bank transfer,No,No,62.26,No,747.12,13-24 Months
CUST-01794,Male,21,9,Month-to-month,No internet,Electronic check,No,Yes,137.62,Yes,1651.44,7-12 Months
CUST-01795,Male,56,11,Month-to-month,Fiber optic,Electronic check,No,No,87.36,Yes,1048.32,7-12 Months
CUST-01796,Male,23,61,Month-to-month,No internet,Electronic check,No,Yes,20.0,No,240.0,49-72 Months
CUST-01797,Female,22,33,Month-to-month,Fiber optic,Electronic check,No,No,71.96,Yes,863.52,25-48 Months
CUST-01798,Male,54,39,Two year,Fiber optic,Mailed check,No,Yes,82.31,No,987.72,25-48 Months
CUST-01799,Male,43,70,One year,Fiber optic,Mailed check,Yes,No,58.73,No,704.76,49-72 Months
CUST-01800,Female,52,5,Month-to-month,DSL,Credit card,No,No,41.12,No,493.44,0-6 Months
CUST-01801,Male,63,15,One year,No internet,Bank transfer,No,Yes,90.49,No,1085.88,13-24 Months
CUST-01802,Male,21,60,Month-to-month,DSL,Credit card,Yes,Yes,45.08,Yes,540.96,49-72 Months
CUST-01803,Male,45,39,Month-to-month,DSL,Credit card,No,Yes,88.11,No,1057.32,25-48 Months
CUST-01804,Male,62,2,One year,Fiber optic,Credit card,Yes,Yes,42.72,No,512.64,0-6 Months
CUST-01805,Male,41,51,Month-to-month,No internet,Credit card,Yes,Yes,57.05,No,684.6,49-72 Months
CUST-01806,Male,45,10,Month-to-month,DSL,Electronic check,No,No,98.77,No,1185.24,7-12 Months
CUST-01807,Male,44,57,Two year,Fiber optic,Electronic check,No,No,85.7,No,1028.4,49-72 Months
CUST-01808,Male,66,58,Two year,No internet,Electronic check,No,Yes,72.88,Yes,874.56,49-72 Months
CUST-01809,Male,20,60,Month-to-month,Fiber optic,Bank transfer,No,Yes,71.16,Yes,853.92,49-72 Months
CUST-01810,Female,64,34,One year,Fiber optic,Bank transfer,No,Yes,74.54,Yes,894.48,25-48 Months
CUST-01811,Male,61,20,Month-to-month,Fiber optic,Electronic check,No,No,49.84,Yes,598.08,13-24 Months
CUST-01812,Female,61,64,One year,Fiber optic,Credit card,No,Yes,29.53,No,354.36,49-72 Months
CUST-01813,Female,39,41,Month-to-month,DSL,Bank transfer,No,Yes,87.94,Yes,1055.28,25-48 Months
CUST-01814,Male,45,46,One year,DSL,Bank transfer,No,Yes,114.84,No,1378.08,25-48 Months
CUST-01815,Female,37,10,Month-to-month,No internet,Mailed check,No,No,88.92,Yes,1067.04,7-12 Months
CUST-01816,Male,31,45,Two year,Fiber optic,Electronic check,No,Yes,79.12,No,949.44,25-48 Months
CUST-01817,Male,64,42,Two year,DSL,Mailed check,No,No,38.16,No,457.92,25-48 Months
CUST-01818,Male,44,22,Month-to-month,DSL,Electronic check,Yes,Yes,96.56,Yes,1158.72,13-24 Months
CUST-01819,Male,56,56,One year,DSL,Bank transfer,No,No,85.48,No,1025.76,49-72 Months
CUST-01820,Male,23,10,Month-to-month,DSL,Electronic check,No,Yes,93.28,No,1119.36,7-12 Months
CUST-01821,Male,59,52,One year,DSL,Electronic check,No,No,100.95,No,1211.4,49-72 Months
CUST-01822,Female,52,70,Month-to-month,DSL,Mailed check,No,No,116.41,No,1396.92,49-72 Months
CUST-01823,Male,70,41,Month-to-month,DSL,Bank transfer,No,Yes,40.79,No,489.48,25-48 Months
CUST-01824,Female,25,8,One year,Fiber optic,Mailed check,Yes,Yes,35.91,No,430.92,7-12 Months
CUST-01825,Female,46,40,Month-to-month,DSL,Credit card,No,No,76.15,No,913.8,25-48 Months
CUST-01826,Female,45,39,Month-to-month,DSL,Electronic check,No,Yes,46.17,No,554.04,25-48 Months
CUST-01827,Male,46,40,Month-to-month,Fiber optic,Credit card,Yes,No,41.32,Yes,495.84,25-48 Months
CUST-01828,Female,20,20,Month-to-month,Fiber optic,Electronic check,No,No,106.16,No,1273.92,13-24 Months
CUST-01829,Female,43,46,Month-to-month,No internet,Electronic check,No,Yes,43.75,No,525.0,25-48 Months
CUST-01830,Female,33,20,One year,Fiber optic,Credit card,No,Yes,71.69,No,860.28,13-24 Months
CUST-01831,Male,50,41,One year,Fiber optic,Bank transfer,Yes,Yes,26.32,No,315.84,25-48 Months
CUST-01832,Female,30,43,Month-to-month,DSL,Bank transfer,No,Yes,73.77,Yes,885.24,25-48 Months
CUST-01833,Female,41,47,Month-to-month,Fiber optic,Bank transfer,No,Yes,105.12,No,1261.44,25-48 Months
CUST-01834,Male,50,58,One year,Fiber optic,Mailed check,Yes,No,105.97,No,1271.64,49-72 Months
CUST-01835,Male,21,64,One year,Fiber optic,Bank transfer,No,Yes,101.26,Yes,1215.12,49-72 Months
CUST-01836,Male,59,56,Two year,Fiber optic,Electronic check,No,No,69.81,No,837.72,49-72 Months
CUST-01837,Female,55,58,Month-to-month,Fiber optic,Credit card,Yes,Yes,103.12,No,1237.44,49-72 Months
CUST-01838,Male,21,63,Month-to-month,DSL,Credit card,No,Yes,84.04,No,1008.48,49-72 Months
CUST-01839,Male,21,18,One year,Fiber optic,Credit card,No,Yes,59.71,Yes,716.52,13-24 Months
CUST-01840,Female,63,22,Month-to-month,Fiber optic,Bank transfer,No,Yes,82.69,No,992.28,13-24 Months
CUST-01841,Male,33,39,Month-to-month,DSL,Bank transfer,No,Yes,96.8,Yes,1161.6,25-48 Months
CUST-01842,Male,63,34,Month-to-month,Fiber optic,Mailed check,Yes,No,34.82,Yes,417.84,25-48 Months
CUST-01843,Female,44,51,Two year,Fiber optic,Mailed check,No,Yes,42.31,No,507.72,49-72 Months
CUST-01844,Female,36,1,Month-to-month,Fiber optic,Credit card,No,Yes,67.98,No,815.76,0-6 Months
CUST-01845,Female,32,11,One year,Fiber optic,Bank transfer,Yes,No,37.79,No,453.48,7-12 Months
CUST-01846,Female,52,54,One year,Fiber optic,Mailed check,No,No,37.39,No,448.68,49-72 Months
CUST-01847,Male,23,60,Month-to-month,Fiber optic,Bank transfer,No,Yes,60.22,Yes,722.64,49-72 Months
CUST-01848,Female,39,22,Two year,No internet,Electronic check,No,Yes,99.78,Yes,1197.36,13-24 Months
CUST-01849,Female,36,23,One year,No internet,Credit card,Yes,Yes,99.25,No,1191.0,13-24 Months
CUST-01850,Male,26,41,Month-to-month,DSL,Credit card,No,Yes,80.99,No,971.88,25-48 Months
CUST-01851,Male,36,35,One year,Fiber optic,Electronic check,No,Yes,77.05,No,924.6,25-48 Months
CUST-01852,Male,46,13,Month-to-month,DSL,Electronic check,No,Yes,130.45,No,1565.4,13-24 Months
CUST-01853,Male,53,37,Month-to-month,DSL,Bank transfer,No,No,56.9,No,682.8,25-48 Months
CUST-01854,Male,22,59,One year,Fiber optic,Electronic check,No,No,78.75,Yes,945.0,49-72 Months
CUST-01855,Male,64,53,One year,No internet,Credit card,No,Yes,55.51,No,666.12,49-72 Months
CUST-01856,Female,64,59,Month-to-month,DSL,Electronic check,Yes,Yes,35.95,No,431.4,49-72 Months
CUST-01857,Male,54,47,Two year,Fiber optic,Electronic check,No,No,105.18,No,1262.16,25-48 Months
CUST-01858,Female,66,64,One year,No internet,Electronic check,No,Yes,63.45,No,761.4,49-72 Months
CUST-01859,Female,40,18,One year,Fiber optic,Bank transfer,No,No,91.46,No,1097.52,13-24 Months
CUST-01860,Female,61,4,Month-to-month,DSL,Bank transfer,Yes,No,65.11,Yes,781.32,0-6 Months
CUST-01861,Female,56,9,Month-to-month,Fiber optic,Credit card,No,No,106.91,Yes,1282.92,7-12 Months
CUST-01862,Male,47,72,Month-to-month,Fiber optic,Credit card,No,No,44.08,Yes,528.96,49-72 Months
CUST-01863,Female,27,47,One year,No internet,Bank transfer,No,Yes,104.59,No,1255.08,25-48 Months
CUST-01864,Male,47,18,Month-to-month,DSL,Electronic check,Yes,No,97.04,Yes,1164.48,13-24 Months
CUST-01865,Female,65,62,One year,Fiber optic,Electronic check,No,No,21.75,Yes,261.0,49-72 Months
CUST-01866,Male,70,23,Month-to-month,DSL,Credit card,Yes,Yes,57.53,No,690.36,13-24 Months
CUST-01867,Male,41,44,One year,No internet,Electronic check,Yes,Yes,100.58,No,1206.96,25-48 Months
CUST-01868,Female,31,18,Two year,No internet,Credit card,No,Yes,117.85,No,1414.2,13-24 Months
CUST-01869,Male,57,7,One year,No internet,Credit card,No,Yes,92.03,No,1104.36,7-12 Months
CUST-01870,Female,22,20,One year,No internet,Bank transfer,No,Yes,60.9,No,730.8,13-24 Months
CUST-01871,Male,26,17,Two year,DSL,Bank transfer,Yes,No,44.89,No,538.68,13-24 Months
CUST-01872,Male,47,40,Month-to-month,Fiber optic,Credit card,No,Yes,87.87,Yes,1054.44,25-48 Months
CUST-01873,Female,70,2,One year,No internet,Bank transfer,No,Yes,60.07,No,720.84,0-6 Months
CUST-01874,Female,35,18,Two year,Fiber optic,Bank transfer,Yes,No,61.26,No,735.12,13-24 Months
CUST-01875,Male,41,41,One year,Fiber optic,Mailed check,No,Yes,65.72,No,788.64,25-48 Months
CUST-01876,Male,35,29,Month-to-month,Fiber optic,Mailed check,Yes,Yes,96.69,No,1160.28,25-48 Months
CUST-01877,Male,41,46,Two year,Fiber optic,Mailed check,Yes,Yes,122.58,No,1470.96,25-48 Months
CUST-01878,Female,18,48,Month-to-month,DSL,Credit card,No,Yes,100.75,No,1209.0,25-48 Months
CUST-01879,Female,49,70,Month-to-month,No internet,Bank transfer,Yes,No,72.27,No,867.24,49-72 Months
CUST-01880,Male,49,61,Month-to-month,DSL,Bank transfer,No,Yes,46.82,No,561.84,49-72 Months
CUST-01881,Male,34,17,Month-to-month,DSL,Electronic check,No,Yes,90.69,Yes,1088.28,13-24 Months
CUST-01882,Male,31,50,Month-to-month,Fiber optic,Credit card,Yes,No,118.63,Yes,1423.56,49-72 Months
CUST-01883,Male,58,46,Month-to-month,DSL,Mailed check,No,No,100.1,No,1201.2,25-48 Months
CUST-01884,Female,27,43,Two year,Fiber optic,Bank transfer,No,Yes,77.82,No,933.84,25-48 Months
CUST-01885,Female,20,58,Month-to-month,Fiber optic,Electronic check,No,Yes,58.31,No,699.72,49-72 Months
CUST-01886,Male,20,11,Month-to-month,DSL,Credit card,Yes,No,81.66,No,979.92,7-12 Months
CUST-01887,Female,64,28,Two year,DSL,Bank transfer,No,Yes,104.33,No,1251.96,25-48 Months
CUST-01888,Male,37,59,Two year,Fiber optic,Mailed check,No,Yes,78.5,No,942.0,49-72 Months
CUST-01889,Male,23,65,Month-to-month,Fiber optic,Electronic check,Yes,Yes,69.1,Yes,829.2,49-72 Months
CUST-01890,Male,64,3,Month-to-month,Fiber optic,Electronic check,Yes,Yes,52.76,No,633.12,0-6 Months
CUST-01891,Male,25,34,One year,DSL,Electronic check,No,Yes,144.5,No,1734.0,25-48 Months
CUST-01892,Male,35,20,Two year,Fiber optic,Electronic check,Yes,No,47.05,No,564.6,13-24 Months
CUST-01893,Female,19,13,One year,Fiber optic,Mailed check,Yes,No,44.47,No,533.64,13-24 Months
CUST-01894,Female,53,5,Month-to-month,No internet,Mailed check,No,Yes,76.59,No,919.08,0-6 Months
CUST-01895,Male,55,39,One year,DSL,Mailed check,No,No,66.35,No,796.2,25-48 Months
CUST-01896,Female,58,49,One year,Fiber optic,Bank transfer,No,No,100.65,No,1207.8,49-72 Months
CUST-01897,Female,31,39,One year,DSL,Mailed check,No,No,101.6,No,1219.2,25-48 Months
CUST-01898,Female,35,27,Two year,Fiber optic,Electronic check,Yes,No,38.0,Yes,456.0,25-48 Months
CUST-01899,Female,67,56,One year,Fiber optic,Credit card,No,No,50.84,No,610.08,49-72 Months
CUST-01900,Male,61,47,One year,DSL,Mailed check,No,Yes,47.49,Yes,569.88,25-48 Months
CUST-01901,Female,19,66,One year,Fiber optic,Bank transfer,No,Yes,93.97,Yes,1127.64,49-72 Months
CUST-01902,Female,54,25,One year,Fiber optic,Credit card,Yes,Yes,83.99,No,1007.88,25-48 Months
CUST-01903,Female,61,18,Month-to-month,No internet,Bank transfer,Yes,No,61.6,No,739.2,13-24 Months
CUST-01904,Male,47,33,Month-to-month,DSL,Mailed check,No,No,78.06,No,936.72,25-48 Months
CUST-01905,Male,51,37,One year,No internet,Mailed check,No,No,40.46,No,485.52,25-48 Months
CUST-01906,Male,18,33,One year,No internet,Credit card,Yes,No,51.21,No,614.52,25-48 Months
CUST-01907,Male,19,60,Month-to-month,Fiber optic,Credit card,No,No,35.6,No,427.2,49-72 Months
CUST-01908,Male,19,4,Month-to-month,DSL,Electronic check,Yes,Yes,76.07,Yes,912.84,0-6 Months
CUST-01909,Male,26,38,One year,Fiber optic,Bank transfer,No,Yes,75.97,No,911.64,25-48 Months
CUST-01910,Female,70,31,One year,DSL,Credit card,No,No,44.44,Yes,533.28,25-48 Months
CUST-01911,Male,51,16,Month-to-month,Fiber optic,Credit card,No,Yes,83.79,No,1005.48,13-24 Months
CUST-01912,Female,59,47,Month-to-month,Fiber optic,Electronic check,No,No,101.6,Yes,1219.2,25-48 Months
CUST-01913,Male,33,58,Month-to-month,Fiber optic,Mailed check,No,No,43.15,No,517.8,49-72 Months
CUST-01914,Female,67,40,Two year,DSL,Mailed check,No,Yes,62.86,No,754.32,25-48 Months
CUST-01915,Male,28,7,Two year,Fiber optic,Electronic check,No,No,86.38,No,1036.56,7-12 Months
CUST-01916,Female,65,6,One year,DSL,Bank transfer,No,Yes,71.82,No,861.84,0-6 Months
CUST-01917,Male,19,31,Month-to-month,DSL,Mailed check,No,No,33.58,Yes,402.96,25-48 Months
CUST-01918,Male,19,49,One year,DSL,Electronic check,No,No,59.66,No,715.92,49-72 Months
CUST-01919,Male,22,23,Month-to-month,Fiber optic,Electronic check,No,Yes,58.73,Yes,704.76,13-24 Months
CUST-01920,Female,59,23,Two year,Fiber optic,Credit card,No,No,67.23,No,806.76,13-24 Months
CUST-01921,Male,31,62,Month-to-month,No internet,Credit card,No,Yes,68.42,No,821.04,49-72 Months
CUST-01922,Female,41,2,Month-to-month,DSL,Credit card,No,Yes,115.85,No,1390.2,0-6 Months
CUST-01923,Female,42,6,One year,Fiber optic,Credit card,No,Yes,66.16,No,793.92,0-6 Months
CUST-01924,Male,59,12,Month-to-month,No internet,Credit card,No,No,23.89,No,286.68,7-12 Months
CUST-01925,Male,36,71,One year,Fiber optic,Mailed check,No,No,74.55,No,894.6,49-72 Months
CUST-01926,Male,18,36,One year,Fiber optic,Electronic check,No,Yes,120.94,No,1451.28,25-48 Months
CUST-01927,Male,38,12,Month-to-month,Fiber optic,Credit card,Yes,No,67.32,No,807.84,7-12 Months
CUST-01928,Male,33,23,Month-to-month,Fiber optic,Bank transfer,No,No,59.73,No,716.76,13-24 Months
CUST-01929,Male,56,70,One year,Fiber optic,Mailed check,No,No,63.46,No,761.52,49-72 Months
CUST-01930,Female,57,50,Two year,DSL,Credit card,No,Yes,88.36,No,1060.32,49-72 Months
CUST-01931,Male,22,17,Month-to-month,Fiber optic,Electronic check,No,Yes,63.34,Yes,760.08,13-24 Months
CUST-01932,Male,60,18,Month-to-month,DSL,Credit card,Yes,Yes,29.56,Yes,354.72,13-24 Months
CUST-01933,Female,21,6,One year,DSL,Bank transfer,No,No,53.19,No,638.28,0-6 Months
CUST-01934,Female,50,56,Month-to-month,No internet,Electronic check,Yes,Yes,70.19,No,842.28,49-72 Months
CUST-01935,Male,38,10,One year,Fiber optic,Credit card,Yes,Yes,87.0,No,1044.0,7-12 Months
CUST-01936,Male,33,21,One year,DSL,Bank transfer,No,No,55.68,No,668.16,13-24 Months
CUST-01937,Male,43,26,Month-to-month,Fiber optic,Bank transfer,No,Yes,63.71,No,764.52,25-48 Months
CUST-01938,Female,34,45,One year,DSL,Bank transfer,Yes,No,73.26,No,879.12,25-48 Months
CUST-01939,Female,60,44,Month-to-month,Fiber optic,Electronic check,No,No,50.23,No,602.76,25-48 Months
CUST-01940,Male,69,58,Month-to-month,DSL,Electronic check,Yes,Yes,69.43,No,833.16,49-72 Months
CUST-01941,Male,61,22,One year,Fiber optic,Electronic check,No,Yes,85.08,Yes,1020.96,13-24 Months
CUST-01942,Male,41,28,Two year,DSL,Electronic check,No,Yes,38.78,No,465.36,25-48 Months
CUST-01943,Female,44,28,One year,Fiber optic,Electronic check,Yes,Yes,80.58,No,966.96,25-48 Months
CUST-01944,Male,41,4,Month-to-month,Fiber optic,Mailed check,No,Yes,41.47,Yes,497.64,0-6 Months
CUST-01945,Male,60,54,One year,DSL,Electronic check,No,Yes,42.03,No,504.36,49-72 Months
CUST-01946,Male,47,39,Month-to-month,Fiber optic,Mailed check,No,Yes,53.44,No,641.28,25-48 Months
CUST-01947,Male,42,35,Month-to-month,DSL,Electronic check,No,Yes,110.23,Yes,1322.76,25-48 Months
CUST-01948,Female,39,72,Month-to-month,DSL,Electronic check,No,No,23.97,Yes,287.64,49-72 Months
CUST-01949,Male,37,13,Month-to-month,DSL,Credit card,No,Yes,59.01,No,708.12,13-24 Months
CUST-01950,Male,47,70,Month-to-month,DSL,Credit card,No,No,71.26,Yes,855.12,49-72 Months
CUST-01951,Female,54,49,Two year,DSL,Credit card,No,No,104.68,No,1256.16,49-72 Months
CUST-01952,Female,40,16,Month-to-month,No internet,Electronic check,No,No,126.54,No,1518.48,13-24 Months
CUST-01953,Male,60,49,Two year,Fiber optic,Bank transfer,No,No,60.18,No,722.16,49-72 Months
CUST-01954,Male,61,55,One year,DSL,Electronic check,Yes,Yes,87.1,No,1045.2,49-72 Months
CUST-01955,Female,40,27,Month-to-month,DSL,Bank transfer,No,Yes,69.35,No,832.2,25-48 Months
CUST-01956,Male,66,25,Month-to-month,Fiber optic,Credit card,No,Yes,69.17,No,830.04,25-48 Months
CUST-01957,Female,27,61,Month-to-month,Fiber optic,Mailed check,No,Yes,79.65,No,955.8,49-72 Months
CUST-01958,Female,67,12,Month-to-month,Fiber optic,Credit card,No,No,27.61,No,331.32,7-12 Months
CUST-01959,Female,33,1,One year,DSL,Bank transfer,No,Yes,70.66,Yes,847.92,0-6 Months
CUST-01960,Male,47,48,Two year,Fiber optic,Electronic check,No,Yes,84.62,No,1015.44,25-48 Months
CUST-01961,Female,33,66,Two year,DSL,Electronic check,No,No,47.93,No,575.16,49-72 Months
CUST-01962,Female,41,37,Month-to-month,DSL,Credit card,Yes,No,84.81,Yes,1017.72,25-48 Months
CUST-01963,Male,36,10,Month-to-month,DSL,Mailed check,No,No,23.6,No,283.2,7-12 Months
CUST-01964,Female,55,39,Month-to-month,Fiber optic,Electronic check,Yes,Yes,74.62,Yes,895.44,25-48 Months
CUST-01965,Female,22,19,Two year,DSL,Electronic check,Yes,Yes,109.58,Yes,1314.96,13-24 Months
CUST-01966,Female,62,60,Month-to-month,DSL,Credit card,No,Yes,65.88,No,790.56,49-72 Months
CUST-01967,Male,65,45,Month-to-month,Fiber optic,Electronic check,Yes,No,44.61,Yes,535.32,25-48 Months
CUST-01968,Male,47,25,One year,Fiber optic,Credit card,No,No,32.1,Yes,385.2,25-48 Months
CUST-01969,Female,47,45,One year,Fiber optic,Bank transfer,No,No,82.93,No,995.16,25-48 Months
CUST-01970,Male,55,49,Month-to-month,No internet,Electronic check,No,Yes,97.98,No,1175.76,49-72 Months
CUST-01971,Female,28,49,One year,Fiber optic,Mailed check,Yes,No,70.43,No,845.16,49-72 Months
CUST-01972,Female,57,27,Month-to-month,Fiber optic,Bank transfer,No,Yes,59.02,Yes,708.24,25-48 Months
CUST-01973,Female,29,42,Month-to-month,Fiber optic,Mailed check,No,Yes,20.0,No,240.0,25-48 Months
CUST-01974,Male,53,4,Month-to-month,Fiber optic,Electronic check,No,No,75.47,No,905.64,0-6 Months
CUST-01975,Female,34,30,Month-to-month,Fiber optic,Electronic check,No,Yes,52.7,Yes,632.4,25-48 Months
CUST-01976,Male,57,28,Two year,DSL,Credit card,No,Yes,54.31,No,651.72,25-48 Months
CUST-01977,Female,59,39,Month-to-month,DSL,Bank transfer,No,Yes,117.26,No,1407.12,25-48 Months
CUST-01978,Male,29,69,One year,DSL,Mailed check,No,Yes,21.55,No,258.6,49-72 Months
CUST-01979,Male,50,69,Month-to-month,Fiber optic,Electronic check,No,Yes,25.3,Yes,303.6,49-72 Months
CUST-01980,Female,44,35,One year,DSL,Mailed check,No,No,78.48,No,941.76,25-48 Months
CUST-01981,Female,33,47,Two year,DSL,Bank transfer,No,Yes,61.21,No,734.52,25-48 Months
CUST-01982,Female,49,8,Month-to-month,DSL,Electronic check,No,No,57.47,No,689.64,7-12 Months
CUST-01983,Male,70,35,Two year,DSL,Credit card,No,No,79.63,No,955.56,25-48 Months
CUST-01984,Female,18,50,One year,Fiber optic,Credit card,No,No,79.17,No,950.04,49-72 Months
CUST-01985,Female,68,50,One year,DSL,Electronic check,No,No,44.74,Yes,536.88,49-72 Months
CUST-01986,Female,63,70,Month-to-month,DSL,Credit card,No,No,55.43,No,665.16,49-72 Months
CUST-01987,Female,46,34,One year,Fiber optic,Bank transfer,No,Yes,73.39,No,880.68,25-48 Months
CUST-01988,Male,50,66,Month-to-month,DSL,Bank transfer,No,No,76.68,No,920.16,49-72 Months
CUST-01989,Male,37,71,Two year,Fiber optic,Electronic check,No,Yes,85.53,No,1026.36,49-72 Months
CUST-01990,Female,24,42,Two year,Fiber optic,Credit card,Yes,Yes,55.67,No,668.04,25-48 Months
CUST-01991,Female,48,7,Month-to-month,DSL,Mailed check,No,Yes,81.72,No,980.64,7-12 Months
CUST-01992,Male,61,28,Two year,DSL,Credit card,Yes,Yes,98.61,No,1183.32,25-48 Months
CUST-01993,Male,30,56,Two year,No internet,Electronic check,No,No,73.31,No,879.72,49-72 Months
CUST-01994,Female,56,42,One year,No internet,Electronic check,No,No,69.12,Yes,829.44,25-48 Months
CUST-01995,Female,57,68,Month-to-month,Fiber optic,Credit card,No,No,65.4,Yes,784.8,49-72 Months
CUST-01996,Male,58,59,Month-to-month,DSL,Mailed check,No,Yes,54.71,No,656.52,49-72 Months
CUST-01997,Female,36,5,Month-to-month,No internet,Electronic check,No,Yes,45.74,No,548.88,0-6 Months
CUST-01998,Female,38,63,Month-to-month,Fiber optic,Credit card,Yes,Yes,63.65,Yes,763.8,49-72 Months
CUST-01999,Male,40,26,Two year,DSL,Electronic check,No,Yes,84.62,No,1015.44,25-48 Months
CUST-02000,Male,63,59,Month-to-month,No internet,Credit card,No,Yes,47.1,No,565.2,49-72 Months
CUST-02001,Female,65,37,One year,Fiber optic,Credit card,No,No,69.89,No,838.68,25-48 Months
CUST-02002,Male,39,33,One year,No internet,Electronic check,No,No,66.64,No,799.68,25-48 Months
CUST-02003,Male,69,6,One year,DSL,Bank transfer,No,Yes,121.78,No,1461.36,0-6 Months
CUST-02004,Male,48,9,Month-to-month,No internet,Credit card,No,Yes,92.24,No,1106.88,7-12 Months
CUST-02005,Female,38,43,One year,DSL,Credit card,No,Yes,91.78,No,1101.36,25-48 Months
CUST-02006,Male,18,41,One year,DSL,Mailed check,No,No,97.76,No,1173.12,25-48 Months
CUST-02007,Male,50,40,One year,DSL,Bank transfer,No,Yes,56.72,No,680.64,25-48 Months
CUST-02008,Male,52,12,Month-to-month,Fiber optic,Bank transfer,Yes,Yes,110.55,No,1326.6,7-12 Months
CUST-02009,Female,69,37,One year,DSL,Electronic check,No,No,76.46,No,917.52,25-48 Months
CUST-02010,Female,56,5,Month-to-month,No internet,Bank transfer,No,Yes,70.75,No,849.0,0-6 Months
CUST-02011,Male,19,11,One year,No internet,Electronic check,No,Yes,37.99,No,455.88,7-12 Months
CUST-02012,Male,48,36,Month-to-month,No internet,Electronic check,No,Yes,60.75,Yes,729.0,25-48 Months
CUST-02013,Male,57,45,Month-to-month,DSL,Mailed check,No,Yes,22.55,No,270.6,25-48 Months
CUST-02014,Female,44,48,Two year,DSL,Credit card,No,No,65.05,No,780.6,25-48 Months
CUST-02015,Female,40,71,Month-to-month,DSL,Electronic check,No,Yes,55.86,No,670.32,49-72 Months
CUST-02016,Male,60,62,Two year,DSL,Electronic check,No,No,60.85,Yes,730.2,49-72 Months
CUST-02017,Male,50,28,Two year,DSL,Electronic check,No,Yes,33.19,No,398.28,25-48 Months
CUST-02018,Female,54,57,Month-to-month,Fiber optic,Electronic check,No,Yes,91.7,Yes,1100.4,49-72 Months
CUST-02019,Female,42,7,Month-to-month,Fiber optic,Credit card,No,Yes,88.59,No,1063.08,7-12 Months
CUST-02020,Male,32,62,Month-to-month,DSL,Mailed check,No,No,119.31,No,1431.72,49-72 Months
CUST-02021,Male,45,28,Two year,Fiber optic,Electronic check,Yes,Yes,118.52,Yes,1422.24,25-48 Months
CUST-02022,Female,68,55,One year,Fiber optic,Credit card,No,No,76.37,No,916.44,49-72 Months
CUST-02023,Female,49,70,Month-to-month,Fiber optic,Electronic check,No,No,100.66,No,1207.92,49-72 Months
CUST-02024,Female,55,51,Month-to-month,DSL,Mailed check,No,Yes,79.32,No,951.84,49-72 Months
CUST-02025,Male,24,67,Month-to-month,No internet,Credit card,No,Yes,60.03,No,720.36,49-72 Months
CUST-02026,Male,70,1,One year,DSL,Bank transfer,No,No,64.21,No,770.52,0-6 Months
CUST-02027,Female,30,13,Month-to-month,No internet,Electronic check,No,No,89.89,No,1078.68,13-24 Months
CUST-02028,Female,69,46,Month-to-month,No internet,Bank transfer,No,Yes,160.0,No,1920.0,25-48 Months
CUST-02029,Female,41,39,Two year,Fiber optic,Bank transfer,No,No,104.67,No,1256.04,25-48 Months
CUST-02030,Male,66,9,Month-to-month,Fiber optic,Bank transfer,No,Yes,78.9,No,946.8,7-12 Months
CUST-02031,Female,65,52,Month-to-month,Fiber optic,Electronic check,No,No,85.55,No,1026.6,49-72 Months
CUST-02032,Male,58,5,One year,Fiber optic,Credit card,No,Yes,85.3,No,1023.6,0-6 Months
CUST-02033,Male,66,72,Two year,DSL,Mailed check,No,Yes,69.47,No,833.64,49-72 Months
CUST-02034,Female,50,12,Month-to-month,Fiber optic,Bank transfer,No,Yes,93.18,No,1118.16,7-12 Months
CUST-02035,Female,62,33,Two year,No internet,Credit card,No,No,67.65,No,811.8,25-48 Months
CUST-02036,Female,27,60,Month-to-month,DSL,Credit card,No,Yes,43.68,No,524.16,49-72 Months
CUST-02037,Female,21,38,Two year,Fiber optic,Bank transfer,No,No,85.49,No,1025.88,25-48 Months
CUST-02038,Male,46,54,Month-to-month,No internet,Electronic check,No,Yes,89.23,Yes,1070.76,49-72 Months
CUST-02039,Female,60,51,One year,No internet,Electronic check,No,Yes,67.92,Yes,815.04,49-72 Months
CUST-02040,Male,58,69,Month-to-month,DSL,Bank transfer,No,Yes,80.68,Yes,968.16,49-72 Months
CUST-02041,Male,45,34,Two year,DSL,Electronic check,No,No,98.9,No,1186.8,25-48 Months
CUST-02042,Female,45,71,Two year,No internet,Bank transfer,No,Yes,70.55,No,846.6,49-72 Months
CUST-02043,Female,50,38,Month-to-month,DSL,Bank transfer,No,No,59.48,No,713.76,25-48 Months
CUST-02044,Female,64,65,Month-to-month,No internet,Bank transfer,No,No,52.14,Yes,625.68,49-72 Months
CUST-02045,Male,62,53,One year,Fiber optic,Electronic check,No,No,64.89,No,778.68,49-72 Months
CUST-02046,Female,23,10,Month-to-month,DSL,Credit card,No,No,114.98,No,1379.76,7-12 Months
CUST-02047,Male,49,47,One year,DSL,Bank transfer,Yes,No,66.45,No,797.4,25-48 Months
CUST-02048,Female,38,64,One year,Fiber optic,Mailed check,No,Yes,82.06,No,984.72,49-72 Months
CUST-02049,Female,60,10,Month-to-month,Fiber optic,Bank transfer,No,Yes,62.91,No,754.92,7-12 Months
CUST-02050,Female,44,61,Month-to-month,Fiber optic,Electronic check,No,Yes,60.51,No,726.12,49-72 Months
CUST-02051,Male,70,8,Two year,Fiber optic,Bank transfer,Yes,No,47.38,No,568.56,7-12 Months
CUST-02052,Male,40,63,Month-to-month,Fiber optic,Electronic check,Yes,Yes,74.81,No,897.72,49-72 Months
CUST-02053,Male,53,57,One year,Fiber optic,Bank transfer,No,Yes,57.52,No,690.24,49-72 Months
CUST-02054,Female,23,11,Month-to-month,DSL,Electronic check,Yes,Yes,107.66,Yes,1291.92,7-12 Months
CUST-02055,Female,67,53,Month-to-month,DSL,Electronic check,No,No,68.99,No,827.88,49-72 Months
CUST-02056,Male,26,9,Month-to-month,DSL,Electronic check,No,Yes,70.75,Yes,849.0,7-12 Months
CUST-02057,Female,38,41,Month-to-month,Fiber optic,Electronic check,Yes,No,66.95,No,803.4,25-48 Months
CUST-02058,Female,62,67,One year,DSL,Credit card,Yes,Yes,82.39,No,988.68,49-72 Months
CUST-02059,Male,69,15,Month-to-month,Fiber optic,Credit card,No,Yes,113.75,No,1365.0,13-24 Months
CUST-02060,Male,43,13,One year,Fiber optic,Electronic check,No,No,42.89,No,514.68,13-24 Months
CUST-02061,Female,43,31,One year,DSL,Electronic check,No,Yes,79.78,No,957.36,25-48 Months
CUST-02062,Female,20,27,Month-to-month,No internet,Bank transfer,No,Yes,28.07,Yes,336.84,25-48 Months
CUST-02063,Male,69,4,Month-to-month,No internet,Electronic check,No,No,106.25,No,1275.0,0-6 Months
CUST-02064,Female,18,33,One year,DSL,Mailed check,No,Yes,68.97,No,827.64,25-48 Months
CUST-02065,Female,19,19,One year,DSL,Electronic check,No,Yes,30.14,No,361.68,13-24 Months
CUST-02066,Female,43,9,One year,DSL,Bank transfer,Yes,No,36.28,Yes,435.36,7-12 Months
CUST-02067,Female,18,20,Month-to-month,DSL,Credit card,No,Yes,94.79,No,1137.48,13-24 Months
CUST-02068,Female,26,2,Two year,Fiber optic,Electronic check,No,No,25.39,Yes,304.68,0-6 Months
CUST-02069,Male,51,66,Month-to-month,Fiber optic,Credit card,Yes,No,79.79,No,957.48,49-72 Months
CUST-02070,Male,55,72,One year,No internet,Credit card,No,Yes,60.0,Yes,720.0,49-72 Months
CUST-02071,Male,33,27,Month-to-month,No internet,Credit card,No,Yes,66.55,No,798.6,25-48 Months
CUST-02072,Female,60,64,One year,Fiber optic,Bank transfer,Yes,Yes,53.13,No,637.56,49-72 Months
CUST-02073,Male,50,34,Month-to-month,Fiber optic,Credit card,No,Yes,45.32,No,543.84,25-48 Months
CUST-02074,Male,30,66,One year,Fiber optic,Bank transfer,No,Yes,58.35,No,700.2,49-72 Months
CUST-02075,Female,55,13,Month-to-month,DSL,Credit card,No,No,88.02,Yes,1056.24,13-24 Months
CUST-02076,Male,49,21,One year,Fiber optic,Electronic check,Yes,No,63.81,No,765.72,13-24 Months
CUST-02077,Male,61,54,Month-to-month,DSL,Bank transfer,No,No,83.79,No,1005.48,49-72 Months
CUST-02078,Male,26,16,One year,Fiber optic,Bank transfer,No,No,65.22,No,782.64,13-24 Months
CUST-02079,Male,30,60,Month-to-month,Fiber optic,Electronic check,No,Yes,89.11,Yes,1069.32,49-72 Months
CUST-02080,Male,34,31,Month-to-month,Fiber optic,Electronic check,No,Yes,83.62,No,1003.44,25-48 Months
CUST-02081,Female,36,30,One year,DSL,Electronic check,No,Yes,56.86,No,682.32,25-48 Months
CUST-02082,Male,65,33,Month-to-month,Fiber optic,Mailed check,Yes,Yes,45.3,No,543.6,25-48 Months
CUST-02083,Male,56,58,Month-to-month,DSL,Electronic check,No,No,98.76,No,1185.12,49-72 Months
CUST-02084,Female,46,1,Two year,DSL,Electronic check,No,No,49.23,No,590.76,0-6 Months
CUST-02085,Male,46,55,Two year,DSL,Electronic check,No,No,86.02,No,1032.24,49-72 Months
CUST-02086,Female,64,57,Two year,Fiber optic,Bank transfer,No,Yes,72.87,No,874.44,49-72 Months
CUST-02087,Female,41,60,Month-to-month,DSL,Electronic check,No,Yes,59.03,No,708.36,49-72 Months
CUST-02088,Female,29,72,Month-to-month,Fiber optic,Electronic check,Yes,Yes,84.03,No,1008.36,49-72 Months
CUST-02089,Male,25,57,One year,DSL,Electronic check,Yes,Yes,110.3,No,1323.6,49-72 Months
CUST-02090,Male,35,39,Month-to-month,DSL,Mailed check,No,Yes,89.51,No,1074.12,25-48 Months
CUST-02091,Female,52,34,One year,No internet,Electronic check,No,No,75.62,No,907.44,25-48 Months
CUST-02092,Male,42,28,Month-to-month,No internet,Credit card,Yes,Yes,117.4,No,1408.8,25-48 Months
CUST-02093,Female,40,60,Two year,DSL,Electronic check,No,No,25.12,No,301.44,49-72 Months
CUST-02094,Male,43,29,One year,No internet,Electronic check,No,No,40.86,No,490.32,25-48 Months
CUST-02095,Male,69,42,Month-to-month,Fiber optic,Mailed check,No,Yes,59.0,Yes,708.0,25-48 Months
CUST-02096,Female,70,7,Month-to-month,DSL,Credit card,No,No,111.74,No,1340.88,7-12 Months
CUST-02097,Female,26,23,Month-to-month,Fiber optic,Mailed check,No,No,98.4,No,1180.8,13-24 Months
CUST-02098,Female,24,20,Month-to-month,Fiber optic,Electronic check,No,No,23.94,Yes,287.28,13-24 Months
CUST-02099,Female,30,32,One year,DSL,Bank transfer,No,Yes,59.78,No,717.36,25-48 Months
CUST-02100,Male,63,37,Month-to-month,DSL,Mailed check,No,No,34.93,No,419.16,25-48 Months
CUST-02101,Female,42,52,Month-to-month,DSL,Mailed check,No,Yes,70.87,No,850.44,49-72 Months
CUST-02102,Female,63,32,Month-to-month,DSL,Credit card,Yes,Yes,97.25,No,1167.0,25-48 Months
CUST-02103,Male,52,11,One year,DSL,Credit card,No,Yes,99.32,No,1191.84,7-12 Months
CUST-02104,Male,47,40,Month-to-month,No internet,Bank transfer,No,Yes,79.5,No,954.0,25-48 Months
CUST-02105,Female,32,4,Month-to-month,No internet,Electronic check,Yes,Yes,60.1,No,721.2,0-6 Months
CUST-02106,Male,36,62,Two year,DSL,Bank transfer,No,No,69.33,No,831.96,49-72 Months
CUST-02107,Female,25,56,Month-to-month,Fiber optic,Credit card,No,Yes,91.13,Yes,1093.56,49-72 Months
CUST-02108,Male,45,17,Month-to-month,DSL,Credit card,No,Yes,137.72,No,1652.64,13-24 Months
CUST-02109,Male,32,19,Two year,DSL,Electronic check,No,No,38.82,No,465.84,13-24 Months
CUST-02110,Male,33,2,Month-to-month,No internet,Electronic check,Yes,Yes,116.49,Yes,1397.88,0-6 Months
CUST-02111,Male,20,27,Two year,Fiber optic,Electronic check,Yes,Yes,78.83,No,945.96,25-48 Months
CUST-02112,Female,60,3,One year,Fiber optic,Credit card,No,Yes,94.97,No,1139.64,0-6 Months
CUST-02113,Female,67,68,One year,Fiber optic,Mailed check,Yes,Yes,77.18,No,926.16,49-72 Months
CUST-02114,Female,44,10,Month-to-month,Fiber optic,Electronic check,No,Yes,111.32,No,1335.84,7-12 Months
CUST-02115,Female,46,48,Month-to-month,DSL,Electronic check,No,No,81.23,Yes,974.76,25-48 Months
CUST-02116,Male,67,42,Month-to-month,Fiber optic,Electronic check,No,No,53.83,No,645.96,25-48 Months
CUST-02117,Female,45,18,Month-to-month,Fiber optic,Credit card,No,Yes,84.6,No,1015.2,13-24 Months
CUST-02118,Female,51,59,Month-to-month,DSL,Mailed check,No,Yes,103.55,No,1242.6,49-72 Months
CUST-02119,Female,40,8,One year,Fiber optic,Electronic check,Yes,No,72.01,No,864.12,7-12 Months
CUST-02120,Female,45,64,One year,Fiber optic,Bank transfer,No,Yes,20.0,No,240.0,49-72 Months
CUST-02121,Female,45,54,Month-to-month,DSL,Bank transfer,No,Yes,68.78,Yes,825.36,49-72 Months
CUST-02122,Female,55,46,One year,DSL,Bank transfer,No,Yes,74.75,No,897.0,25-48 Months
CUST-02123,Female,50,64,Two year,No internet,Credit card,No,No,70.74,No,848.88,49-72 Months
CUST-02124,Female,44,30,One year,DSL,Electronic check,No,No,58.13,No,697.56,25-48 Months
CUST-02125,Female,22,21,One year,No internet,Electronic check,Yes,Yes,109.04,No,1308.48,13-24 Months
CUST-02126,Male,65,12,One year,Fiber optic,Electronic check,Yes,Yes,20.0,No,240.0,7-12 Months
CUST-02127,Male,65,67,Month-to-month,DSL,Bank transfer,No,No,74.63,No,895.56,49-72 Months
CUST-02128,Female,27,29,Month-to-month,DSL,Credit card,No,Yes,75.02,No,900.24,25-48 Months
CUST-02129,Male,33,60,Two year,DSL,Electronic check,No,Yes,130.66,No,1567.92,49-72 Months
CUST-02130,Male,69,24,One year,DSL,Bank transfer,Yes,No,71.6,No,859.2,13-24 Months
CUST-02131,Female,35,69,One year,Fiber optic,Bank transfer,No,Yes,84.48,No,1013.76,49-72 Months
CUST-02132,Female,61,63,Two year,Fiber optic,Credit card,No,Yes,75.5,No,906.0,49-72 Months
CUST-02133,Female,59,23,Month-to-month,DSL,Mailed check,No,No,74.64,No,895.68,13-24 Months
CUST-02134,Male,63,36,Month-to-month,DSL,Electronic check,No,No,121.36,Yes,1456.32,25-48 Months
CUST-02135,Male,18,58,One year,Fiber optic,Bank transfer,No,Yes,40.87,No,490.44,49-72 Months
CUST-02136,Female,43,17,Month-to-month,DSL,Credit card,Yes,Yes,53.32,No,639.84,13-24 Months
CUST-02137,Female,47,2,One year,DSL,Bank transfer,No,Yes,93.12,Yes,1117.44,0-6 Months
CUST-02138,Male,62,21,Two year,DSL,Credit card,No,Yes,79.19,No,950.28,13-24 Months
CUST-02139,Female,29,43,One year,Fiber optic,Mailed check,No,Yes,64.07,No,768.84,25-48 Months
CUST-02140,Male,34,10,Month-to-month,No internet,Bank transfer,No,Yes,70.02,No,840.24,7-12 Months
CUST-02141,Female,27,25,One year,DSL,Electronic check,No,Yes,97.59,No,1171.08,25-48 Months
CUST-02142,Female,58,67,Month-to-month,DSL,Mailed check,No,Yes,85.58,No,1026.96,49-72 Months
CUST-02143,Female,70,6,Two year,DSL,Electronic check,No,Yes,52.04,No,624.48,0-6 Months
CUST-02144,Female,25,4,Month-to-month,DSL,Electronic check,No,Yes,78.66,Yes,943.92,0-6 Months
CUST-02145,Male,30,31,Two year,Fiber optic,Electronic check,No,No,70.61,No,847.32,25-48 Months
CUST-02146,Male,34,1,Month-to-month,No internet,Bank transfer,No,No,85.17,No,1022.04,0-6 Months
CUST-02147,Male,65,3,Month-to-month,Fiber optic,Credit card,Yes,Yes,63.01,Yes,756.12,0-6 Months
CUST-02148,Female,41,14,Month-to-month,DSL,Electronic check,No,No,38.17,Yes,458.04,13-24 Months
CUST-02149,Female,32,8,Month-to-month,No internet,Mailed check,No,Yes,90.83,No,1089.96,7-12 Months
CUST-02150,Female,35,59,Month-to-month,DSL,Electronic check,No,No,87.36,No,1048.32,49-72 Months
CUST-02151,Male,49,9,Two year,DSL,Mailed check,No,Yes,111.63,No,1339.56,7-12 Months
CUST-02152,Male,38,38,Two year,Fiber optic,Electronic check,No,No,35.15,No,421.8,25-48 Months
CUST-02153,Female,25,51,Month-to-month,Fiber optic,Bank transfer,Yes,No,70.03,No,840.36,49-72 Months
CUST-02154,Female,61,46,One year,DSL,Credit card,No,Yes,65.55,Yes,786.6,25-48 Months
CUST-02155,Female,40,48,Two year,Fiber optic,Mailed check,No,No,60.91,No,730.92,25-48 Months
CUST-02156,Male,31,26,Two year,Fiber optic,Bank transfer,No,No,28.85,Yes,346.2,25-48 Months
CUST-02157,Male,56,64,Month-to-month,No internet,Bank transfer,No,No,42.14,No,505.68,49-72 Months
CUST-02158,Female,57,5,Month-to-month,Fiber optic,Electronic check,No,Yes,79.57,No,954.84,0-6 Months
CUST-02159,Female,26,8,Two year,Fiber optic,Mailed check,No,Yes,58.01,Yes,696.12,7-12 Months
CUST-02160,Male,21,62,Month-to-month,Fiber optic,Electronic check,Yes,No,48.86,No,586.32,49-72 Months
CUST-02161,Female,20,5,Month-to-month,DSL,Mailed check,No,Yes,112.05,No,1344.6,0-6 Months
CUST-02162,Male,58,14,One year,DSL,Credit card,No,Yes,138.46,Yes,1661.52,13-24 Months
CUST-02163,Male,51,13,Month-to-month,DSL,Mailed check,No,Yes,70.42,No,845.04,13-24 Months
CUST-02164,Female,59,3,Two year,DSL,Mailed check,Yes,Yes,29.94,No,359.28,0-6 Months
CUST-02165,Female,51,9,Month-to-month,Fiber optic,Electronic check,No,No,83.1,Yes,997.2,7-12 Months
CUST-02166,Female,39,42,One year,DSL,Electronic check,Yes,No,20.0,No,240.0,25-48 Months
CUST-02167,Male,49,48,Two year,Fiber optic,Credit card,No,No,34.2,No,410.4,25-48 Months
CUST-02168,Female,56,6,Two year,DSL,Electronic check,No,No,83.58,No,1002.96,0-6 Months
CUST-02169,Female,39,68,Two year,Fiber optic,Bank transfer,No,No,33.26,No,399.12,49-72 Months
CUST-02170,Female,66,7,Two year,Fiber optic,Electronic check,Yes,No,63.71,No,764.52,7-12 Months
CUST-02171,Male,65,50,Month-to-month,DSL,Electronic check,No,Yes,30.46,No,365.52,49-72 Months
CUST-02172,Female,60,58,Two year,Fiber optic,Electronic check,No,No,73.58,No,882.96,49-72 Months
CUST-02173,Female,70,38,Two year,DSL,Credit card,No,No,103.45,No,1241.4,25-48 Months
CUST-02174,Female,38,36,Month-to-month,DSL,Electronic check,No,No,54.84,Yes,658.08,25-48 Months
CUST-02175,Male,24,8,Month-to-month,No internet,Bank transfer,No,No,71.46,No,857.52,7-12 Months
CUST-02176,Female,43,18,Month-to-month,Fiber optic,Electronic check,Yes,Yes,49.16,Yes,589.92,13-24 Months
CUST-02177,Male,57,62,One year,DSL,Bank transfer,Yes,Yes,51.12,No,613.44,49-72 Months
CUST-02178,Male,59,26,One year,DSL,Bank transfer,No,No,48.72,Yes,584.64,25-48 Months
CUST-02179,Female,38,3,Month-to-month,Fiber optic,Bank transfer,Yes,No,94.01,No,1128.12,0-6 Months
CUST-02180,Male,33,53,Month-to-month,DSL,Electronic check,No,Yes,32.42,No,389.04,49-72 Months
CUST-02181,Female,41,50,One year,DSL,Electronic check,No,Yes,62.71,Yes,752.52,49-72 Months
CUST-02182,Male,60,5,Month-to-month,DSL,Credit card,No,Yes,83.47,No,1001.64,0-6 Months
CUST-02183,Female,21,4,Two year,No internet,Bank transfer,No,Yes,97.47,No,1169.64,0-6 Months
CUST-02184,Female,35,9,Month-to-month,DSL,Electronic check,No,Yes,84.34,No,1012.08,7-12 Months
CUST-02185,Female,30,4,Month-to-month,Fiber optic,Mailed check,No,Yes,69.97,No,839.64,0-6 Months
CUST-02186,Male,60,45,Month-to-month,No internet,Electronic check,No,Yes,56.07,Yes,672.84,25-48 Months
CUST-02187,Male,42,10,Two year,Fiber optic,Mailed check,No,Yes,97.91,No,1174.92,7-12 Months
CUST-02188,Male,22,44,Two year,DSL,Mailed check,No,No,47.72,No,572.64,25-48 Months
CUST-02189,Male,31,13,Month-to-month,DSL,Electronic check,No,Yes,48.14,Yes,577.68,13-24 Months
CUST-02190,Female,20,71,Month-to-month,No internet,Mailed check,No,No,109.87,No,1318.44,49-72 Months
CUST-02191,Male,43,53,Month-to-month,No internet,Bank transfer,No,Yes,82.09,No,985.08,49-72 Months
CUST-02192,Male,70,27,Month-to-month,Fiber optic,Credit card,No,Yes,83.08,No,996.96,25-48 Months
CUST-02193,Male,48,31,One year,DSL,Bank transfer,Yes,Yes,88.76,No,1065.12,25-48 Months
CUST-02194,Male,64,5,Month-to-month,Fiber optic,Mailed check,Yes,Yes,69.34,No,832.08,0-6 Months
CUST-02195,Female,57,4,Month-to-month,DSL,Bank transfer,No,Yes,31.74,No,380.88,0-6 Months
CUST-02196,Female,64,39,Month-to-month,DSL,Electronic check,Yes,Yes,79.03,No,948.36,25-48 Months
CUST-02197,Male,34,2,Month-to-month,Fiber optic,Bank transfer,No,Yes,71.49,No,857.88,0-6 Months
CUST-02198,Female,68,46,Month-to-month,DSL,Electronic check,No,No,47.95,No,575.4,25-48 Months
CUST-02199,Female,30,28,Month-to-month,DSL,Electronic check,Yes,Yes,41.51,No,498.12,25-48 Months
CUST-02200,Male,41,11,Month-to-month,DSL,Bank transfer,No,Yes,70.7,Yes,848.4,7-12 Months
CUST-02201,Male,54,39,Month-to-month,No internet,Electronic check,No,No,33.98,No,407.76,25-48 Months
CUST-02202,Male,33,40,Month-to-month,DSL,Bank transfer,No,Yes,67.98,Yes,815.76,25-48 Months
CUST-02203,Male,32,54,Two year,DSL,Bank transfer,No,Yes,64.61,No,775.32,49-72 Months
CUST-02204,Male,24,15,Month-to-month,Fiber optic,Electronic check,No,Yes,68.66,No,823.92,13-24 Months
CUST-02205,Male,18,40,Month-to-month,Fiber optic,Mailed check,No,No,83.27,Yes,999.24,25-48 Months
CUST-02206,Female,44,61,Month-to-month,Fiber optic,Bank transfer,Yes,Yes,89.41,Yes,1072.92,49-72 Months
CUST-02207,Male,70,20,One year,Fiber optic,Bank transfer,No,No,52.08,No,624.96,13-24 Months
CUST-02208,Female,29,61,Two year,Fiber optic,Credit card,No,Yes,96.35,No,1156.2,49-72 Months
CUST-02209,Male,41,53,One year,DSL,Electronic check,No,Yes,65.86,No,790.32,49-72 Months
CUST-02210,Male,67,31,One year,DSL,Credit card,Yes,No,121.09,No,1453.08,25-48 Months
CUST-02211,Female,58,64,Two year,Fiber optic,Mailed check,No,No,55.61,No,667.32,49-72 Months
CUST-02212,Female,18,70,Month-to-month,DSL,Electronic check,No,No,26.88,No,322.56,49-72 Months
CUST-02213,Female,44,18,Two year,No internet,Bank transfer,No,No,95.34,No,1144.08,13-24 Months
CUST-02214,Male,25,71,One year,Fiber optic,Electronic check,No,Yes,83.92,No,1007.04,49-72 Months
CUST-02215,Male,31,1,Month-to-month,DSL,Electronic check,No,No,105.65,No,1267.8,0-6 Months
CUST-02216,Male,31,10,Month-to-month,Fiber optic,Electronic check,No,Yes,80.67,Yes,968.04,7-12 Months
CUST-02217,Male,50,4,Month-to-month,DSL,Credit card,No,Yes,137.52,No,1650.24,0-6 Months
CUST-02218,Female,28,27,Month-to-month,DSL,Credit card,No,Yes,66.71,Yes,800.52,25-48 Months
CUST-02219,Male,31,68,Two year,Fiber optic,Credit card,No,Yes,101.3,No,1215.6,49-72 Months
CUST-02220,Male,29,44,Month-to-month,Fiber optic,Electronic check,No,No,57.29,Yes,687.48,25-48 Months
CUST-02221,Female,36,45,One year,No internet,Mailed check,No,No,85.77,No,1029.24,25-48 Months
CUST-02222,Male,52,7,Two year,Fiber optic,Credit card,Yes,No,90.98,No,1091.76,7-12 Months
CUST-02223,Male,39,38,Month-to-month,DSL,Electronic check,No,Yes,95.31,Yes,1143.72,25-48 Months
CUST-02224,Male,35,28,Month-to-month,DSL,Mailed check,No,Yes,93.74,No,1124.88,25-48 Months
CUST-02225,Male,45,35,One year,Fiber optic,Electronic check,No,Yes,20.0,Yes,240.0,25-48 Months
CUST-02226,Female,50,19,Two year,DSL,Bank transfer,No,Yes,70.08,No,840.96,13-24 Months
CUST-02227,Female,18,15,Month-to-month,DSL,Bank transfer,Yes,Yes,55.9,No,670.8,13-24 Months
CUST-02228,Female,65,69,Month-to-month,Fiber optic,Electronic check,No,Yes,61.42,Yes,737.04,49-72 Months
CUST-02229,Male,66,41,One year,No internet,Electronic check,No,No,64.06,No,768.72,25-48 Months
CUST-02230,Female,49,30,Two year,DSL,Bank transfer,No,Yes,99.37,No,1192.44,25-48 Months
CUST-02231,Female,48,6,Month-to-month,DSL,Bank transfer,No,No,77.67,Yes,932.04,0-6 Months
CUST-02232,Male,54,55,Month-to-month,Fiber optic,Electronic check,No,Yes,57.79,No,693.48,49-72 Months
CUST-02233,Female,41,35,Two year,Fiber optic,Electronic check,Yes,Yes,30.89,No,370.68,25-48 Months
CUST-02234,Male,37,28,Month-to-month,DSL,Credit card,No,No,114.93,No,1379.16,25-48 Months
CUST-02235,Female,36,49,Month-to-month,DSL,Bank transfer,No,Yes,53.88,No,646.56,49-72 Months
CUST-02236,Female,26,10,One year,Fiber optic,Bank transfer,No,Yes,68.34,No,820.08,7-12 Months
CUST-02237,Male,62,39,Month-to-month,DSL,Bank transfer,No,No,131.89,No,1582.68,25-48 Months
CUST-02238,Male,34,63,Month-to-month,DSL,Credit card,Yes,Yes,54.64,No,655.68,49-72 Months
CUST-02239,Male,33,34,One year,Fiber optic,Electronic check,No,Yes,64.28,Yes,771.36,25-48 Months
CUST-02240,Female,69,1,One year,DSL,Electronic check,No,Yes,78.5,Yes,942.0,0-6 Months
CUST-02241,Male,44,17,Month-to-month,DSL,Mailed check,No,No,27.03,No,324.36,13-24 Months
CUST-02242,Female,50,5,Month-to-month,DSL,Credit card,Yes,Yes,23.79,Yes,285.48,0-6 Months
CUST-02243,Male,31,37,One year,DSL,Electronic check,No,No,58.51,No,702.12,25-48 Months
CUST-02244,Male,32,27,One year,DSL,Electronic check,No,No,59.48,No,713.76,25-48 Months
CUST-02245,Female,56,10,Two year,No internet,Electronic check,Yes,Yes,75.76,No,909.12,7-12 Months
CUST-02246,Female,41,50,One year,DSL,Bank transfer,No,Yes,44.62,No,535.44,49-72 Months
CUST-02247,Female,25,13,One year,Fiber optic,Bank transfer,Yes,No,84.15,No,1009.8,13-24 Months
CUST-02248,Male,62,25,Two year,DSL,Mailed check,No,Yes,20.0,No,240.0,25-48 Months
CUST-02249,Male,39,72,Two year,No internet,Electronic check,No,No,70.03,No,840.36,49-72 Months
CUST-02250,Male,53,5,Month-to-month,No internet,Bank transfer,Yes,No,82.08,Yes,984.96,0-6 Months
CUST-02251,Female,36,18,Two year,Fiber optic,Electronic check,No,No,81.2,Yes,974.4,13-24 Months
CUST-02252,Female,47,23,Two year,Fiber optic,Bank transfer,Yes,Yes,67.44,No,809.28,13-24 Months
CUST-02253,Male,59,37,Month-to-month,Fiber optic,Electronic check,No,Yes,53.51,Yes,642.12,25-48 Months
CUST-02254,Female,64,18,Month-to-month,No internet,Credit card,No,No,66.63,Yes,799.56,13-24 Months
CUST-02255,Male,28,70,One year,No internet,Mailed check,Yes,Yes,106.55,No,1278.6,49-72 Months
CUST-02256,Female,53,1,Month-to-month,DSL,Bank transfer,Yes,Yes,55.21,Yes,662.52,0-6 Months
CUST-02257,Female,66,69,One year,Fiber optic,Electronic check,No,Yes,99.39,No,1192.68,49-72 Months
CUST-02258,Female,52,39,Month-to-month,No internet,Electronic check,Yes,Yes,103.84,Yes,1246.08,25-48 Months
CUST-02259,Male,25,3,Month-to-month,Fiber optic,Bank transfer,No,No,23.4,No,280.8,0-6 Months
CUST-02260,Female,28,9,Month-to-month,Fiber optic,Mailed check,No,No,68.41,No,820.92,7-12 Months
CUST-02261,Male,28,8,Two year,Fiber optic,Bank transfer,Yes,Yes,44.62,No,535.44,7-12 Months
CUST-02262,Female,23,21,Month-to-month,DSL,Bank transfer,No,Yes,29.95,No,359.4,13-24 Months
CUST-02263,Male,57,24,One year,DSL,Bank transfer,Yes,Yes,94.18,No,1130.16,13-24 Months
CUST-02264,Female,69,47,Month-to-month,Fiber optic,Credit card,No,Yes,85.25,Yes,1023.0,25-48 Months
CUST-02265,Male,45,23,Month-to-month,Fiber optic,Mailed check,No,No,79.38,No,952.56,13-24 Months
CUST-02266,Male,49,53,Month-to-month,DSL,Credit card,Yes,No,41.61,Yes,499.32,49-72 Months
CUST-02267,Female,59,22,Month-to-month,Fiber optic,Mailed check,No,Yes,77.89,Yes,934.68,13-24 Months
CUST-02268,Female,40,19,One year,DSL,Electronic check,No,No,35.31,No,423.72,13-24 Months
CUST-02269,Male,43,20,One year,Fiber optic,Bank transfer,No,Yes,74.16,No,889.92,13-24 Months
CUST-02270,Female,49,24,Month-to-month,Fiber optic,Electronic check,Yes,Yes,53.48,No,641.76,13-24 Months
CUST-02271,Male,34,61,Month-to-month,Fiber optic,Electronic check,No,No,101.42,Yes,1217.04,49-72 Months
CUST-02272,Male,21,18,One year,DSL,Electronic check,Yes,Yes,61.83,No,741.96,13-24 Months
CUST-02273,Male,48,20,One year,DSL,Mailed check,Yes,Yes,78.47,Yes,941.64,13-24 Months
CUST-02274,Male,61,69,Month-to-month,Fiber optic,Bank transfer,Yes,No,78.53,Yes,942.36,49-72 Months
CUST-02275,Male,21,48,One year,DSL,Electronic check,No,Yes,69.88,No,838.56,25-48 Months
CUST-02276,Male,29,14,Month-to-month,Fiber optic,Electronic check,Yes,Yes,74.95,Yes,899.4,13-24 Months
CUST-02277,Male,31,63,Month-to-month,DSL,Electronic check,Yes,No,80.51,Yes,966.12,49-72 Months
CUST-02278,Male,60,14,One year,Fiber optic,Electronic check,No,Yes,46.9,No,562.8,13-24 Months
CUST-02279,Male,44,12,One year,No internet,Electronic check,No,Yes,83.28,No,999.36,7-12 Months
CUST-02280,Female,46,33,Two year,Fiber optic,Electronic check,No,Yes,96.19,No,1154.28,25-48 Months
CUST-02281,Female,52,50,Month-to-month,DSL,Credit card,No,No,83.13,No,997.56,49-72 Months
CUST-02282,Male,32,14,Month-to-month,DSL,Bank transfer,No,Yes,62.08,No,744.96,13-24 Months
CUST-02283,Male,55,55,One year,DSL,Electronic check,No,No,76.88,No,922.56,49-72 Months
CUST-02284,Female,19,12,Month-to-month,DSL,Electronic check,No,Yes,61.81,Yes,741.72,7-12 Months
CUST-02285,Female,24,57,Month-to-month,Fiber optic,Electronic check,No,No,68.68,No,824.16,49-72 Months
CUST-02286,Female,61,7,One year,Fiber optic,Mailed check,No,No,38.74,No,464.88,7-12 Months
CUST-02287,Female,52,34,Month-to-month,DSL,Mailed check,No,No,110.64,No,1327.68,25-48 Months
CUST-02288,Female,27,47,Month-to-month,No internet,Credit card,Yes,No,126.19,No,1514.28,25-48 Months
CUST-02289,Female,41,20,Month-to-month,DSL,Bank transfer,No,Yes,52.29,Yes,627.48,13-24 Months
CUST-02290,Male,20,45,Two year,DSL,Mailed check,No,Yes,94.01,No,1128.12,25-48 Months
CUST-02291,Male,53,50,Month-to-month,DSL,Electronic check,No,Yes,112.82,No,1353.84,49-72 Months
CUST-02292,Male,58,47,Month-to-month,DSL,Bank transfer,No,Yes,45.19,Yes,542.28,25-48 Months
CUST-02293,Male,32,29,Month-to-month,No internet,Credit card,No,Yes,20.0,No,240.0,25-48 Months
CUST-02294,Female,36,56,Month-to-month,DSL,Electronic check,No,No,114.47,No,1373.64,49-72 Months
CUST-02295,Female,30,53,Month-to-month,Fiber optic,Credit card,No,Yes,71.71,Yes,860.52,49-72 Months
CUST-02296,Female,38,24,One year,DSL,Electronic check,No,No,57.45,No,689.4,13-24 Months
CUST-02297,Male,32,53,Month-to-month,DSL,Bank transfer,No,No,73.33,No,879.96,49-72 Months
CUST-02298,Male,31,67,Month-to-month,Fiber optic,Electronic check,No,Yes,61.67,No,740.04,49-72 Months
CUST-02299,Male,40,59,Month-to-month,DSL,Bank transfer,Yes,Yes,154.86,No,1858.32,49-72 Months
CUST-02300,Female,63,53,Month-to-month,DSL,Electronic check,Yes,Yes,57.14,No,685.68,49-72 Months
CUST-02301,Male,58,56,Month-to-month,Fiber optic,Mailed check,No,Yes,81.17,Yes,974.04,49-72 Months
CUST-02302,Male,33,58,One year,DSL,Bank transfer,No,Yes,108.18,No,1298.16,49-72 Months
CUST-02303,Female,67,21,One year,Fiber optic,Bank transfer,No,Yes,108.05,No,1296.6,13-24 Months
CUST-02304,Female,29,52,One year,Fiber optic,Bank transfer,No,No,102.69,No,1232.28,49-72 Months
CUST-02305,Female,66,15,Month-to-month,DSL,Electronic check,Yes,Yes,60.08,No,720.96,13-24 Months
CUST-02306,Male,34,26,Two year,DSL,Bank transfer,No,Yes,67.74,No,812.88,25-48 Months
CUST-02307,Male,46,68,One year,DSL,Electronic check,No,Yes,20.0,Yes,240.0,49-72 Months
CUST-02308,Male,28,21,Month-to-month,Fiber optic,Bank transfer,Yes,Yes,69.91,Yes,838.92,13-24 Months
CUST-02309,Male,58,61,Month-to-month,DSL,Electronic check,No,Yes,72.92,No,875.04,49-72 Months
CUST-02310,Female,34,31,One year,Fiber optic,Mailed check,Yes,No,92.77,No,1113.24,25-48 Months
CUST-02311,Male,64,16,Month-to-month,No internet,Mailed check,No,No,122.27,No,1467.24,13-24 Months
CUST-02312,Male,22,7,Month-to-month,Fiber optic,Credit card,No,Yes,91.92,No,1103.04,7-12 Months
CUST-02313,Female,44,40,One year,No internet,Bank transfer,No,No,101.98,No,1223.76,25-48 Months
CUST-02314,Male,26,33,Month-to-month,Fiber optic,Electronic check,No,No,71.51,Yes,858.12,25-48 Months
CUST-02315,Male,65,37,Two year,Fiber optic,Bank transfer,No,Yes,107.96,No,1295.52,25-48 Months
CUST-02316,Male,40,4,Month-to-month,DSL,Electronic check,Yes,No,72.31,No,867.72,0-6 Months
CUST-02317,Male,53,20,Month-to-month,DSL,Electronic check,No,No,103.94,Yes,1247.28,13-24 Months
CUST-02318,Male,64,1,Month-to-month,No internet,Mailed check,No,Yes,94.53,Yes,1134.36,0-6 Months
CUST-02319,Female,46,22,Month-to-month,DSL,Bank transfer,No,Yes,83.0,No,996.0,13-24 Months
CUST-02320,Female,21,68,Two year,Fiber optic,Credit card,No,No,28.86,No,346.32,49-72 Months
CUST-02321,Male,29,11,Two year,Fiber optic,Credit card,No,Yes,102.61,No,1231.32,7-12 Months
CUST-02322,Male,29,50,Two year,DSL,Electronic check,No,Yes,82.59,No,991.08,49-72 Months
CUST-02323,Male,66,1,Month-to-month,Fiber optic,Electronic check,No,No,91.67,No,1100.04,0-6 Months
CUST-02324,Female,66,41,Month-to-month,No internet,Credit card,Yes,No,80.78,No,969.36,25-48 Months
CUST-02325,Female,43,67,Month-to-month,DSL,Electronic check,No,No,85.61,No,1027.32,49-72 Months
CUST-02326,Female,65,25,Month-to-month,DSL,Bank transfer,No,Yes,108.42,No,1301.04,25-48 Months
CUST-02327,Male,31,15,Two year,DSL,Credit card,Yes,Yes,58.73,No,704.76,13-24 Months
CUST-02328,Male,54,42,Month-to-month,Fiber optic,Electronic check,No,No,85.09,No,1021.08,25-48 Months
CUST-02329,Male,38,21,Month-to-month,Fiber optic,Mailed check,Yes,No,50.23,No,602.76,13-24 Months
CUST-02330,Male,30,65,Month-to-month,No internet,Credit card,No,No,88.15,No,1057.8,49-72 Months
CUST-02331,Male,31,62,One year,Fiber optic,Bank transfer,No,Yes,79.04,Yes,948.48,49-72 Months
CUST-02332,Female,40,47,Month-to-month,DSL,Credit card,Yes,No,54.33,No,651.96,25-48 Months
CUST-02333,Male,36,47,One year,No internet,Bank transfer,No,Yes,74.62,No,895.44,25-48 Months
CUST-02334,Female,29,44,One year,Fiber optic,Electronic check,Yes,Yes,56.08,No,672.96,25-48 Months
CUST-02335,Female,35,53,Two year,No internet,Credit card,Yes,No,61.42,No,737.04,49-72 Months
CUST-02336,Female,24,34,Month-to-month,Fiber optic,Bank transfer,No,Yes,81.93,Yes,983.16,25-48 Months
CUST-02337,Male,69,70,Month-to-month,DSL,Credit card,Yes,No,79.52,No,954.24,49-72 Months
CUST-02338,Female,38,25,Month-to-month,Fiber optic,Mailed check,No,Yes,20.0,Yes,240.0,25-48 Months
CUST-02339,Male,23,1,Two year,DSL,Mailed check,No,No,82.37,No,988.44,0-6 Months
CUST-02340,Male,48,51,Two year,Fiber optic,Electronic check,No,Yes,63.51,No,762.12,49-72 Months
CUST-02341,Male,64,48,One year,Fiber optic,Electronic check,No,Yes,60.4,Yes,724.8,25-48 Months
CUST-02342,Male,37,71,Month-to-month,Fiber optic,Credit card,No,No,40.44,Yes,485.28,49-72 Months
CUST-02343,Female,62,29,Month-to-month,Fiber optic,Credit card,No,No,70.73,Yes,848.76,25-48 Months
CUST-02344,Female,50,31,One year,DSL,Mailed check,No,No,57.36,No,688.32,25-48 Months
CUST-02345,Female,57,41,Month-to-month,Fiber optic,Credit card,No,Yes,107.66,Yes,1291.92,25-48 Months
CUST-02346,Male,33,29,One year,Fiber optic,Mailed check,No,No,23.02,Yes,276.24,25-48 Months
CUST-02347,Male,19,57,Two year,Fiber optic,Credit card,No,Yes,45.01,No,540.12,49-72 Months
CUST-02348,Female,36,31,Month-to-month,Fiber optic,Bank transfer,Yes,Yes,43.11,Yes,517.32,25-48 Months
CUST-02349,Male,66,57,Month-to-month,Fiber optic,Bank transfer,No,Yes,79.24,No,950.88,49-72 Months
CUST-02350,Female,59,31,Month-to-month,Fiber optic,Bank transfer,Yes,Yes,104.85,No,1258.2,25-48 Months
CUST-02351,Female,59,17,Month-to-month,DSL,Bank transfer,No,Yes,86.09,No,1033.08,13-24 Months
CUST-02352,Female,64,72,One year,DSL,Credit card,No,Yes,41.35,No,496.2,49-72 Months
CUST-02353,Female,37,38,Month-to-month,DSL,Mailed check,Yes,Yes,59.98,No,719.76,25-48 Months
CUST-02354,Male,35,51,Month-to-month,Fiber optic,Credit card,No,No,49.34,No,592.08,49-72 Months
CUST-02355,Male,67,43,Month-to-month,DSL,Electronic check,No,Yes,86.22,No,1034.64,25-48 Months
CUST-02356,Male,48,26,Month-to-month,DSL,Electronic check,No,No,59.41,No,712.92,25-48 Months
CUST-02357,Male,33,70,One year,DSL,Bank transfer,No,No,32.44,No,389.28,49-72 Months
CUST-02358,Male,32,27,One year,Fiber optic,Bank transfer,No,Yes,88.37,No,1060.44,25-48 Months
CUST-02359,Female,64,72,Month-to-month,Fiber optic,Credit card,No,No,107.37,Yes,1288.44,49-72 Months
CUST-02360,Male,20,32,Month-to-month,DSL,Electronic check,No,Yes,67.0,No,804.0,25-48 Months
CUST-02361,Female,21,2,Month-to-month,Fiber optic,Electronic check,No,Yes,75.37,Yes,904.44,0-6 Months
CUST-02362,Female,57,3,Month-to-month,DSL,Mailed check,No,No,29.82,No,357.84,0-6 Months
CUST-02363,Female,18,71,Month-to-month,Fiber optic,Credit card,No,Yes,20.0,No,240.0,49-72 Months
CUST-02364,Male,27,39,Two year,Fiber optic,Credit card,No,Yes,20.23,No,242.76,25-48 Months
CUST-02365,Female,70,28,Month-to-month,Fiber optic,Credit card,No,No,70.75,Yes,849.0,25-48 Months
CUST-02366,Male,40,59,Month-to-month,Fiber optic,Mailed check,No,No,63.38,No,760.56,49-72 Months
CUST-02367,Male,56,45,Month-to-month,Fiber optic,Credit card,No,Yes,87.29,Yes,1047.48,25-48 Months
CUST-02368,Male,43,48,One year,Fiber optic,Electronic check,Yes,Yes,66.47,Yes,797.64,25-48 Months
CUST-02369,Male,22,50,Month-to-month,DSL,Credit card,No,No,99.66,No,1195.92,49-72 Months
CUST-02370,Male,27,15,Two year,Fiber optic,Bank transfer,No,No,96.42,Yes,1157.04,13-24 Months
CUST-02371,Male,58,7,Month-to-month,DSL,Mailed check,No,No,62.97,No,755.64,7-12 Months
CUST-02372,Female,23,53,Two year,No internet,Bank transfer,No,No,43.9,No,526.8,49-72 Months
CUST-02373,Male,49,2,One year,DSL,Bank transfer,No,Yes,20.0,No,240.0,0-6 Months
CUST-02374,Male,36,52,Month-to-month,DSL,Electronic check,No,Yes,112.14,No,1345.68,49-72 Months
CUST-02375,Female,37,10,Month-to-month,Fiber optic,Electronic check,No,No,45.61,Yes,547.32,7-12 Months
CUST-02376,Female,68,19,Month-to-month,DSL,Bank transfer,No,No,30.1,No,361.2,13-24 Months
CUST-02377,Female,50,51,Two year,No internet,Credit card,Yes,Yes,75.64,No,907.68,49-72 Months
CUST-02378,Male,50,45,Two year,DSL,Bank transfer,No,No,30.35,Yes,364.2,25-48 Months
CUST-02379,Female,36,57,Month-to-month,Fiber optic,Electronic check,No,Yes,75.61,No,907.32,49-72 Months
CUST-02380,Female,38,44,Month-to-month,DSL,Bank transfer,No,Yes,62.58,Yes,750.96,25-48 Months
CUST-02381,Male,54,4,Month-to-month,Fiber optic,Electronic check,No,No,97.86,No,1174.32,0-6 Months
CUST-02382,Male,20,61,Month-to-month,DSL,Electronic check,No,Yes,95.43,No,1145.16,49-72 Months
CUST-02383,Female,30,16,One year,Fiber optic,Electronic check,No,Yes,102.89,No,1234.68,13-24 Months
CUST-02384,Male,49,10,Month-to-month,Fiber optic,Mailed check,No,Yes,77.78,Yes,933.36,7-12 Months
CUST-02385,Male,51,64,Month-to-month,DSL,Electronic check,No,Yes,47.97,No,575.64,49-72 Months
CUST-02386,Female,22,15,Two year,DSL,Electronic check,Yes,No,42.97,No,515.64,13-24 Months
CUST-02387,Female,59,39,One year,DSL,Electronic check,No,Yes,57.14,No,685.68,25-48 Months
CUST-02388,Female,46,35,One year,DSL,Bank transfer,No,Yes,127.84,No,1534.08,25-48 Months
CUST-02389,Female,30,56,Month-to-month,DSL,Electronic check,No,No,65.02,Yes,780.24,49-72 Months
CUST-02390,Female,57,4,Two year,DSL,Electronic check,Yes,No,76.51,No,918.12,0-6 Months
CUST-02391,Male,70,8,One year,No internet,Mailed check,Yes,No,114.52,No,1374.24,7-12 Months
CUST-02392,Male,40,30,Month-to-month,Fiber optic,Bank transfer,No,No,79.13,No,949.56,25-48 Months
CUST-02393,Female,33,35,Month-to-month,Fiber optic,Credit card,No,No,51.04,No,612.48,25-48 Months
CUST-02394,Male,33,57,Two year,DSL,Mailed check,No,No,92.44,No,1109.28,49-72 Months
CUST-02395,Male,49,44,Month-to-month,Fiber optic,Bank transfer,No,Yes,60.0,No,720.0,25-48 Months
CUST-02396,Female,20,11,Two year,No internet,Credit card,No,Yes,80.1,No,961.2,7-12 Months
CUST-02397,Female,43,71,One year,Fiber optic,Bank transfer,Yes,Yes,86.34,No,1036.08,49-72 Months
CUST-02398,Male,19,34,One year,Fiber optic,Mailed check,No,No,58.16,No,697.92,25-48 Months
CUST-02399,Male,20,70,One year,Fiber optic,Electronic check,No,No,77.22,No,926.64,49-72 Months
CUST-02400,Female,40,72,Two year,DSL,Electronic check,No,No,116.8,No,1401.6,49-72 Months
CUST-02401,Male,57,4,Month-to-month,DSL,Electronic check,No,No,54.46,Yes,653.52,0-6 Months
CUST-02402,Female,64,37,Month-to-month,Fiber optic,Mailed check,Yes,No,108.87,No,1306.44,25-48 Months
CUST-02403,Female,22,31,One year,Fiber optic,Credit card,Yes,Yes,55.47,No,665.64,25-48 Months
CUST-02404,Female,30,36,Month-to-month,Fiber optic,Electronic check,No,Yes,122.46,Yes,1469.52,25-48 Months
CUST-02405,Male,40,23,One year,Fiber optic,Mailed check,Yes,Yes,48.05,Yes,576.6,13-24 Months
CUST-02406,Female,48,41,One year,DSL,Credit card,No,Yes,60.97,Yes,731.64,25-48 Months
CUST-02407,Male,70,36,Month-to-month,DSL,Bank transfer,No,No,114.23,No,1370.76,25-48 Months
CUST-02408,Female,54,14,One year,Fiber optic,Electronic check,No,Yes,115.46,No,1385.52,13-24 Months
CUST-02409,Male,46,21,Month-to-month,Fiber optic,Credit card,No,Yes,94.92,Yes,1139.04,13-24 Months
CUST-02410,Male,21,11,Two year,DSL,Electronic check,Yes,No,41.71,No,500.52,7-12 Months
CUST-02411,Female,22,61,Month-to-month,Fiber optic,Electronic check,No,Yes,74.31,No,891.72,49-72 Months
CUST-02412,Male,26,49,One year,Fiber optic,Mailed check,No,Yes,72.03,No,864.36,49-72 Months
CUST-02413,Female,53,28,Two year,DSL,Electronic check,No,Yes,48.04,No,576.48,25-48 Months
CUST-02414,Female,35,29,Month-to-month,Fiber optic,Credit card,No,Yes,91.51,No,1098.12,25-48 Months
CUST-02415,Male,30,6,Month-to-month,Fiber optic,Electronic check,No,No,50.25,No,603.0,0-6 Months
CUST-02416,Male,53,21,Month-to-month,Fiber optic,Credit card,No,Yes,35.86,Yes,430.32,13-24 Months
CUST-02417,Female,61,67,One year,DSL,Electronic check,No,Yes,26.62,No,319.44,49-72 Months
CUST-02418,Male,41,3,Month-to-month,Fiber optic,Credit card,Yes,Yes,119.94,No,1439.28,0-6 Months
CUST-02419,Male,64,11,Month-to-month,DSL,Electronic check,No,Yes,57.71,No,692.52,7-12 Months
CUST-02420,Male,56,61,Two year,DSL,Credit card,Yes,Yes,58.29,No,699.48,49-72 Months
CUST-02421,Male,55,38,Month-to-month,DSL,Electronic check,Yes,Yes,43.14,No,517.68,25-48 Months
CUST-02422,Female,63,3,Month-to-month,DSL,Credit card,Yes,No,110.3,No,1323.6,0-6 Months
CUST-02423,Male,27,36,One year,Fiber optic,Credit card,No,Yes,33.35,No,400.2,25-48 Months
CUST-02424,Female,58,54,Month-to-month,Fiber optic,Bank transfer,Yes,No,38.28,No,459.36,49-72 Months
CUST-02425,Male,68,25,Month-to-month,Fiber optic,Electronic check,No,No,62.99,Yes,755.88,25-48 Months
CUST-02426,Female,70,28,Two year,DSL,Bank transfer,No,Yes,71.4,No,856.8,25-48 Months
CUST-02427,Male,48,46,One year,DSL,Bank transfer,Yes,Yes,90.44,No,1085.28,25-48 Months
CUST-02428,Male,57,44,Month-to-month,DSL,Mailed check,No,No,53.08,Yes,636.96,25-48 Months
CUST-02429,Female,65,66,One year,DSL,Bank transfer,Yes,Yes,115.24,No,1382.88,49-72 Months
CUST-02430,Male,63,18,Month-to-month,Fiber optic,Credit card,Yes,No,53.27,Yes,639.24,13-24 Months
CUST-02431,Male,65,20,Month-to-month,Fiber optic,Credit card,No,Yes,43.76,No,525.12,13-24 Months
CUST-02432,Female,62,12,One year,Fiber optic,Mailed check,No,Yes,41.09,No,493.08,7-12 Months
CUST-02433,Male,38,48,Month-to-month,DSL,Electronic check,Yes,No,50.33,Yes,603.96,25-48 Months
CUST-02434,Male,56,39,Month-to-month,Fiber optic,Electronic check,No,No,39.28,Yes,471.36,25-48 Months
CUST-02435,Male,39,25,Two year,No internet,Bank transfer,No,Yes,93.03,No,1116.36,25-48 Months
CUST-02436,Female,60,51,Month-to-month,Fiber optic,Credit card,No,No,43.98,No,527.76,49-72 Months
CUST-02437,Female,60,28,Month-to-month,DSL,Mailed check,No,Yes,68.28,No,819.36,25-48 Months
CUST-02438,Female,67,15,Month-to-month,Fiber optic,Electronic check,No,Yes,43.17,Yes,518.04,13-24 Months
CUST-02439,Female,49,39,One year,DSL,Mailed check,No,No,39.12,No,469.44,25-48 Months
CUST-02440,Male,43,32,One year,Fiber optic,Mailed check,No,Yes,102.98,No,1235.76,25-48 Months
CUST-02441,Male,26,30,Two year,DSL,Credit card,No,Yes,116.88,No,1402.56,25-48 Months
CUST-02442,Male,51,33,Month-to-month,No internet,Bank transfer,No,Yes,107.53,No,1290.36,25-48 Months
CUST-02443,Male,48,66,One year,DSL,Electronic check,No,No,30.8,Yes,369.6,49-72 Months
CUST-02444,Male,45,16,One year,Fiber optic,Electronic check,Yes,Yes,34.69,No,416.28,13-24 Months
CUST-02445,Female,53,20,Month-to-month,DSL,Electronic check,No,No,127.39,No,1528.68,13-24 Months
CUST-02446,Female,63,41,Month-to-month,Fiber optic,Bank transfer,Yes,No,64.88,Yes,778.56,25-48 Months
CUST-02447,Female,25,4,Two year,Fiber optic,Bank transfer,Yes,No,33.51,No,402.12,0-6 Months
CUST-02448,Female,40,11,Month-to-month,DSL,Electronic check,No,Yes,102.3,Yes,1227.6,7-12 Months
CUST-02449,Female,56,41,One year,DSL,Electronic check,No,Yes,73.89,No,886.68,25-48 Months
CUST-02450,Male,61,37,Month-to-month,Fiber optic,Credit card,Yes,No,87.95,Yes,1055.4,25-48 Months
CUST-02451,Female,59,48,Month-to-month,DSL,Credit card,No,Yes,20.0,No,240.0,25-48 Months
CUST-02452,Female,60,9,Two year,DSL,Bank transfer,No,Yes,62.86,No,754.32,7-12 Months
CUST-02453,Male,63,62,Two year,DSL,Mailed check,No,Yes,98.57,No,1182.84,49-72 Months
CUST-02454,Male,68,35,Month-to-month,Fiber optic,Credit card,No,No,54.07,Yes,648.84,25-48 Months
CUST-02455,Female,50,12,One year,DSL,Bank transfer,No,No,106.58,No,1278.96,7-12 Months
CUST-02456,Male,31,23,Month-to-month,Fiber optic,Credit card,No,Yes,35.13,No,421.56,13-24 Months
CUST-02457,Female,47,17,One year,Fiber optic,Electronic check,Yes,Yes,68.85,No,826.2,13-24 Months
CUST-02458,Female,55,33,Month-to-month,Fiber optic,Electronic check,No,No,118.06,Yes,1416.72,25-48 Months
CUST-02459,Male,23,34,Month-to-month,No internet,Electronic check,No,Yes,39.78,No,477.36,25-48 Months
CUST-02460,Male,58,32,Month-to-month,Fiber optic,Credit card,Yes,No,79.6,No,955.2,25-48 Months
CUST-02461,Male,46,34,Month-to-month,Fiber optic,Bank transfer,Yes,Yes,88.38,No,1060.56,25-48 Months
CUST-02462,Male,67,66,Month-to-month,Fiber optic,Electronic check,No,Yes,74.56,Yes,894.72,49-72 Months
CUST-02463,Male,29,70,Month-to-month,Fiber optic,Credit card,No,Yes,65.0,No,780.0,49-72 Months
CUST-02464,Female,66,36,Two year,No internet,Credit card,No,Yes,47.46,No,569.52,25-48 Months
CUST-02465,Male,41,70,Month-to-month,DSL,Electronic check,No,Yes,77.5,No,930.0,49-72 Months
CUST-02466,Male,48,59,Month-to-month,DSL,Bank transfer,No,No,69.13,No,829.56,49-72 Months
CUST-02467,Male,52,60,Month-to-month,DSL,Bank transfer,Yes,Yes,31.78,No,381.36,49-72 Months
CUST-02468,Female,48,17,One year,Fiber optic,Electronic check,No,No,102.8,No,1233.6,13-24 Months
CUST-02469,Male,65,32,Month-to-month,DSL,Bank transfer,No,Yes,46.52,No,558.24,25-48 Months
CUST-02470,Male,26,26,Month-to-month,No internet,Electronic check,No,Yes,32.51,Yes,390.12,25-48 Months
CUST-02471,Female,56,7,One year,DSL,Credit card,No,Yes,55.32,Yes,663.84,7-12 Months
CUST-02472,Male,69,6,Month-to-month,DSL,Credit card,No,Yes,47.0,Yes,564.0,0-6 Months
CUST-02473,Male,29,45,Two year,Fiber optic,Credit card,No,Yes,64.77,No,777.24,25-48 Months
CUST-02474,Male,31,31,Month-to-month,DSL,Bank transfer,No,No,37.21,No,446.52,25-48 Months
CUST-02475,Male,43,60,One year,Fiber optic,Electronic check,No,Yes,84.54,No,1014.48,49-72 Months
CUST-02476,Male,56,49,Month-to-month,DSL,Mailed check,No,Yes,110.67,Yes,1328.04,49-72 Months
CUST-02477,Female,68,7,One year,Fiber optic,Bank transfer,No,Yes,74.96,Yes,899.52,7-12 Months
CUST-02478,Male,60,61,Two year,DSL,Electronic check,Yes,No,31.56,No,378.72,49-72 Months
CUST-02479,Male,60,36,Month-to-month,No internet,Bank transfer,No,Yes,46.43,Yes,557.16,25-48 Months
CUST-02480,Male,41,41,Month-to-month,DSL,Electronic check,No,Yes,78.2,No,938.4,25-48 Months
CUST-02481,Female,52,70,Month-to-month,Fiber optic,Electronic check,No,Yes,20.0,Yes,240.0,49-72 Months
CUST-02482,Female,29,47,Month-to-month,DSL,Mailed check,No,Yes,37.48,Yes,449.76,25-48 Months
CUST-02483,Male,42,2,Two year,No internet,Bank transfer,No,Yes,25.87,No,310.44,0-6 Months
CUST-02484,Male,28,13,One year,DSL,Mailed check,No,No,75.23,No,902.76,13-24 Months
CUST-02485,Male,19,31,One year,DSL,Bank transfer,No,No,132.54,No,1590.48,25-48 Months
CUST-02486,Male,63,3,Two year,DSL,Mailed check,No,Yes,36.69,No,440.28,0-6 Months
CUST-02487,Male,60,13,Two year,DSL,Bank transfer,No,Yes,94.86,No,1138.32,13-24 Months
CUST-02488,Male,45,58,Two year,Fiber optic,Bank transfer,No,Yes,56.21,No,674.52,49-72 Months
CUST-02489,Female,18,11,Month-to-month,DSL,Bank transfer,Yes,No,35.04,No,420.48,7-12 Months
CUST-02490,Male,22,13,Month-to-month,DSL,Mailed check,Yes,No,115.8,No,1389.6,13-24 Months
CUST-02491,Male,23,37,Month-to-month,No internet,Mailed check,No,Yes,132.48,Yes,1589.76,25-48 Months
CUST-02492,Male,56,7,Month-to-month,Fiber optic,Electronic check,No,No,83.53,Yes,1002.36,7-12 Months
CUST-02493,Female,28,19,Month-to-month,Fiber optic,Bank transfer,No,Yes,82.15,Yes,985.8,13-24 Months
CUST-02494,Female,31,68,Month-to-month,Fiber optic,Electronic check,Yes,Yes,73.74,Yes,884.88,49-72 Months
CUST-02495,Male,63,46,Month-to-month,DSL,Credit card,Yes,No,67.85,No,814.2,25-48 Months
CUST-02496,Male,64,70,Month-to-month,No internet,Credit card,Yes,No,81.52,Yes,978.24,49-72 Months
CUST-02497,Female,58,26,Month-to-month,DSL,Mailed check,No,Yes,90.93,No,1091.16,25-48 Months
CUST-02498,Female,34,45,Month-to-month,Fiber optic,Credit card,No,Yes,118.57,No,1422.84,25-48 Months
CUST-02499,Male,48,18,Month-to-month,Fiber optic,Bank transfer,Yes,No,57.36,No,688.32,13-24 Months
CUST-02500,Female,28,28,Month-to-month,DSL,Electronic check,No,Yes,75.57,No,906.84,25-48 Months
CUST-02501,Female,63,13,One year,Fiber optic,Bank transfer,No,Yes,69.52,No,834.24,13-24 Months
CUST-02502,Male,22,60,One year,Fiber optic,Credit card,No,Yes,100.67,No,1208.04,49-72 Months
CUST-02503,Female,57,14,Month-to-month,Fiber optic,Electronic check,No,No,139.2,No,1670.4,13-24 Months
CUST-02504,Male,45,15,Month-to-month,DSL,Electronic check,No,Yes,101.64,No,1219.68,13-24 Months
CUST-02505,Male,58,34,Month-to-month,DSL,Bank transfer,No,Yes,94.35,Yes,1132.2,25-48 Months
CUST-02506,Male,41,31,Month-to-month,Fiber optic,Mailed check,No,Yes,97.42,Yes,1169.04,25-48 Months
CUST-02507,Male,26,23,Month-to-month,Fiber optic,Bank transfer,Yes,Yes,107.49,Yes,1289.88,13-24 Months
CUST-02508,Female,57,26,Two year,No internet,Bank transfer,No,No,139.6,No,1675.2,25-48 Months
CUST-02509,Male,51,22,Month-to-month,Fiber optic,Bank transfer,No,Yes,24.81,No,297.72,13-24 Months
CUST-02510,Male,42,66,Month-to-month,Fiber optic,Electronic check,No,No,88.79,No,1065.48,49-72 Months
CUST-02511,Male,37,42,One year,Fiber optic,Mailed check,No,No,20.0,No,240.0,25-48 Months
CUST-02512,Female,36,67,Month-to-month,Fiber optic,Credit card,Yes,Yes,98.64,No,1183.68,49-72 Months
CUST-02513,Female,43,72,Month-to-month,DSL,Mailed check,No,No,87.43,No,1049.16,49-72 Months
CUST-02514,Female,31,47,Month-to-month,DSL,Mailed check,Yes,Yes,56.69,No,680.28,25-48 Months
CUST-02515,Male,32,60,Two year,Fiber optic,Electronic check,Yes,Yes,20.0,No,240.0,49-72 Months
CUST-02516,Female,32,8,Month-to-month,No internet,Electronic check,No,Yes,71.6,No,859.2,7-12 Months
CUST-02517,Female,18,69,One year,Fiber optic,Mailed check,No,Yes,78.24,No,938.88,49-72 Months
CUST-02518,Female,67,35,One year,DSL,Mailed check,Yes,Yes,70.23,No,842.76,25-48 Months
CUST-02519,Male,30,52,Month-to-month,Fiber optic,Bank transfer,Yes,Yes,54.6,Yes,655.2,49-72 Months
CUST-02520,Female,26,18,One year,Fiber optic,Bank transfer,No,Yes,46.89,No,562.68,13-24 Months
CUST-02521,Male,26,7,Month-to-month,DSL,Credit card,No,No,70.55,No,846.6,7-12 Months
CUST-02522,Male,70,64,Month-to-month,No internet,Credit card,No,Yes,49.55,No,594.6,49-72 Months
CUST-02523,Male,43,33,Month-to-month,DSL,Electronic check,No,Yes,94.66,Yes,1135.92,25-48 Months
CUST-02524,Male,35,10,Two year,DSL,Electronic check,No,No,69.8,Yes,837.6,7-12 Months
CUST-02525,Male,39,48,Month-to-month,DSL,Credit card,No,Yes,23.71,No,284.52,25-48 Months
CUST-02526,Male,22,4,Month-to-month,DSL,Electronic check,No,No,76.95,Yes,923.4,0-6 Months
CUST-02527,Male,34,33,Two year,Fiber optic,Mailed check,No,No,83.6,No,1003.2,25-48 Months
CUST-02528,Female,31,51,Month-to-month,DSL,Electronic check,No,No,117.3,No,1407.6,49-72 Months
CUST-02529,Male,60,52,Two year,DSL,Bank transfer,No,Yes,97.99,No,1175.88,49-72 Months
CUST-02530,Female,21,33,One year,DSL,Electronic check,Yes,No,46.84,No,562.08,25-48 Months
CUST-02531,Female,40,27,One year,No internet,Electronic check,No,No,111.92,Yes,1343.04,25-48 Months
CUST-02532,Female,59,61,One year,DSL,Mailed check,Yes,No,33.19,No,398.28,49-72 Months
CUST-02533,Female,62,14,One year,Fiber optic,Bank transfer,No,No,72.79,No,873.48,13-24 Months
CUST-02534,Male,45,6,Month-to-month,Fiber optic,Electronic check,No,Yes,93.11,No,1117.32,0-6 Months
CUST-02535,Female,29,12,Two year,DSL,Bank transfer,Yes,Yes,112.84,No,1354.08,7-12 Months
CUST-02536,Female,35,58,Two year,Fiber optic,Mailed check,No,No,124.89,No,1498.68,49-72 Months
CUST-02537,Male,29,34,Two year,DSL,Mailed check,No,Yes,107.69,No,1292.28,25-48 Months
CUST-02538,Male,53,3,One year,Fiber optic,Mailed check,No,Yes,68.17,Yes,818.04,0-6 Months
CUST-02539,Female,33,13,Month-to-month,Fiber optic,Electronic check,Yes,Yes,88.23,Yes,1058.76,13-24 Months
CUST-02540,Male,51,3,Month-to-month,DSL,Electronic check,Yes,No,78.28,No,939.36,0-6 Months
CUST-02541,Male,52,59,Month-to-month,Fiber optic,Credit card,Yes,No,52.14,Yes,625.68,49-72 Months
CUST-02542,Female,67,34,Month-to-month,DSL,Electronic check,No,No,68.76,No,825.12,25-48 Months
CUST-02543,Female,37,5,One year,Fiber optic,Credit card,No,Yes,122.34,No,1468.08,0-6 Months
CUST-02544,Male,68,16,One year,DSL,Electronic check,No,Yes,90.09,No,1081.08,13-24 Months
CUST-02545,Female,39,45,Month-to-month,DSL,Mailed check,Yes,Yes,129.66,No,1555.92,25-48 Months
CUST-02546,Male,54,43,Month-to-month,No internet,Bank transfer,No,No,41.69,No,500.28,25-48 Months
CUST-02547,Female,53,59,One year,Fiber optic,Credit card,Yes,Yes,61.32,Yes,735.84,49-72 Months
CUST-02548,Female,61,2,Month-to-month,Fiber optic,Electronic check,No,No,83.63,Yes,1003.56,0-6 Months
CUST-02549,Male,42,5,Two year,DSL,Electronic check,No,Yes,92.79,No,1113.48,0-6 Months
CUST-02550,Male,59,3,One year,No internet,Bank transfer,No,No,68.73,No,824.76,0-6 Months
CUST-02551,Female,36,29,Month-to-month,DSL,Electronic check,No,Yes,94.41,Yes,1132.92,25-48 Months
CUST-02552,Male,44,53,Month-to-month,DSL,Bank transfer,No,No,94.2,Yes,1130.4,49-72 Months
CUST-02553,Male,44,48,One year,DSL,Credit card,No,No,33.14,Yes,397.68,25-48 Months
CUST-02554,Male,55,16,Month-to-month,DSL,Electronic check,Yes,No,93.1,No,1117.2,13-24 Months
CUST-02555,Female,50,48,Two year,DSL,Credit card,Yes,No,102.05,No,1224.6,25-48 Months
CUST-02556,Male,22,48,Month-to-month,DSL,Electronic check,No,Yes,80.29,No,963.48,25-48 Months
CUST-02557,Female,60,14,Month-to-month,DSL,Credit card,No,No,20.48,Yes,245.76,13-24 Months
CUST-02558,Female,58,54,Month-to-month,DSL,Credit card,No,No,64.25,No,771.0,49-72 Months
CUST-02559,Male,23,31,One year,No internet,Bank transfer,Yes,Yes,84.26,No,1011.12,25-48 Months
CUST-02560,Female,68,5,Two year,Fiber optic,Credit card,Yes,Yes,47.76,Yes,573.12,0-6 Months
CUST-02561,Female,53,29,Two year,Fiber optic,Credit card,No,Yes,97.71,No,1172.52,25-48 Months
CUST-02562,Male,22,56,Month-to-month,No internet,Electronic check,No,No,92.43,No,1109.16,49-72 Months
CUST-02563,Female,44,51,Two year,DSL,Electronic check,Yes,No,75.77,No,909.24,49-72 Months
CUST-02564,Male,62,20,Month-to-month,Fiber optic,Electronic check,Yes,Yes,72.49,No,869.88,13-24 Months
CUST-02565,Male,32,55,One year,DSL,Mailed check,No,No,77.4,No,928.8,49-72 Months
CUST-02566,Male,67,29,Two year,DSL,Bank transfer,No,Yes,71.89,No,862.68,25-48 Months
CUST-02567,Female,40,34,Month-to-month,DSL,Mailed check,No,Yes,36.01,No,432.12,25-48 Months
CUST-02568,Female,29,7,Two year,DSL,Bank transfer,Yes,No,59.96,No,719.52,7-12 Months
CUST-02569,Male,36,72,Month-to-month,Fiber optic,Mailed check,No,Yes,74.03,Yes,888.36,49-72 Months
CUST-02570,Female,45,61,Month-to-month,DSL,Electronic check,Yes,Yes,111.72,No,1340.64,49-72 Months
CUST-02571,Female,54,15,Month-to-month,Fiber optic,Electronic check,No,Yes,91.38,No,1096.56,13-24 Months
CUST-02572,Female,67,41,Two year,No internet,Credit card,No,Yes,113.22,No,1358.64,25-48 Months
CUST-02573,Female,28,57,Month-to-month,Fiber optic,Mailed check,Yes,Yes,32.66,No,391.92,49-72 Months
CUST-02574,Male,68,37,Two year,DSL,Electronic check,No,Yes,62.03,Yes,744.36,25-48 Months
CUST-02575,Female,45,16,Month-to-month,DSL,Electronic check,No,Yes,130.07,Yes,1560.84,13-24 Months
CUST-02576,Male,24,70,One year,DSL,Credit card,No,No,51.2,No,614.4,49-72 Months
CUST-02577,Male,67,20,One year,DSL,Electronic check,No,Yes,50.64,No,607.68,13-24 Months
CUST-02578,Male,36,25,Month-to-month,DSL,Bank transfer,Yes,No,64.39,No,772.68,25-48 Months
CUST-02579,Female,50,27,One year,DSL,Electronic check,No,No,128.51,No,1542.12,25-48 Months
CUST-02580,Female,55,65,One year,Fiber optic,Electronic check,No,Yes,53.2,Yes,638.4,49-72 Months
CUST-02581,Male,18,37,Month-to-month,Fiber optic,Bank transfer,No,Yes,87.61,No,1051.32,25-48 Months
CUST-02582,Male,29,52,Month-to-month,DSL,Bank transfer,Yes,Yes,82.98,No,995.76,49-72 Months
CUST-02583,Male,54,65,Month-to-month,Fiber optic,Bank transfer,No,No,20.0,No,240.0,49-72 Months
CUST-02584,Female,35,67,Two year,DSL,Electronic check,No,No,71.56,No,858.72,49-72 Months
CUST-02585,Male,18,62,One year,Fiber optic,Credit card,No,Yes,56.52,No,678.24,49-72 Months
CUST-02586,Female,19,66,Two year,DSL,Mailed check,No,Yes,90.98,No,1091.76,49-72 Months
CUST-02587,Male,61,69,One year,Fiber optic,Credit card,Yes,Yes,120.69,Yes,1448.28,49-72 Months
CUST-02588,Male,26,72,Two year,DSL,Electronic check,No,No,62.35,No,748.2,49-72 Months
CUST-02589,Female,23,47,Month-to-month,Fiber optic,Mailed check,Yes,Yes,62.35,No,748.2,25-48 Months
CUST-02590,Male,47,10,Month-to-month,DSL,Electronic check,No,Yes,142.5,Yes,1710.0,7-12 Months
CUST-02591,Male,24,9,One year,Fiber optic,Bank transfer,No,Yes,52.08,No,624.96,7-12 Months
CUST-02592,Male,52,58,Month-to-month,DSL,Bank transfer,Yes,No,34.4,No,412.8,49-72 Months
CUST-02593,Female,46,23,Month-to-month,Fiber optic,Mailed check,No,Yes,110.57,No,1326.84,13-24 Months
CUST-02594,Male,52,58,One year,DSL,Electronic check,Yes,Yes,70.58,No,846.96,49-72 Months
CUST-02595,Male,44,68,Two year,DSL,Electronic check,No,Yes,79.93,No,959.16,49-72 Months
CUST-02596,Male,59,47,One year,No internet,Electronic check,No,No,134.48,No,1613.76,25-48 Months
CUST-02597,Female,52,56,Month-to-month,DSL,Credit card,No,Yes,32.72,Yes,392.64,49-72 Months
CUST-02598,Female,40,21,Two year,DSL,Electronic check,No,Yes,66.53,No,798.36,13-24 Months
CUST-02599,Female,18,32,Month-to-month,DSL,Electronic check,No,Yes,37.38,Yes,448.56,25-48 Months
CUST-02600,Male,32,70,Month-to-month,Fiber optic,Mailed check,No,No,81.39,No,976.68,49-72 Months
CUST-02601,Female,24,59,Two year,DSL,Electronic check,No,Yes,56.52,No,678.24,49-72 Months
CUST-02602,Male,18,15,One year,Fiber optic,Credit card,No,No,39.16,No,469.92,13-24 Months
CUST-02603,Female,32,68,Two year,DSL,Electronic check,Yes,No,92.5,No,1110.0,49-72 Months
CUST-02604,Female,28,36,Two year,Fiber optic,Credit card,Yes,No,72.29,No,867.48,25-48 Months
CUST-02605,Female,22,61,One year,Fiber optic,Bank transfer,No,No,36.95,Yes,443.4,49-72 Months
CUST-02606,Female,34,38,Month-to-month,DSL,Bank transfer,No,Yes,38.67,No,464.04,25-48 Months
CUST-02607,Female,44,44,Month-to-month,DSL,Mailed check,No,Yes,77.82,No,933.84,25-48 Months
CUST-02608,Male,27,12,Two year,Fiber optic,Bank transfer,No,No,25.22,No,302.64,7-12 Months
CUST-02609,Female,32,25,Two year,DSL,Bank transfer,No,No,78.37,No,940.44,25-48 Months
CUST-02610,Female,19,53,Month-to-month,DSL,Electronic check,No,No,109.51,No,1314.12,49-72 Months
CUST-02611,Female,20,61,Month-to-month,Fiber optic,Credit card,No,Yes,90.68,Yes,1088.16,49-72 Months
CUST-02612,Female,26,7,Month-to-month,Fiber optic,Mailed check,No,No,54.55,Yes,654.6,7-12 Months
CUST-02613,Male,42,6,Month-to-month,No internet,Mailed check,No,Yes,79.68,Yes,956.16,0-6 Months
CUST-02614,Female,53,50,Two year,No internet,Mailed check,No,Yes,36.96,No,443.52,49-72 Months
CUST-02615,Male,59,33,Month-to-month,Fiber optic,Bank transfer,No,Yes,75.82,Yes,909.84,25-48 Months
CUST-02616,Female,51,62,Month-to-month,DSL,Mailed check,No,Yes,62.85,No,754.2,49-72 Months
CUST-02617,Female,50,5,Two year,Fiber optic,Mailed check,No,Yes,42.9,No,514.8,0-6 Months
CUST-02618,Male,67,26,Month-to-month,No internet,Electronic check,No,Yes,89.46,Yes,1073.52,25-48 Months
CUST-02619,Female,31,3,Month-to-month,Fiber optic,Mailed check,No,Yes,20.0,No,240.0,0-6 Months
CUST-02620,Female,60,52,Month-to-month,Fiber optic,Electronic check,Yes,No,38.8,Yes,465.6,49-72 Months
CUST-02621,Female,67,62,Month-to-month,Fiber optic,Credit card,Yes,No,42.16,No,505.92,49-72 Months
CUST-02622,Male,48,12,Month-to-month,DSL,Electronic check,No,No,57.87,Yes,694.44,7-12 Months
CUST-02623,Male,62,24,Month-to-month,Fiber optic,Credit card,No,No,108.38,No,1300.56,13-24 Months
CUST-02624,Female,25,61,Month-to-month,DSL,Bank transfer,No,No,93.12,Yes,1117.44,49-72 Months
CUST-02625,Female,64,3,Month-to-month,DSL,Bank transfer,No,No,74.95,No,899.4,0-6 Months
CUST-02626,Female,47,69,Month-to-month,DSL,Credit card,Yes,Yes,73.63,No,883.56,49-72 Months
CUST-02627,Female,29,64,Month-to-month,DSL,Electronic check,Yes,Yes,71.67,No,860.04,49-72 Months
CUST-02628,Male,21,11,Two year,Fiber optic,Bank transfer,No,No,110.41,No,1324.92,7-12 Months
CUST-02629,Female,56,11,Month-to-month,Fiber optic,Electronic check,No,Yes,21.16,Yes,253.92,7-12 Months
CUST-02630,Male,40,50,Month-to-month,Fiber optic,Electronic check,No,No,93.6,No,1123.2,49-72 Months
CUST-02631,Female,34,1,Two year,DSL,Mailed check,No,Yes,57.77,No,693.24,0-6 Months
CUST-02632,Female,38,37,Month-to-month,Fiber optic,Bank transfer,No,Yes,86.08,No,1032.96,25-48 Months
CUST-02633,Female,70,5,Month-to-month,DSL,Credit card,No,Yes,86.22,No,1034.64,0-6 Months
CUST-02634,Female,40,39,Two year,DSL,Electronic check,No,No,92.53,No,1110.36,25-48 Months
CUST-02635,Male,22,26,One year,DSL,Bank transfer,No,Yes,116.34,No,1396.08,25-48 Months
CUST-02636,Male,32,51,Month-to-month,DSL,Electronic check,No,Yes,33.61,No,403.32,49-72 Months
CUST-02637,Male,25,64,One year,Fiber optic,Electronic check,No,Yes,100.15,No,1201.8,49-72 Months
CUST-02638,Female,54,36,One year,Fiber optic,Electronic check,No,Yes,70.21,No,842.52,25-48 Months
CUST-02639,Male,60,47,Month-to-month,DSL,Bank transfer,No,Yes,59.1,No,709.2,25-48 Months
CUST-02640,Female,62,44,Month-to-month,Fiber optic,Mailed check,No,No,128.95,No,1547.4,25-48 Months
CUST-02641,Male,51,71,Month-to-month,DSL,Electronic check,No,Yes,91.65,No,1099.8,49-72 Months
CUST-02642,Male,58,17,Two year,No internet,Electronic check,No,No,60.32,No,723.84,13-24 Months
CUST-02643,Male,40,18,Month-to-month,Fiber optic,Bank transfer,No,Yes,98.8,No,1185.6,13-24 Months
CUST-02644,Male,51,28,Month-to-month,Fiber optic,Credit card,No,No,70.71,No,848.52,25-48 Months
CUST-02645,Male,23,54,Month-to-month,Fiber optic,Electronic check,No,No,59.88,Yes,718.56,49-72 Months
CUST-02646,Male,46,63,Two year,Fiber optic,Bank transfer,No,No,55.03,No,660.36,49-72 Months
CUST-02647,Female,47,21,Month-to-month,No internet,Bank transfer,Yes,No,80.53,No,966.36,13-24 Months
CUST-02648,Female,19,8,Month-to-month,No internet,Mailed check,No,Yes,54.81,No,657.72,7-12 Months
CUST-02649,Female,47,44,Month-to-month,Fiber optic,Electronic check,No,Yes,76.35,No,916.2,25-48 Months
CUST-02650,Male,56,44,One year,No internet,Credit card,No,Yes,96.84,No,1162.08,25-48 Months
CUST-02651,Female,37,27,Month-to-month,Fiber optic,Mailed check,No,Yes,75.09,Yes,901.08,25-48 Months
CUST-02652,Female,46,14,Two year,No internet,Mailed check,Yes,Yes,127.34,No,1528.08,13-24 Months
CUST-02653,Female,33,62,Month-to-month,DSL,Credit card,No,Yes,72.37,No,868.44,49-72 Months
CUST-02654,Male,32,61,Month-to-month,Fiber optic,Credit card,No,No,109.77,No,1317.24,49-72 Months
CUST-02655,Female,24,54,Month-to-month,DSL,Bank transfer,No,Yes,99.34,No,1192.08,49-72 Months
CUST-02656,Female,35,42,Month-to-month,DSL,Credit card,Yes,Yes,114.71,No,1376.52,25-48 Months
CUST-02657,Male,60,19,Month-to-month,Fiber optic,Electronic check,No,Yes,127.22,Yes,1526.64,13-24 Months
CUST-02658,Male,67,30,One year,Fiber optic,Bank transfer,Yes,Yes,22.68,No,272.16,25-48 Months
CUST-02659,Female,51,5,Month-to-month,DSL,Electronic check,Yes,Yes,79.42,No,953.04,0-6 Months
CUST-02660,Male,51,18,One year,Fiber optic,Credit card,No,No,68.87,No,826.44,13-24 Months
CUST-02661,Male,50,33,Month-to-month,Fiber optic,Mailed check,No,Yes,75.12,No,901.44,25-48 Months
CUST-02662,Female,43,32,One year,Fiber optic,Electronic check,No,No,60.87,No,730.44,25-48 Months
CUST-02663,Male,40,6,Month-to-month,DSL,Mailed check,No,Yes,56.78,No,681.36,0-6 Months
CUST-02664,Male,50,69,Month-to-month,Fiber optic,Bank transfer,Yes,Yes,41.21,No,494.52,49-72 Months
CUST-02665,Male,59,20,Month-to-month,DSL,Mailed check,No,Yes,74.73,No,896.76,13-24 Months
CUST-02666,Female,39,37,Two year,Fiber optic,Bank transfer,No,Yes,98.15,No,1177.8,25-48 Months
CUST-02667,Male,47,34,Two year,Fiber optic,Electronic check,No,Yes,58.18,No,698.16,25-48 Months
CUST-02668,Female,42,34,Two year,DSL,Electronic check,No,Yes,62.8,No,753.6,25-48 Months
CUST-02669,Male,33,61,Two year,Fiber optic,Bank transfer,No,No,52.45,No,629.4,49-72 Months
CUST-02670,Female,33,54,Month-to-month,DSL,Mailed check,No,No,44.16,Yes,529.92,49-72 Months
CUST-02671,Female,22,63,Month-to-month,Fiber optic,Bank transfer,Yes,Yes,65.39,No,784.68,49-72 Months
CUST-02672,Female,41,28,Month-to-month,DSL,Credit card,No,No,81.61,No,979.32,25-48 Months
CUST-02673,Female,55,20,Two year,Fiber optic,Bank transfer,No,No,107.21,Yes,1286.52,13-24 Months
CUST-02674,Male,54,31,Month-to-month,DSL,Mailed check,No,Yes,38.62,No,463.44,25-48 Months
CUST-02675,Female,70,41,Month-to-month,Fiber optic,Mailed check,Yes,Yes,71.15,No,853.8,25-48 Months
CUST-02676,Female,20,25,One year,No internet,Credit card,No,Yes,104.99,No,1259.88,25-48 Months
CUST-02677,Female,58,34,Month-to-month,Fiber optic,Bank transfer,No,No,38.99,Yes,467.88,25-48 Months
CUST-02678,Female,60,11,One year,Fiber optic,Credit card,Yes,Yes,107.48,No,1289.76,7-12 Months
CUST-02679,Female,41,43,Month-to-month,DSL,Electronic check,No,Yes,59.71,No,716.52,25-48 Months
CUST-02680,Male,32,52,One year,Fiber optic,Bank transfer,No,Yes,91.92,No,1103.04,49-72 Months
CUST-02681,Male,36,38,Two year,DSL,Electronic check,No,Yes,65.89,No,790.68,25-48 Months
CUST-02682,Male,54,63,One year,DSL,Bank transfer,No,Yes,84.84,No,1018.08,49-72 Months
CUST-02683,Male,63,72,Month-to-month,DSL,Credit card,Yes,Yes,117.05,Yes,1404.6,49-72 Months
CUST-02684,Female,52,66,Month-to-month,DSL,Credit card,No,No,68.6,No,823.2,49-72 Months
CUST-02685,Female,45,7,Month-to-month,No internet,Electronic check,No,Yes,99.9,Yes,1198.8,7-12 Months
CUST-02686,Male,52,64,Month-to-month,DSL,Credit card,No,Yes,79.69,No,956.28,49-72 Months
CUST-02687,Male,21,25,One year,Fiber optic,Electronic check,Yes,Yes,49.99,Yes,599.88,25-48 Months
CUST-02688,Female,50,33,Month-to-month,DSL,Mailed check,No,Yes,67.92,No,815.04,25-48 Months
CUST-02689,Female,20,30,Month-to-month,Fiber optic,Bank transfer,No,No,66.17,No,794.04,25-48 Months
CUST-02690,Female,68,21,Month-to-month,Fiber optic,Mailed check,Yes,No,32.47,No,389.64,13-24 Months
CUST-02691,Female,65,64,Two year,Fiber optic,Electronic check,Yes,No,84.85,Yes,1018.2,49-72 Months
CUST-02692,Female,44,46,Month-to-month,Fiber optic,Bank transfer,Yes,Yes,90.42,No,1085.04,25-48 Months
CUST-02693,Female,37,70,Month-to-month,Fiber optic,Bank transfer,Yes,No,94.75,No,1137.0,49-72 Months
CUST-02694,Male,56,69,Month-to-month,Fiber optic,Bank transfer,No,No,112.03,No,1344.36,49-72 Months
CUST-02695,Female,51,31,Month-to-month,DSL,Mailed check,No,Yes,98.71,Yes,1184.52,25-48 Months
CUST-02696,Male,55,53,Two year,DSL,Bank transfer,No,No,55.12,No,661.44,49-72 Months
CUST-02697,Male,45,37,Month-to-month,No internet,Mailed check,No,No,61.07,No,732.84,25-48 Months
CUST-02698,Male,30,36,One year,Fiber optic,Electronic check,No,No,95.49,No,1145.88,25-48 Months
CUST-02699,Male,21,54,One year,Fiber optic,Mailed check,Yes,Yes,82.91,No,994.92,49-72 Months
CUST-02700,Male,33,50,Two year,DSL,Bank transfer,Yes,Yes,71.5,No,858.0,49-72 Months
CUST-02701,Female,46,66,One year,Fiber optic,Electronic check,Yes,No,47.51,Yes,570.12,49-72 Months
CUST-02702,Female,40,56,One year,Fiber optic,Electronic check,No,Yes,57.14,Yes,685.68,49-72 Months
CUST-02703,Male,44,45,Month-to-month,DSL,Credit card,No,No,88.32,Yes,1059.84,25-48 Months
CUST-02704,Female,32,67,Month-to-month,DSL,Credit card,No,Yes,20.0,No,240.0,49-72 Months
CUST-02705,Male,67,8,One year,Fiber optic,Bank transfer,No,Yes,20.0,No,240.0,7-12 Months
CUST-02706,Male,37,55,One year,DSL,Bank transfer,Yes,No,91.41,Yes,1096.92,49-72 Months
CUST-02707,Female,62,29,Month-to-month,DSL,Credit card,No,Yes,57.06,No,684.72,25-48 Months
CUST-02708,Male,38,32,Month-to-month,DSL,Bank transfer,No,Yes,85.12,Yes,1021.44,25-48 Months
CUST-02709,Female,41,57,Month-to-month,Fiber optic,Electronic check,No,No,116.15,No,1393.8,49-72 Months
CUST-02710,Female,50,20,Month-to-month,DSL,Bank transfer,No,No,43.63,Yes,523.56,13-24 Months
CUST-02711,Male,31,64,Month-to-month,DSL,Credit card,Yes,Yes,25.25,No,303.0,49-72 Months
CUST-02712,Male,29,36,Month-to-month,Fiber optic,Bank transfer,No,Yes,64.26,No,771.12,25-48 Months
CUST-02713,Female,38,26,Month-to-month,DSL,Electronic check,No,Yes,52.83,Yes,633.96,25-48 Months
CUST-02714,Female,60,24,One year,DSL,Credit card,No,Yes,71.29,Yes,855.48,13-24 Months
CUST-02715,Female,25,31,One year,Fiber optic,Bank transfer,Yes,No,87.06,No,1044.72,25-48 Months
CUST-02716,Male,41,68,One year,DSL,Mailed check,Yes,No,81.15,No,973.8,49-72 Months
CUST-02717,Male,53,8,One year,Fiber optic,Credit card,No,Yes,73.3,No,879.6,7-12 Months
CUST-02718,Female,55,37,Month-to-month,DSL,Bank transfer,No,Yes,101.63,No,1219.56,25-48 Months
CUST-02719,Female,41,61,Month-to-month,Fiber optic,Credit card,No,Yes,90.78,Yes,1089.36,49-72 Months
CUST-02720,Male,22,34,One year,DSL,Credit card,Yes,Yes,66.92,No,803.04,25-48 Months
CUST-02721,Female,18,41,Two year,Fiber optic,Electronic check,No,Yes,89.79,No,1077.48,25-48 Months
CUST-02722,Female,42,26,One year,DSL,Bank transfer,No,No,28.72,Yes,344.64,25-48 Months
CUST-02723,Male,60,10,One year,DSL,Mailed check,No,No,101.78,Yes,1221.36,7-12 Months
CUST-02724,Male,19,47,One year,DSL,Credit card,Yes,Yes,72.62,No,871.44,25-48 Months
CUST-02725,Female,65,67,One year,DSL,Credit card,No,No,38.38,No,460.56,49-72 Months
CUST-02726,Female,53,38,One year,Fiber optic,Credit card,No,No,60.33,No,723.96,25-48 Months
CUST-02727,Male,18,32,One year,Fiber optic,Bank transfer,No,Yes,101.05,No,1212.6,25-48 Months
CUST-02728,Male,36,10,Month-to-month,DSL,Credit card,No,Yes,50.51,Yes,606.12,7-12 Months
CUST-02729,Female,29,69,Month-to-month,Fiber optic,Electronic check,No,Yes,83.5,Yes,1002.0,49-72 Months
CUST-02730,Male,68,63,Month-to-month,DSL,Mailed check,Yes,Yes,96.61,No,1159.32,49-72 Months
CUST-02731,Female,47,65,Month-to-month,DSL,Electronic check,No,No,72.68,Yes,872.16,49-72 Months
CUST-02732,Female,35,26,One year,No internet,Credit card,No,Yes,47.79,No,573.48,25-48 Months
CUST-02733,Female,32,46,Month-to-month,Fiber optic,Bank transfer,No,Yes,70.21,No,842.52,25-48 Months
CUST-02734,Male,47,32,Month-to-month,DSL,Bank transfer,No,Yes,32.54,No,390.48,25-48 Months
CUST-02735,Male,18,17,One year,Fiber optic,Electronic check,No,No,58.32,No,699.84,13-24 Months
CUST-02736,Male,31,15,Month-to-month,No internet,Bank transfer,No,Yes,41.0,No,492.0,13-24 Months
CUST-02737,Female,26,28,Two year,DSL,Mailed check,No,No,70.69,No,848.28,25-48 Months
CUST-02738,Male,50,40,Month-to-month,DSL,Credit card,Yes,No,36.46,No,437.52,25-48 Months
CUST-02739,Male,53,9,Month-to-month,DSL,Credit card,No,Yes,74.34,No,892.08,7-12 Months
CUST-02740,Male,42,51,Month-to-month,Fiber optic,Mailed check,No,Yes,103.72,No,1244.64,49-72 Months
CUST-02741,Male,25,33,Month-to-month,DSL,Credit card,No,Yes,105.48,No,1265.76,25-48 Months
CUST-02742,Male,37,64,Month-to-month,DSL,Electronic check,No,Yes,37.13,Yes,445.56,49-72 Months
CUST-02743,Female,62,21,Month-to-month,Fiber optic,Electronic check,Yes,Yes,53.35,No,640.2,13-24 Months
CUST-02744,Female,28,4,Month-to-month,No internet,Bank transfer,No,No,95.88,Yes,1150.56,0-6 Months
CUST-02745,Male,26,23,Month-to-month,No internet,Bank transfer,Yes,No,91.71,Yes,1100.52,13-24 Months
CUST-02746,Male,23,71,One year,No internet,Electronic check,No,Yes,54.77,No,657.24,49-72 Months
CUST-02747,Male,61,24,Month-to-month,DSL,Electronic check,No,Yes,58.38,Yes,700.56,13-24 Months
CUST-02748,Female,24,51,Month-to-month,Fiber optic,Mailed check,No,Yes,74.3,Yes,891.6,49-72 Months
CUST-02749,Male,48,61,Month-to-month,DSL,Electronic check,Yes,Yes,20.67,No,248.04,49-72 Months
CUST-02750,Female,70,21,Two year,Fiber optic,Mailed check,No,Yes,86.71,Yes,1040.52,13-24 Months
CUST-02751,Male,52,47,One year,DSL,Mailed check,No,No,102.33,No,1227.96,25-48 Months
CUST-02752,Male,39,15,Two year,Fiber optic,Credit card,No,Yes,61.1,No,733.2,13-24 Months
CUST-02753,Female,28,27,Two year,DSL,Electronic check,No,Yes,32.26,No,387.12,25-48 Months
CUST-02754,Female,18,22,Month-to-month,Fiber optic,Electronic check,No,No,111.55,Yes,1338.6,13-24 Months
CUST-02755,Female,26,49,One year,Fiber optic,Electronic check,No,Yes,78.14,No,937.68,49-72 Months
CUST-02756,Female,68,64,Month-to-month,Fiber optic,Electronic check,Yes,No,91.85,Yes,1102.2,49-72 Months
CUST-02757,Female,25,19,Two year,DSL,Bank transfer,Yes,No,35.01,No,420.12,13-24 Months
CUST-02758,Female,19,21,Month-to-month,Fiber optic,Mailed check,Yes,Yes,35.11,Yes,421.32,13-24 Months
CUST-02759,Male,61,60,Month-to-month,Fiber optic,Electronic check,No,Yes,83.6,Yes,1003.2,49-72 Months
CUST-02760,Male,40,34,Two year,Fiber optic,Credit card,No,No,100.77,No,1209.24,25-48 Months
CUST-02761,Male,36,37,Two year,Fiber optic,Bank transfer,Yes,Yes,40.38,No,484.56,25-48 Months
CUST-02762,Male,56,51,Two year,No internet,Electronic check,Yes,Yes,69.15,No,829.8,49-72 Months
CUST-02763,Male,45,10,Month-to-month,DSL,Electronic check,No,No,27.56,Yes,330.72,7-12 Months
CUST-02764,Male,66,63,Month-to-month,Fiber optic,Credit card,No,Yes,52.36,Yes,628.32,49-72 Months
CUST-02765,Male,42,27,Month-to-month,Fiber optic,Bank transfer,No,Yes,64.8,No,777.6,25-48 Months
CUST-02766,Female,55,48,Month-to-month,Fiber optic,Credit card,No,Yes,85.69,No,1028.28,25-48 Months
CUST-02767,Male,64,32,Month-to-month,Fiber optic,Electronic check,No,Yes,20.0,Yes,240.0,25-48 Months
CUST-02768,Female,42,55,Month-to-month,Fiber optic,Bank transfer,No,No,108.97,Yes,1307.64,49-72 Months
CUST-02769,Male,33,45,One year,Fiber optic,Electronic check,No,No,67.22,Yes,806.64,25-48 Months
CUST-02770,Female,69,13,Month-to-month,Fiber optic,Electronic check,No,Yes,108.24,No,1298.88,13-24 Months
CUST-02771,Female,30,14,One year,Fiber optic,Bank transfer,No,Yes,91.56,No,1098.72,13-24 Months
CUST-02772,Male,20,64,Two year,DSL,Bank transfer,No,No,95.86,No,1150.32,49-72 Months
CUST-02773,Male,48,38,One year,Fiber optic,Electronic check,No,Yes,128.57,No,1542.84,25-48 Months
CUST-02774,Female,70,20,Month-to-month,DSL,Electronic check,No,Yes,50.11,Yes,601.32,13-24 Months
CUST-02775,Female,22,11,Month-to-month,DSL,Bank transfer,Yes,Yes,75.79,No,909.48,7-12 Months
CUST-02776,Male,63,10,Month-to-month,No internet,Electronic check,No,Yes,44.26,No,531.12,7-12 Months
CUST-02777,Female,62,67,One year,Fiber optic,Electronic check,No,Yes,69.14,No,829.68,49-72 Months
CUST-02778,Female,67,71,Month-to-month,DSL,Electronic check,No,Yes,92.16,Yes,1105.92,49-72 Months
CUST-02779,Male,40,29,Month-to-month,DSL,Electronic check,No,Yes,103.57,No,1242.84,25-48 Months
CUST-02780,Male,31,15,Two year,No internet,Credit card,No,Yes,61.3,No,735.6,13-24 Months
CUST-02781,Male,45,31,One year,DSL,Electronic check,No,No,38.27,No,459.24,25-48 Months
CUST-02782,Female,25,10,Two year,Fiber optic,Mailed check,No,Yes,74.05,Yes,888.6,7-12 Months
CUST-02783,Female,62,40,Month-to-month,No internet,Bank transfer,Yes,No,48.14,No,577.68,25-48 Months
CUST-02784,Female,53,46,Two year,DSL,Electronic check,Yes,Yes,55.82,No,669.84,25-48 Months
CUST-02785,Female,43,71,Month-to-month,Fiber optic,Bank transfer,No,Yes,90.81,Yes,1089.72,49-72 Months
CUST-02786,Male,45,23,Month-to-month,Fiber optic,Electronic check,No,Yes,85.6,No,1027.2,13-24 Months
CUST-02787,Male,55,15,Two year,No internet,Credit card,No,Yes,95.36,No,1144.32,13-24 Months
CUST-02788,Male,45,10,Two year,Fiber optic,Credit card,No,Yes,62.56,No,750.72,7-12 Months
CUST-02789,Male,62,28,Month-to-month,DSL,Credit card,Yes,Yes,100.25,No,1203.0,25-48 Months
CUST-02790,Female,67,44,Month-to-month,Fiber optic,Mailed check,No,Yes,72.4,No,868.8,25-48 Months
CUST-02791,Female,68,5,Month-to-month,DSL,Credit card,No,Yes,64.04,Yes,768.48,0-6 Months
CUST-02792,Male,50,55,One year,Fiber optic,Bank transfer,No,Yes,41.23,No,494.76,49-72 Months
CUST-02793,Female,57,34,Two year,DSL,Mailed check,No,No,20.0,No,240.0,25-48 Months
CUST-02794,Female,34,58,Month-to-month,DSL,Electronic check,No,Yes,28.21,Yes,338.52,49-72 Months
CUST-02795,Male,20,34,Month-to-month,No internet,Electronic check,No,No,78.03,Yes,936.36,25-48 Months
CUST-02796,Female,39,12,One year,Fiber optic,Electronic check,No,Yes,46.59,No,559.08,7-12 Months
CUST-02797,Female,64,2,One year,Fiber optic,Electronic check,Yes,Yes,25.93,No,311.16,0-6 Months
CUST-02798,Female,25,41,Month-to-month,Fiber optic,Credit card,Yes,Yes,60.26,Yes,723.12,25-48 Months
CUST-02799,Female,46,39,One year,Fiber optic,Credit card,Yes,No,79.83,No,957.96,25-48 Months
CUST-02800,Male,28,59,Two year,No internet,Electronic check,No,Yes,83.62,No,1003.44,49-72 Months
CUST-02801,Female,40,64,Month-to-month,Fiber optic,Credit card,No,No,71.19,No,854.28,49-72 Months
CUST-02802,Male,25,12,One year,Fiber optic,Bank transfer,No,No,70.3,No,843.6,7-12 Months
CUST-02803,Female,56,23,One year,DSL,Mailed check,No,Yes,56.92,Yes,683.04,13-24 Months
CUST-02804,Male,60,15,Month-to-month,Fiber optic,Credit card,Yes,Yes,89.75,No,1077.0,13-24 Months
CUST-02805,Male,58,8,Two year,Fiber optic,Bank transfer,Yes,Yes,67.05,Yes,804.6,7-12 Months
CUST-02806,Female,55,1,One year,DSL,Bank transfer,No,Yes,69.86,No,838.32,0-6 Months
CUST-02807,Male,30,6,Month-to-month,Fiber optic,Electronic check,No,No,101.06,Yes,1212.72,0-6 Months
CUST-02808,Male,46,38,Month-to-month,DSL,Electronic check,No,No,94.17,No,1130.04,25-48 Months
CUST-02809,Female,23,11,One year,DSL,Credit card,No,Yes,66.82,No,801.84,7-12 Months
CUST-02810,Male,37,15,Month-to-month,Fiber optic,Electronic check,No,Yes,62.84,No,754.08,13-24 Months
CUST-02811,Female,44,9,Month-to-month,DSL,Electronic check,No,Yes,62.62,No,751.44,7-12 Months
CUST-02812,Male,53,53,Month-to-month,DSL,Electronic check,No,No,20.0,No,240.0,49-72 Months
CUST-02813,Male,23,46,One year,Fiber optic,Mailed check,No,Yes,102.71,No,1232.52,25-48 Months
CUST-02814,Female,61,70,Two year,DSL,Mailed check,Yes,No,52.83,No,633.96,49-72 Months
CUST-02815,Male,42,9,One year,Fiber optic,Credit card,No,Yes,95.93,No,1151.16,7-12 Months
CUST-02816,Male,64,16,Two year,DSL,Mailed check,No,No,73.16,No,877.92,13-24 Months
CUST-02817,Female,45,33,Month-to-month,DSL,Credit card,Yes,Yes,110.97,No,1331.64,25-48 Months
CUST-02818,Female,46,47,Month-to-month,Fiber optic,Bank transfer,Yes,Yes,86.83,No,1041.96,25-48 Months
CUST-02819,Male,54,10,Two year,DSL,Mailed check,No,No,97.54,No,1170.48,7-12 Months
CUST-02820,Female,61,16,Month-to-month,Fiber optic,Electronic check,Yes,No,55.42,No,665.04,13-24 Months
CUST-02821,Female,26,31,Two year,DSL,Electronic check,No,Yes,36.01,No,432.12,25-48 Months
CUST-02822,Female,45,2,Month-to-month,DSL,Credit card,No,No,76.13,Yes,913.56,0-6 Months
CUST-02823,Male,19,29,Month-to-month,Fiber optic,Bank transfer,No,Yes,20.0,Yes,240.0,25-48 Months
CUST-02824,Female,43,55,One year,Fiber optic,Mailed check,Yes,Yes,58.9,No,706.8,49-72 Months
CUST-02825,Female,61,38,Month-to-month,No internet,Credit card,No,Yes,38.7,No,464.4,25-48 Months
CUST-02826,Female,63,32,Month-to-month,Fiber optic,Credit card,No,Yes,48.49,Yes,581.88,25-48 Months
CUST-02827,Male,33,36,Month-to-month,Fiber optic,Electronic check,No,No,88.68,Yes,1064.16,25-48 Months
CUST-02828,Female,38,69,Month-to-month,Fiber optic,Bank transfer,No,Yes,86.84,No,1042.08,49-72 Months
CUST-02829,Female,47,38,Month-to-month,DSL,Credit card,Yes,Yes,67.47,No,809.64,25-48 Months
CUST-02830,Male,38,39,Two year,Fiber optic,Credit card,No,No,80.96,No,971.52,25-48 Months
CUST-02831,Female,27,68,Month-to-month,DSL,Electronic check,No,Yes,56.86,No,682.32,49-72 Months
CUST-02832,Female,34,12,Two year,DSL,Electronic check,No,Yes,139.95,No,1679.4,7-12 Months
CUST-02833,Male,39,7,One year,Fiber optic,Mailed check,No,Yes,80.42,No,965.04,7-12 Months
CUST-02834,Female,45,33,Month-to-month,DSL,Electronic check,No,No,55.47,No,665.64,25-48 Months
CUST-02835,Male,66,23,Month-to-month,Fiber optic,Electronic check,No,Yes,96.51,Yes,1158.12,13-24 Months
CUST-02836,Female,46,15,Two year,Fiber optic,Bank transfer,No,No,106.73,No,1280.76,13-24 Months
CUST-02837,Female,38,9,One year,DSL,Mailed check,Yes,No,50.32,No,603.84,7-12 Months
CUST-02838,Female,53,64,Two year,Fiber optic,Electronic check,No,No,32.28,No,387.36,49-72 Months
CUST-02839,Male,58,45,Month-to-month,No internet,Bank transfer,No,No,37.83,No,453.96,25-48 Months
CUST-02840,Female,40,50,One year,DSL,Electronic check,No,Yes,53.24,No,638.88,49-72 Months
CUST-02841,Male,43,9,One year,Fiber optic,Mailed check,No,No,70.48,No,845.76,7-12 Months
CUST-02842,Female,29,25,Two year,No internet,Credit card,No,Yes,26.38,Yes,316.56,25-48 Months
CUST-02843,Female,63,45,Month-to-month,DSL,Credit card,Yes,Yes,60.29,No,723.48,25-48 Months
CUST-02844,Male,63,39,Two year,Fiber optic,Electronic check,Yes,Yes,66.18,No,794.16,25-48 Months
CUST-02845,Male,27,51,Month-to-month,DSL,Credit card,No,No,81.1,No,973.2,49-72 Months
CUST-02846,Male,36,49,Two year,No internet,Credit card,Yes,Yes,89.13,No,1069.56,49-72 Months
CUST-02847,Female,32,30,Month-to-month,Fiber optic,Bank transfer,Yes,No,83.24,No,998.88,25-48 Months
CUST-02848,Male,66,57,One year,Fiber optic,Credit card,No,No,122.18,Yes,1466.16,49-72 Months
CUST-02849,Male,21,19,Month-to-month,DSL,Electronic check,No,Yes,102.64,No,1231.68,13-24 Months
CUST-02850,Male,28,6,Two year,Fiber optic,Electronic check,No,Yes,78.21,Yes,938.52,0-6 Months
CUST-02851,Male,34,66,Month-to-month,Fiber optic,Credit card,Yes,Yes,44.83,Yes,537.96,49-72 Months
CUST-02852,Male,47,2,Month-to-month,DSL,Mailed check,Yes,Yes,53.09,No,637.08,0-6 Months
CUST-02853,Male,31,21,One year,No internet,Mailed check,No,No,32.0,No,384.0,13-24 Months
CUST-02854,Male,46,9,One year,DSL,Electronic check,No,Yes,76.29,No,915.48,7-12 Months
CUST-02855,Female,57,17,Month-to-month,Fiber optic,Electronic check,No,Yes,81.28,No,975.36,13-24 Months
CUST-02856,Male,61,29,One year,Fiber optic,Electronic check,No,Yes,97.0,Yes,1164.0,25-48 Months
CUST-02857,Female,23,10,Month-to-month,Fiber optic,Electronic check,No,Yes,79.48,Yes,953.76,7-12 Months
CUST-02858,Female,25,34,One year,Fiber optic,Credit card,No,Yes,101.51,Yes,1218.12,25-48 Months
CUST-02859,Female,23,67,One year,DSL,Electronic check,No,Yes,102.09,No,1225.08,49-72 Months
CUST-02860,Male,66,10,One year,Fiber optic,Credit card,Yes,No,43.21,Yes,518.52,7-12 Months
CUST-02861,Male,52,67,Two year,DSL,Electronic check,No,Yes,57.49,No,689.88,49-72 Months
CUST-02862,Female,46,30,Month-to-month,DSL,Electronic check,No,Yes,71.69,No,860.28,25-48 Months
CUST-02863,Female,59,43,Month-to-month,DSL,Credit card,Yes,Yes,52.23,No,626.76,25-48 Months
CUST-02864,Female,49,32,One year,No internet,Electronic check,No,No,65.19,No,782.28,25-48 Months
CUST-02865,Male,30,23,Month-to-month,DSL,Electronic check,No,No,80.44,No,965.28,13-24 Months
CUST-02866,Male,45,8,Month-to-month,No internet,Credit card,No,Yes,68.55,No,822.6,7-12 Months
CUST-02867,Male,55,43,One year,DSL,Electronic check,No,Yes,72.01,No,864.12,25-48 Months
CUST-02868,Male,19,66,Month-to-month,DSL,Electronic check,No,No,45.61,No,547.32,49-72 Months
CUST-02869,Female,50,38,Month-to-month,Fiber optic,Credit card,No,No,86.18,Yes,1034.16,25-48 Months
CUST-02870,Male,44,44,Two year,Fiber optic,Mailed check,No,No,84.13,No,1009.56,25-48 Months
CUST-02871,Male,21,47,Month-to-month,No internet,Bank transfer,No,No,50.65,Yes,607.8,25-48 Months
CUST-02872,Female,31,28,Month-to-month,Fiber optic,Electronic check,Yes,Yes,35.79,No,429.48,25-48 Months
CUST-02873,Female,41,9,Month-to-month,No internet,Electronic check,Yes,Yes,106.45,Yes,1277.4,7-12 Months
CUST-02874,Male,36,37,Month-to-month,Fiber optic,Mailed check,Yes,No,120.95,No,1451.4,25-48 Months
CUST-02875,Male,33,63,One year,DSL,Bank transfer,Yes,Yes,78.57,No,942.84,49-72 Months
CUST-02876,Female,52,23,One year,Fiber optic,Electronic check,No,Yes,61.87,Yes,742.44,13-24 Months
CUST-02877,Female,39,63,One year,No internet,Credit card,No,No,101.3,Yes,1215.6,49-72 Months
CUST-02878,Female,44,62,Month-to-month,Fiber optic,Bank transfer,No,No,85.17,Yes,1022.04,49-72 Months
CUST-02879,Female,60,18,Month-to-month,Fiber optic,Mailed check,No,Yes,66.1,No,793.2,13-24 Months
CUST-02880,Female,22,42,Month-to-month,DSL,Mailed check,Yes,No,99.11,No,1189.32,25-48 Months
CUST-02881,Male,37,54,One year,Fiber optic,Bank transfer,No,Yes,49.33,No,591.96,49-72 Months
CUST-02882,Male,21,36,One year,Fiber optic,Bank transfer,No,No,52.66,No,631.92,25-48 Months
CUST-02883,Female,67,51,Month-to-month,No internet,Electronic check,Yes,No,82.18,No,986.16,49-72 Months
CUST-02884,Male,27,66,Two year,DSL,Credit card,Yes,No,75.2,No,902.4,49-72 Months
CUST-02885,Male,61,46,One year,Fiber optic,Mailed check,No,No,89.84,No,1078.08,25-48 Months
CUST-02886,Male,28,61,Month-to-month,DSL,Credit card,No,No,105.41,No,1264.92,49-72 Months
CUST-02887,Female,35,58,One year,Fiber optic,Credit card,No,No,28.53,No,342.36,49-72 Months
CUST-02888,Male,50,59,One year,Fiber optic,Electronic check,No,Yes,73.09,No,877.08,49-72 Months
CUST-02889,Male,62,62,Month-to-month,DSL,Mailed check,No,Yes,125.23,No,1502.76,49-72 Months
CUST-02890,Male,27,17,Month-to-month,Fiber optic,Mailed check,No,Yes,55.3,No,663.6,13-24 Months
CUST-02891,Male,29,2,One year,DSL,Mailed check,No,Yes,51.99,No,623.88,0-6 Months
CUST-02892,Female,64,12,Two year,Fiber optic,Credit card,No,No,20.0,Yes,240.0,7-12 Months
CUST-02893,Male,35,18,One year,DSL,Electronic check,Yes,Yes,74.85,Yes,898.2,13-24 Months
CUST-02894,Female,29,50,One year,DSL,Bank transfer,No,No,88.26,No,1059.12,49-72 Months
CUST-02895,Male,57,37,One year,Fiber optic,Credit card,No,Yes,88.2,No,1058.4,25-48 Months
CUST-02896,Female,22,34,Month-to-month,No internet,Credit card,No,Yes,42.96,No,515.52,25-48 Months
CUST-02897,Female,63,1,Month-to-month,DSL,Electronic check,No,Yes,71.76,Yes,861.12,0-6 Months
CUST-02898,Female,64,50,Month-to-month,Fiber optic,Credit card,No,Yes,78.2,Yes,938.4,49-72 Months
CUST-02899,Female,63,27,Two year,No internet,Electronic check,No,Yes,73.46,No,881.52,25-48 Months
CUST-02900,Male,33,55,Two year,Fiber optic,Mailed check,No,Yes,41.35,No,496.2,49-72 Months
CUST-02901,Female,24,9,Two year,Fiber optic,Electronic check,No,Yes,74.16,No,889.92,7-12 Months
CUST-02902,Female,40,22,Month-to-month,Fiber optic,Bank transfer,No,No,49.19,No,590.28,13-24 Months
CUST-02903,Female,35,4,Month-to-month,Fiber optic,Electronic check,No,Yes,20.0,Yes,240.0,0-6 Months
CUST-02904,Female,68,21,One year,DSL,Electronic check,No,No,91.08,No,1092.96,13-24 Months
CUST-02905,Female,51,67,Month-to-month,DSL,Electronic check,No,No,75.92,No,911.04,49-72 Months
CUST-02906,Female,68,36,Month-to-month,No internet,Credit card,No,Yes,88.57,No,1062.84,25-48 Months
CUST-02907,Female,57,32,One year,Fiber optic,Bank transfer,No,Yes,57.04,No,684.48,25-48 Months
CUST-02908,Female,55,20,One year,Fiber optic,Bank transfer,No,No,89.54,No,1074.48,13-24 Months
CUST-02909,Male,23,20,One year,Fiber optic,Bank transfer,No,No,100.62,Yes,1207.44,13-24 Months
CUST-02910,Male,21,49,Month-to-month,Fiber optic,Mailed check,No,Yes,121.11,Yes,1453.32,49-72 Months
CUST-02911,Male,20,71,Month-to-month,No internet,Electronic check,No,No,94.79,Yes,1137.48,49-72 Months
CUST-02912,Male,49,54,Month-to-month,DSL,Electronic check,No,Yes,82.77,No,993.24,49-72 Months
CUST-02913,Male,28,54,Month-to-month,DSL,Mailed check,No,Yes,33.36,No,400.32,49-72 Months
CUST-02914,Male,70,34,Month-to-month,DSL,Credit card,No,Yes,69.02,Yes,828.24,25-48 Months
CUST-02915,Male,25,8,Month-to-month,Fiber optic,Electronic check,No,No,32.17,Yes,386.04,7-12 Months
CUST-02916,Male,68,53,Two year,Fiber optic,Bank transfer,No,Yes,49.07,Yes,588.84,49-72 Months
CUST-02917,Female,53,59,Month-to-month,Fiber optic,Credit card,No,Yes,126.74,No,1520.88,49-72 Months
CUST-02918,Female,23,37,Month-to-month,DSL,Credit card,No,Yes,43.36,No,520.32,25-48 Months
CUST-02919,Female,21,7,Month-to-month,Fiber optic,Electronic check,No,Yes,20.0,No,240.0,7-12 Months
CUST-02920,Male,38,52,One year,Fiber optic,Credit card,No,Yes,94.77,No,1137.24,49-72 Months
CUST-02921,Male,35,67,Month-to-month,DSL,Bank transfer,No,Yes,53.15,No,637.8,49-72 Months
CUST-02922,Female,34,17,Month-to-month,Fiber optic,Mailed check,No,No,93.5,Yes,1122.0,13-24 Months
CUST-02923,Male,46,12,Month-to-month,DSL,Bank transfer,No,No,39.24,No,470.88,7-12 Months
CUST-02924,Female,24,54,Month-to-month,Fiber optic,Electronic check,No,Yes,60.07,Yes,720.84,49-72 Months
CUST-02925,Male,24,24,One year,DSL,Credit card,Yes,Yes,105.48,No,1265.76,13-24 Months
CUST-02926,Male,54,52,Month-to-month,Fiber optic,Bank transfer,No,Yes,34.98,No,419.76,49-72 Months
CUST-02927,Female,70,51,Month-to-month,No internet,Credit card,No,No,67.26,No,807.12,49-72 Months
CUST-02928,Male,32,20,One year,DSL,Credit card,No,Yes,80.16,No,961.92,13-24 Months
CUST-02929,Male,67,4,Month-to-month,Fiber optic,Bank transfer,Yes,No,51.86,No,622.32,0-6 Months
CUST-02930,Female,36,41,One year,DSL,Electronic check,No,Yes,78.78,No,945.36,25-48 Months
CUST-02931,Male,35,30,Month-to-month,DSL,Electronic check,No,Yes,72.44,No,869.28,25-48 Months
CUST-02932,Female,22,62,One year,DSL,Credit card,No,Yes,86.97,Yes,1043.64,49-72 Months
CUST-02933,Male,40,26,Month-to-month,No internet,Bank transfer,No,No,123.58,No,1482.96,25-48 Months
CUST-02934,Male,44,18,Month-to-month,DSL,Credit card,No,Yes,146.91,Yes,1762.92,13-24 Months
CUST-02935,Female,53,62,Month-to-month,Fiber optic,Mailed check,No,Yes,84.97,No,1019.64,49-72 Months
CUST-02936,Male,26,53,Two year,Fiber optic,Mailed check,No,Yes,68.91,No,826.92,49-72 Months
CUST-02937,Female,28,45,Month-to-month,Fiber optic,Credit card,Yes,No,84.35,No,1012.2,25-48 Months
CUST-02938,Female,40,69,Two year,DSL,Bank transfer,No,Yes,65.5,No,786.0,49-72 Months
CUST-02939,Female,21,57,Two year,No internet,Mailed check,Yes,No,27.55,No,330.6,49-72 Months
CUST-02940,Male,25,63,Month-to-month,DSL,Electronic check,No,No,70.7,No,848.4,49-72 Months
CUST-02941,Female,51,58,Month-to-month,Fiber optic,Credit card,Yes,Yes,102.3,Yes,1227.6,49-72 Months
CUST-02942,Female,68,29,Month-to-month,No internet,Bank transfer,Yes,Yes,30.99,No,371.88,25-48 Months
CUST-02943,Female,48,5,Two year,DSL,Mailed check,No,Yes,44.43,No,533.16,0-6 Months
CUST-02944,Male,25,44,One year,Fiber optic,Mailed check,No,No,55.71,No,668.52,25-48 Months
CUST-02945,Female,70,56,Month-to-month,No internet,Electronic check,No,No,82.43,No,989.16,49-72 Months
CUST-02946,Male,45,72,Month-to-month,Fiber optic,Mailed check,No,No,138.56,Yes,1662.72,49-72 Months
CUST-02947,Female,55,50,Two year,DSL,Electronic check,No,Yes,49.34,No,592.08,49-72 Months
CUST-02948,Male,28,41,Month-to-month,DSL,Electronic check,No,No,74.55,No,894.6,25-48 Months
CUST-02949,Female,48,42,Month-to-month,No internet,Credit card,No,Yes,72.16,No,865.92,25-48 Months
CUST-02950,Female,22,9,Month-to-month,Fiber optic,Mailed check,No,Yes,63.57,Yes,762.84,7-12 Months
CUST-02951,Male,51,1,Month-to-month,Fiber optic,Credit card,Yes,Yes,70.66,No,847.92,0-6 Months
CUST-02952,Female,28,4,Two year,DSL,Mailed check,Yes,Yes,58.99,No,707.88,0-6 Months
CUST-02953,Female,66,66,One year,No internet,Electronic check,No,Yes,148.8,No,1785.6,49-72 Months
CUST-02954,Male,20,57,Month-to-month,Fiber optic,Mailed check,Yes,Yes,92.99,No,1115.88,49-72 Months
CUST-02955,Male,52,19,Month-to-month,Fiber optic,Electronic check,Yes,No,59.23,No,710.76,13-24 Months
CUST-02956,Female,25,31,One year,No internet,Bank transfer,No,Yes,105.14,No,1261.68,25-48 Months
CUST-02957,Male,54,35,Month-to-month,DSL,Credit card,No,No,79.19,Yes,950.28,25-48 Months
CUST-02958,Male,44,18,Month-to-month,Fiber optic,Bank transfer,Yes,Yes,73.62,Yes,883.44,13-24 Months
CUST-02959,Female,69,31,Month-to-month,Fiber optic,Bank transfer,No,Yes,66.9,No,802.8,25-48 Months
CUST-02960,Male,52,26,One year,DSL,Credit card,No,Yes,65.0,No,780.0,25-48 Months
CUST-02961,Female,37,51,Two year,DSL,Bank transfer,No,No,37.84,No,454.08,49-72 Months
CUST-02962,Male,22,55,One year,DSL,Bank transfer,No,No,25.14,No,301.68,49-72 Months
CUST-02963,Female,49,8,Month-to-month,DSL,Bank transfer,Yes,Yes,82.38,No,988.56,7-12 Months
CUST-02964,Male,41,34,One year,Fiber optic,Mailed check,No,Yes,66.62,No,799.44,25-48 Months
CUST-02965,Female,20,72,Month-to-month,DSL,Electronic check,Yes,Yes,96.57,Yes,1158.84,49-72 Months
CUST-02966,Female,48,63,Two year,Fiber optic,Bank transfer,No,Yes,47.08,No,564.96,49-72 Months
CUST-02967,Male,29,58,Month-to-month,No internet,Bank transfer,No,No,41.26,No,495.12,49-72 Months
CUST-02968,Male,30,53,Month-to-month,Fiber optic,Electronic check,No,No,93.73,Yes,1124.76,49-72 Months
CUST-02969,Female,18,1,Month-to-month,Fiber optic,Credit card,Yes,Yes,63.73,No,764.76,0-6 Months
CUST-02970,Female,37,71,Month-to-month,Fiber optic,Electronic check,No,Yes,95.96,No,1151.52,49-72 Months
CUST-02971,Female,29,53,Month-to-month,Fiber optic,Bank transfer,No,Yes,72.94,Yes,875.28,49-72 Months
CUST-02972,Male,21,64,One year,Fiber optic,Credit card,No,No,124.57,No,1494.84,49-72 Months
CUST-02973,Female,41,66,One year,DSL,Electronic check,Yes,Yes,93.16,No,1117.92,49-72 Months
CUST-02974,Female,29,19,Two year,No internet,Credit card,No,Yes,83.47,No,1001.64,13-24 Months
CUST-02975,Male,25,1,Month-to-month,DSL,Credit card,No,No,94.4,No,1132.8,0-6 Months
CUST-02976,Male,42,48,Month-to-month,DSL,Bank transfer,Yes,Yes,64.36,No,772.32,25-48 Months
CUST-02977,Male,21,34,Month-to-month,Fiber optic,Credit card,No,Yes,26.0,No,312.0,25-48 Months
CUST-02978,Female,70,2,Month-to-month,DSL,Bank transfer,Yes,Yes,82.11,No,985.32,0-6 Months
CUST-02979,Male,42,20,Month-to-month,Fiber optic,Mailed check,Yes,No,126.36,Yes,1516.32,13-24 Months
CUST-02980,Male,70,72,Two year,Fiber optic,Bank transfer,No,No,20.0,Yes,240.0,49-72 Months
CUST-02981,Female,64,27,Two year,Fiber optic,Mailed check,No,Yes,85.14,No,1021.68,25-48 Months
CUST-02982,Male,69,19,Month-to-month,Fiber optic,Electronic check,Yes,Yes,29.01,No,348.12,13-24 Months
CUST-02983,Female,46,48,One year,DSL,Electronic check,Yes,Yes,71.35,No,856.2,25-48 Months
CUST-02984,Female,40,48,One year,Fiber optic,Mailed check,Yes,No,74.22,No,890.64,25-48 Months
CUST-02985,Female,56,24,Month-to-month,Fiber optic,Credit card,Yes,Yes,92.91,No,1114.92,13-24 Months
CUST-02986,Female,22,62,One year,DSL,Credit card,Yes,Yes,77.88,No,934.56,49-72 Months
CUST-02987,Female,62,42,Month-to-month,Fiber optic,Credit card,No,Yes,110.46,Yes,1325.52,25-48 Months
CUST-02988,Female,35,12,Month-to-month,DSL,Electronic check,Yes,No,104.66,No,1255.92,7-12 Months
CUST-02989,Female,18,24,Two year,Fiber optic,Bank transfer,No,Yes,66.49,No,797.88,13-24 Months
CUST-02990,Male,30,62,One year,No internet,Bank transfer,No,Yes,102.64,No,1231.68,49-72 Months
CUST-02991,Male,30,7,Month-to-month,DSL,Electronic check,No,Yes,63.24,Yes,758.88,7-12 Months
CUST-02992,Female,18,1,Month-to-month,Fiber optic,Bank transfer,No,No,58.42,No,701.04,0-6 Months
CUST-02993,Male,53,48,Two year,No internet,Mailed check,No,No,38.28,No,459.36,25-48 Months
CUST-02994,Female,23,32,Month-to-month,Fiber optic,Credit card,No,No,108.73,No,1304.76,25-48 Months
CUST-02995,Female,62,19,Two year,Fiber optic,Electronic check,Yes,Yes,63.6,No,763.2,13-24 Months
CUST-02996,Female,42,34,Two year,DSL,Credit card,Yes,Yes,20.0,No,240.0,25-48 Months
CUST-02997,Male,56,14,Month-to-month,DSL,Credit card,Yes,Yes,87.18,Yes,1046.16,13-24 Months
CUST-02998,Male,36,27,One year,Fiber optic,Bank transfer,No,No,59.85,No,718.2,25-48 Months
CUST-02999,Male,24,17,One year,Fiber optic,Electronic check,No,No,63.64,No,763.68,13-24 Months
CUST-03000,Female,27,43,One year,Fiber optic,Electronic check,No,Yes,65.45,No,785.4,25-48 Months
CUST-03001,Female,52,49,Month-to-month,DSL,Credit card,No,Yes,62.58,Yes,750.96,49-72 Months
CUST-03002,Female,55,66,Month-to-month,No internet,Electronic check,No,Yes,148.38,No,1780.56,49-72 Months
CUST-03003,Female,32,5,Month-to-month,Fiber optic,Electronic check,No,No,118.56,No,1422.72,0-6 Months
CUST-03004,Female,36,24,One year,No internet,Credit card,No,Yes,91.58,Yes,1098.96,13-24 Months
CUST-03005,Female,68,20,One year,Fiber optic,Bank transfer,No,Yes,78.76,No,945.12,13-24 Months
CUST-03006,Male,63,42,One year,DSL,Bank transfer,Yes,Yes,103.61,Yes,1243.32,25-48 Months
CUST-03007,Female,39,39,One year,No internet,Electronic check,No,Yes,78.82,No,945.84,25-48 Months
CUST-03008,Male,30,64,Month-to-month,DSL,Mailed check,No,Yes,94.84,No,1138.08,49-72 Months
CUST-03009,Female,33,67,Month-to-month,Fiber optic,Credit card,No,No,87.63,No,1051.56,49-72 Months
CUST-03010,Female,46,56,One year,Fiber optic,Electronic check,No,No,75.59,No,907.08,49-72 Months
CUST-03011,Male,48,15,Month-to-month,Fiber optic,Electronic check,No,Yes,98.33,No,1179.96,13-24 Months
CUST-03012,Female,27,3,One year,DSL,Electronic check,No,Yes,60.24,No,722.88,0-6 Months
CUST-03013,Male,21,65,Month-to-month,No internet,Bank transfer,No,No,73.64,No,883.68,49-72 Months
CUST-03014,Female,44,68,Month-to-month,Fiber optic,Electronic check,No,No,44.58,No,534.96,49-72 Months
CUST-03015,Male,60,19,Two year,Fiber optic,Credit card,Yes,Yes,47.81,No,573.72,13-24 Months
CUST-03016,Male,26,4,Month-to-month,Fiber optic,Electronic check,No,No,20.0,Yes,240.0,0-6 Months
CUST-03017,Female,39,50,Month-to-month,DSL,Electronic check,No,No,84.78,No,1017.36,49-72 Months
CUST-03018,Male,26,43,One year,DSL,Credit card,No,No,92.48,No,1109.76,25-48 Months
CUST-03019,Female,30,64,One year,Fiber optic,Credit card,No,Yes,102.39,No,1228.68,49-72 Months
CUST-03020,Female,50,42,Two year,DSL,Bank transfer,Yes,Yes,41.13,Yes,493.56,25-48 Months
CUST-03021,Male,33,55,Two year,Fiber optic,Credit card,Yes,Yes,84.32,No,1011.84,49-72 Months
CUST-03022,Male,31,57,One year,DSL,Electronic check,No,No,71.98,No,863.76,49-72 Months
CUST-03023,Male,70,1,Month-to-month,Fiber optic,Mailed check,No,No,92.65,Yes,1111.8,0-6 Months
CUST-03024,Male,27,11,Month-to-month,Fiber optic,Electronic check,No,No,53.76,No,645.12,7-12 Months
CUST-03025,Male,28,57,Two year,DSL,Mailed check,Yes,Yes,62.58,No,750.96,49-72 Months
CUST-03026,Female,67,13,Month-to-month,DSL,Credit card,Yes,Yes,28.5,No,342.0,13-24 Months
CUST-03027,Male,47,15,Two year,Fiber optic,Credit card,No,No,51.93,No,623.16,13-24 Months
CUST-03028,Female,20,55,One year,DSL,Electronic check,No,No,72.09,No,865.08,49-72 Months
CUST-03029,Male,40,15,Month-to-month,DSL,Mailed check,Yes,No,76.88,No,922.56,13-24 Months
CUST-03030,Female,47,11,Month-to-month,Fiber optic,Credit card,Yes,Yes,24.8,Yes,297.6,7-12 Months
CUST-03031,Female,31,1,One year,No internet,Bank transfer,No,No,57.68,No,692.16,0-6 Months
CUST-03032,Male,47,34,Month-to-month,No internet,Electronic check,Yes,No,76.49,No,917.88,25-48 Months
CUST-03033,Female,52,46,Month-to-month,Fiber optic,Mailed check,Yes,No,111.43,No,1337.16,25-48 Months
CUST-03034,Male,31,53,One year,No internet,Electronic check,No,Yes,48.34,No,580.08,49-72 Months
CUST-03035,Male,61,66,Month-to-month,DSL,Mailed check,No,No,85.72,No,1028.64,49-72 Months
CUST-03036,Female,41,47,Month-to-month,Fiber optic,Mailed check,No,Yes,56.28,No,675.36,25-48 Months
CUST-03037,Female,69,55,One year,DSL,Mailed check,No,Yes,59.52,No,714.24,49-72 Months
CUST-03038,Male,22,16,One year,Fiber optic,Mailed check,No,Yes,47.43,No,569.16,13-24 Months
CUST-03039,Male,35,25,Month-to-month,DSL,Mailed check,No,Yes,42.76,No,513.12,25-48 Months
CUST-03040,Male,56,22,Two year,No internet,Electronic check,No,No,58.71,No,704.52,13-24 Months
CUST-03041,Male,65,5,Two year,Fiber optic,Electronic check,No,No,101.34,No,1216.08,0-6 Months
CUST-03042,Male,29,70,Month-to-month,DSL,Mailed check,No,Yes,50.86,No,610.32,49-72 Months
CUST-03043,Male,69,18,Month-to-month,Fiber optic,Credit card,No,No,46.5,No,558.0,13-24 Months
CUST-03044,Female,28,33,One year,DSL,Credit card,Yes,Yes,77.86,No,934.32,25-48 Months
CUST-03045,Male,40,26,Month-to-month,DSL,Electronic check,Yes,Yes,72.15,Yes,865.8,25-48 Months
CUST-03046,Female,34,4,Two year,Fiber optic,Mailed check,No,No,70.09,No,841.08,0-6 Months
CUST-03047,Female,40,66,One year,DSL,Bank transfer,No,Yes,79.11,No,949.32,49-72 Months
CUST-03048,Female,65,16,Month-to-month,Fiber optic,Mailed check,No,No,43.73,No,524.76,13-24 Months
CUST-03049,Male,56,8,One year,DSL,Bank transfer,Yes,No,46.83,Yes,561.96,7-12 Months
CUST-03050,Female,60,25,Month-to-month,DSL,Credit card,No,Yes,99.62,No,1195.44,25-48 Months
CUST-03051,Female,31,11,Two year,DSL,Electronic check,Yes,Yes,67.91,No,814.92,7-12 Months
CUST-03052,Male,68,72,Month-to-month,Fiber optic,Mailed check,No,Yes,88.7,No,1064.4,49-72 Months
CUST-03053,Female,41,14,Two year,DSL,Mailed check,No,No,106.27,No,1275.24,13-24 Months
CUST-03054,Male,52,22,Month-to-month,DSL,Bank transfer,Yes,Yes,95.68,No,1148.16,13-24 Months
CUST-03055,Female,54,20,One year,DSL,Electronic check,No,No,33.65,No,403.8,13-24 Months
CUST-03056,Male,53,2,Two year,DSL,Bank transfer,No,Yes,68.74,No,824.88,0-6 Months
CUST-03057,Female,49,1,Month-to-month,DSL,Electronic check,No,Yes,101.14,Yes,1213.68,0-6 Months
CUST-03058,Male,43,37,Month-to-month,Fiber optic,Bank transfer,No,Yes,86.64,Yes,1039.68,25-48 Months
CUST-03059,Male,52,17,Two year,Fiber optic,Bank transfer,Yes,Yes,77.15,No,925.8,13-24 Months
CUST-03060,Male,65,7,Two year,No internet,Electronic check,Yes,Yes,26.09,No,313.08,7-12 Months
CUST-03061,Male,38,21,Month-to-month,Fiber optic,Credit card,No,Yes,54.74,No,656.88,13-24 Months
CUST-03062,Male,45,20,Month-to-month,No internet,Credit card,No,No,73.94,Yes,887.28,13-24 Months
CUST-03063,Male,27,31,Two year,DSL,Mailed check,No,No,32.07,No,384.84,25-48 Months
CUST-03064,Male,36,72,Month-to-month,No internet,Credit card,No,Yes,94.22,Yes,1130.64,49-72 Months
CUST-03065,Female,58,23,One year,DSL,Credit card,No,Yes,68.71,No,824.52,13-24 Months
CUST-03066,Female,51,51,Month-to-month,DSL,Electronic check,No,Yes,20.0,Yes,240.0,49-72 Months
CUST-03067,Female,29,56,Month-to-month,DSL,Bank transfer,Yes,No,56.13,No,673.56,49-72 Months
CUST-03068,Female,46,4,Two year,DSL,Bank transfer,No,No,63.98,Yes,767.76,0-6 Months
CUST-03069,Male,61,37,Month-to-month,Fiber optic,Bank transfer,No,No,68.36,No,820.32,25-48 Months
CUST-03070,Male,24,33,Two year,Fiber optic,Credit card,No,Yes,111.75,No,1341.0,25-48 Months
CUST-03071,Male,21,37,One year,Fiber optic,Mailed check,No,No,88.2,No,1058.4,25-48 Months
CUST-03072,Male,38,13,Month-to-month,No internet,Electronic check,No,No,33.77,No,405.24,13-24 Months
CUST-03073,Male,52,34,Month-to-month,Fiber optic,Mailed check,Yes,Yes,30.29,No,363.48,25-48 Months
CUST-03074,Female,34,9,Month-to-month,DSL,Bank transfer,No,Yes,64.53,No,774.36,7-12 Months
CUST-03075,Female,61,69,Two year,DSL,Mailed check,No,Yes,75.53,No,906.36,49-72 Months
CUST-03076,Female,62,43,One year,Fiber optic,Electronic check,Yes,No,99.79,No,1197.48,25-48 Months
CUST-03077,Male,46,3,One year,No internet,Electronic check,No,Yes,120.44,Yes,1445.28,0-6 Months
CUST-03078,Female,38,37,Month-to-month,Fiber optic,Bank transfer,No,Yes,121.96,No,1463.52,25-48 Months
CUST-03079,Male,20,67,Month-to-month,DSL,Electronic check,No,Yes,59.61,Yes,715.32,49-72 Months
CUST-03080,Male,61,54,Month-to-month,DSL,Mailed check,No,Yes,98.17,No,1178.04,49-72 Months
CUST-03081,Male,65,20,One year,Fiber optic,Electronic check,No,No,83.92,No,1007.04,13-24 Months
CUST-03082,Female,41,65,Month-to-month,Fiber optic,Mailed check,Yes,Yes,41.46,No,497.52,49-72 Months
CUST-03083,Male,45,14,Month-to-month,DSL,Electronic check,No,Yes,20.0,No,240.0,13-24 Months
CUST-03084,Male,57,18,Month-to-month,Fiber optic,Electronic check,Yes,Yes,76.04,No,912.48,13-24 Months
CUST-03085,Male,54,12,Month-to-month,DSL,Bank transfer,No,No,30.14,No,361.68,7-12 Months
CUST-03086,Male,25,67,One year,DSL,Electronic check,No,Yes,48.16,No,577.92,49-72 Months
CUST-03087,Male,53,52,One year,Fiber optic,Electronic check,Yes,Yes,52.82,No,633.84,49-72 Months
CUST-03088,Male,67,38,Two year,Fiber optic,Bank transfer,No,Yes,78.13,No,937.56,25-48 Months
CUST-03089,Male,57,49,Month-to-month,Fiber optic,Electronic check,No,Yes,107.86,Yes,1294.32,49-72 Months
CUST-03090,Male,43,19,One year,DSL,Electronic check,Yes,No,72.36,No,868.32,13-24 Months
CUST-03091,Male,45,6,Month-to-month,DSL,Mailed check,No,No,56.91,No,682.92,0-6 Months
CUST-03092,Male,31,61,Two year,Fiber optic,Mailed check,No,Yes,20.0,No,240.0,49-72 Months
CUST-03093,Female,53,70,One year,DSL,Mailed check,No,Yes,84.83,No,1017.96,49-72 Months
CUST-03094,Male,30,3,Month-to-month,DSL,Credit card,No,Yes,72.8,No,873.6,0-6 Months
CUST-03095,Female,36,4,Two year,DSL,Mailed check,Yes,Yes,56.61,No,679.32,0-6 Months
CUST-03096,Female,32,41,Month-to-month,Fiber optic,Bank transfer,Yes,Yes,104.65,No,1255.8,25-48 Months
CUST-03097,Male,35,4,Month-to-month,Fiber optic,Credit card,No,Yes,38.66,Yes,463.92,0-6 Months
CUST-03098,Male,37,52,Month-to-month,Fiber optic,Mailed check,No,Yes,52.82,No,633.84,49-72 Months
CUST-03099,Male,22,69,Month-to-month,DSL,Bank transfer,No,No,65.14,No,781.68,49-72 Months
CUST-03100,Male,56,21,Two year,DSL,Mailed check,No,No,56.26,No,675.12,13-24 Months
CUST-03101,Male,41,22,One year,Fiber optic,Bank transfer,No,Yes,87.42,No,1049.04,13-24 Months
CUST-03102,Male,68,63,One year,Fiber optic,Credit card,Yes,No,84.99,No,1019.88,49-72 Months
CUST-03103,Male,27,26,Two year,DSL,Electronic check,No,No,101.43,No,1217.16,25-48 Months
CUST-03104,Male,53,18,One year,Fiber optic,Credit card,No,Yes,86.06,No,1032.72,13-24 Months
CUST-03105,Female,27,7,Month-to-month,DSL,Mailed check,No,No,68.77,No,825.24,7-12 Months
CUST-03106,Male,46,61,Month-to-month,Fiber optic,Bank transfer,No,No,62.49,Yes,749.88,49-72 Months
CUST-03107,Female,44,67,Month-to-month,Fiber optic,Mailed check,No,Yes,84.75,No,1017.0,49-72 Months
CUST-03108,Male,41,6,Two year,DSL,Electronic check,No,No,66.67,No,800.04,0-6 Months
CUST-03109,Female,52,58,Two year,Fiber optic,Electronic check,No,Yes,73.32,Yes,879.84,49-72 Months
CUST-03110,Male,61,12,One year,DSL,Credit card,No,Yes,86.27,No,1035.24,7-12 Months
CUST-03111,Female,34,10,Month-to-month,Fiber optic,Bank transfer,No,Yes,75.88,No,910.56,7-12 Months
CUST-03112,Female,63,28,Month-to-month,Fiber optic,Credit card,No,No,80.64,No,967.68,25-48 Months
CUST-03113,Male,27,32,Two year,DSL,Electronic check,No,No,49.85,No,598.2,25-48 Months
CUST-03114,Female,33,62,Month-to-month,Fiber optic,Electronic check,No,Yes,109.79,Yes,1317.48,49-72 Months
CUST-03115,Male,34,51,One year,DSL,Electronic check,No,Yes,41.01,No,492.12,49-72 Months
CUST-03116,Male,68,11,Month-to-month,DSL,Electronic check,No,Yes,84.3,Yes,1011.6,7-12 Months
CUST-03117,Female,24,43,Month-to-month,No internet,Mailed check,No,No,58.4,No,700.8,25-48 Months
CUST-03118,Female,38,64,One year,Fiber optic,Credit card,No,Yes,102.31,No,1227.72,49-72 Months
CUST-03119,Male,40,48,Two year,Fiber optic,Credit card,No,No,96.74,No,1160.88,25-48 Months
CUST-03120,Female,60,17,One year,Fiber optic,Mailed check,No,Yes,71.94,No,863.28,13-24 Months
CUST-03121,Female,43,10,Month-to-month,No internet,Mailed check,Yes,Yes,115.53,Yes,1386.36,7-12 Months
CUST-03122,Female,69,33,Month-to-month,Fiber optic,Bank transfer,No,Yes,66.75,No,801.0,25-48 Months
CUST-03123,Male,57,34,Two year,Fiber optic,Bank transfer,No,Yes,96.69,No,1160.28,25-48 Months
CUST-03124,Female,55,26,One year,DSL,Bank transfer,No,Yes,51.67,No,620.04,25-48 Months
CUST-03125,Male,57,8,Month-to-month,Fiber optic,Mailed check,No,No,83.34,No,1000.08,7-12 Months
CUST-03126,Female,26,9,One year,DSL,Electronic check,Yes,Yes,45.89,No,550.68,7-12 Months
CUST-03127,Female,41,39,Month-to-month,DSL,Electronic check,No,Yes,72.55,No,870.6,25-48 Months
CUST-03128,Female,49,68,Month-to-month,DSL,Credit card,No,No,70.56,No,846.72,49-72 Months
CUST-03129,Female,29,44,Two year,DSL,Bank transfer,Yes,Yes,96.6,No,1159.2,25-48 Months
CUST-03130,Female,24,32,One year,Fiber optic,Credit card,No,No,53.22,No,638.64,25-48 Months
CUST-03131,Male,25,68,Month-to-month,DSL,Electronic check,Yes,No,158.05,Yes,1896.6,49-72 Months
CUST-03132,Male,59,50,Month-to-month,DSL,Mailed check,No,No,33.3,No,399.6,49-72 Months
CUST-03133,Female,52,52,Two year,Fiber optic,Electronic check,No,Yes,78.52,No,942.24,49-72 Months
CUST-03134,Male,32,42,One year,No internet,Credit card,No,Yes,80.06,No,960.72,25-48 Months
CUST-03135,Female,57,55,One year,DSL,Electronic check,No,Yes,87.07,Yes,1044.84,49-72 Months
CUST-03136,Male,54,37,Month-to-month,No internet,Bank transfer,No,Yes,57.57,No,690.84,25-48 Months
CUST-03137,Female,61,45,Two year,DSL,Electronic check,No,Yes,78.77,No,945.24,25-48 Months
CUST-03138,Male,66,45,Two year,Fiber optic,Electronic check,No,Yes,56.2,No,674.4,25-48 Months
CUST-03139,Male,64,55,Month-to-month,Fiber optic,Electronic check,Yes,Yes,124.45,No,1493.4,49-72 Months
CUST-03140,Male,27,65,Month-to-month,Fiber optic,Mailed check,No,No,54.22,No,650.64,49-72 Months
CUST-03141,Male,58,22,One year,Fiber optic,Credit card,No,No,67.86,No,814.32,13-24 Months
CUST-03142,Male,38,51,Two year,Fiber optic,Credit card,No,Yes,53.43,No,641.16,49-72 Months
CUST-03143,Male,39,3,One year,Fiber optic,Bank transfer,Yes,No,49.59,Yes,595.08,0-6 Months
CUST-03144,Female,52,39,Two year,Fiber optic,Mailed check,No,No,32.77,No,393.24,25-48 Months
CUST-03145,Female,49,65,One year,DSL,Bank transfer,No,Yes,90.82,No,1089.84,49-72 Months
CUST-03146,Female,40,47,Month-to-month,Fiber optic,Electronic check,No,No,53.16,Yes,637.92,25-48 Months
CUST-03147,Female,70,20,Month-to-month,DSL,Credit card,No,No,49.68,Yes,596.16,13-24 Months
CUST-03148,Female,27,44,Two year,DSL,Bank transfer,No,No,45.03,No,540.36,25-48 Months
CUST-03149,Female,23,26,Month-to-month,DSL,Mailed check,No,No,80.52,Yes,966.24,25-48 Months
CUST-03150,Male,19,32,Month-to-month,Fiber optic,Electronic check,No,Yes,72.61,No,871.32,25-48 Months
CUST-03151,Female,61,17,One year,DSL,Electronic check,No,Yes,72.74,No,872.88,13-24 Months
CUST-03152,Male,39,45,Month-to-month,DSL,Mailed check,No,No,50.68,No,608.16,25-48 Months
CUST-03153,Male,41,15,Two year,DSL,Credit card,No,Yes,84.19,No,1010.28,13-24 Months
CUST-03154,Female,52,32,Month-to-month,Fiber optic,Bank transfer,No,Yes,53.45,No,641.4,25-48 Months
CUST-03155,Male,41,68,Month-to-month,Fiber optic,Mailed check,No,No,73.97,No,887.64,49-72 Months
CUST-03156,Female,48,55,Month-to-month,DSL,Mailed check,No,No,68.09,No,817.08,49-72 Months
CUST-03157,Female,21,30,One year,Fiber optic,Bank transfer,Yes,No,24.72,No,296.64,25-48 Months
CUST-03158,Female,26,70,One year,DSL,Electronic check,No,Yes,128.81,No,1545.72,49-72 Months
CUST-03159,Female,67,2,Month-to-month,DSL,Electronic check,No,Yes,88.09,Yes,1057.08,0-6 Months
CUST-03160,Female,41,70,Month-to-month,DSL,Bank transfer,No,Yes,77.05,No,924.6,49-72 Months
CUST-03161,Male,26,26,Month-to-month,No internet,Electronic check,Yes,No,81.47,Yes,977.64,25-48 Months
CUST-03162,Female,37,60,One year,DSL,Electronic check,No,Yes,129.47,No,1553.64,49-72 Months
CUST-03163,Male,35,69,Two year,No internet,Mailed check,No,No,103.83,No,1245.96,49-72 Months
CUST-03164,Male,32,44,One year,DSL,Electronic check,No,Yes,81.77,No,981.24,25-48 Months
CUST-03165,Male,33,44,Month-to-month,Fiber optic,Credit card,No,Yes,52.17,Yes,626.04,25-48 Months
CUST-03166,Male,56,54,One year,DSL,Credit card,No,No,56.58,No,678.96,49-72 Months
CUST-03167,Female,23,18,Month-to-month,DSL,Credit card,No,Yes,21.51,No,258.12,13-24 Months
CUST-03168,Male,34,13,Month-to-month,No internet,Credit card,No,Yes,61.69,No,740.28,13-24 Months
CUST-03169,Female,42,25,Month-to-month,Fiber optic,Electronic check,No,Yes,90.53,No,1086.36,25-48 Months
CUST-03170,Female,46,35,Month-to-month,Fiber optic,Mailed check,No,Yes,89.74,Yes,1076.88,25-48 Months
CUST-03171,Female,64,54,Month-to-month,DSL,Bank transfer,Yes,No,89.25,No,1071.0,49-72 Months
CUST-03172,Female,66,19,One year,Fiber optic,Electronic check,No,Yes,57.57,Yes,690.84,13-24 Months
CUST-03173,Male,33,41,Month-to-month,DSL,Credit card,Yes,No,87.43,No,1049.16,25-48 Months
CUST-03174,Male,46,1,One year,DSL,Electronic check,No,Yes,95.08,Yes,1140.96,0-6 Months
CUST-03175,Female,19,3,Two year,Fiber optic,Mailed check,No,Yes,20.0,No,240.0,0-6 Months
CUST-03176,Female,50,70,One year,Fiber optic,Bank transfer,No,No,80.52,No,966.24,49-72 Months
CUST-03177,Female,26,62,Month-to-month,DSL,Credit card,No,No,130.27,Yes,1563.24,49-72 Months
CUST-03178,Male,21,63,One year,Fiber optic,Bank transfer,No,No,63.84,Yes,766.08,49-72 Months
CUST-03179,Male,53,24,Month-to-month,DSL,Bank transfer,No,No,20.0,Yes,240.0,13-24 Months
CUST-03180,Male,27,37,Month-to-month,DSL,Electronic check,No,Yes,49.25,No,591.0,25-48 Months
CUST-03181,Male,43,49,Month-to-month,DSL,Bank transfer,No,Yes,21.19,No,254.28,49-72 Months
CUST-03182,Male,23,19,Two year,Fiber optic,Bank transfer,Yes,Yes,54.24,No,650.88,13-24 Months
CUST-03183,Female,57,54,Two year,Fiber optic,Mailed check,No,No,37.73,No,452.76,49-72 Months
CUST-03184,Male,58,50,Two year,DSL,Bank transfer,No,Yes,98.06,No,1176.72,49-72 Months
CUST-03185,Female,48,30,One year,Fiber optic,Electronic check,No,Yes,93.8,Yes,1125.6,25-48 Months
CUST-03186,Female,62,32,Month-to-month,Fiber optic,Electronic check,No,Yes,81.6,No,979.2,25-48 Months
CUST-03187,Female,41,23,Two year,No internet,Credit card,No,Yes,106.33,No,1275.96,13-24 Months
CUST-03188,Male,27,58,Two year,Fiber optic,Electronic check,No,No,56.17,No,674.04,49-72 Months
CUST-03189,Male,26,72,Month-to-month,Fiber optic,Bank transfer,No,Yes,74.06,No,888.72,49-72 Months
CUST-03190,Female,29,72,Two year,No internet,Mailed check,No,No,133.44,No,1601.28,49-72 Months
CUST-03191,Male,28,56,Two year,Fiber optic,Credit card,No,Yes,88.39,No,1060.68,49-72 Months
CUST-03192,Female,35,26,Month-to-month,Fiber optic,Electronic check,No,No,88.32,No,1059.84,25-48 Months
CUST-03193,Female,29,57,Month-to-month,Fiber optic,Electronic check,No,Yes,50.51,No,606.12,49-72 Months
CUST-03194,Male,49,18,Month-to-month,DSL,Credit card,No,Yes,60.34,No,724.08,13-24 Months
CUST-03195,Female,25,65,One year,No internet,Bank transfer,No,Yes,43.92,No,527.04,49-72 Months
CUST-03196,Male,50,20,Month-to-month,DSL,Mailed check,No,Yes,119.07,No,1428.84,13-24 Months
CUST-03197,Male,35,30,Month-to-month,No internet,Mailed check,No,No,28.37,No,340.44,25-48 Months
CUST-03198,Female,54,7,One year,Fiber optic,Mailed check,No,No,97.6,Yes,1171.2,7-12 Months
CUST-03199,Female,45,6,Two year,DSL,Credit card,No,Yes,88.27,No,1059.24,0-6 Months
CUST-03200,Male,65,29,Two year,Fiber optic,Bank transfer,No,Yes,27.11,No,325.32,25-48 Months
CUST-03201,Female,41,40,One year,No internet,Credit card,No,Yes,103.99,No,1247.88,25-48 Months
CUST-03202,Female,33,2,Month-to-month,No internet,Credit card,Yes,Yes,64.76,Yes,777.12,0-6 Months
CUST-03203,Female,49,61,Month-to-month,Fiber optic,Mailed check,No,Yes,35.02,No,420.24,49-72 Months
CUST-03204,Male,52,9,One year,DSL,Bank transfer,No,Yes,82.21,No,986.52,7-12 Months
CUST-03205,Male,41,72,Month-to-month,DSL,Bank transfer,Yes,Yes,48.97,No,587.64,49-72 Months
CUST-03206,Female,47,20,One year,Fiber optic,Credit card,No,No,66.26,No,795.12,13-24 Months
CUST-03207,Female,42,28,Two year,DSL,Bank transfer,Yes,Yes,57.84,No,694.08,25-48 Months
CUST-03208,Female,34,12,One year,No internet,Electronic check,Yes,No,47.38,No,568.56,7-12 Months
CUST-03209,Male,34,60,One year,Fiber optic,Credit card,No,No,38.72,No,464.64,49-72 Months
CUST-03210,Male,66,53,One year,Fiber optic,Bank transfer,No,Yes,94.31,No,1131.72,49-72 Months
CUST-03211,Female,53,6,Two year,No internet,Credit card,No,Yes,81.1,No,973.2,0-6 Months
CUST-03212,Male,23,8,Month-to-month,Fiber optic,Mailed check,Yes,Yes,79.3,No,951.6,7-12 Months
CUST-03213,Male,68,44,Month-to-month,Fiber optic,Mailed check,No,No,61.8,Yes,741.6,25-48 Months
CUST-03214,Female,55,63,Month-to-month,DSL,Bank transfer,No,Yes,73.44,No,881.28,49-72 Months
CUST-03215,Female,20,8,One year,DSL,Bank transfer,No,Yes,51.39,No,616.68,7-12 Months
CUST-03216,Male,56,16,Month-to-month,Fiber optic,Electronic check,No,Yes,50.91,No,610.92,13-24 Months
CUST-03217,Male,49,40,Month-to-month,Fiber optic,Mailed check,No,No,119.89,No,1438.68,25-48 Months
CUST-03218,Male,66,8,One year,DSL,Bank transfer,No,No,96.77,Yes,1161.24,7-12 Months
CUST-03219,Female,43,22,Month-to-month,DSL,Credit card,Yes,Yes,56.28,Yes,675.36,13-24 Months
CUST-03220,Male,45,1,One year,DSL,Electronic check,No,No,30.11,No,361.32,0-6 Months
CUST-03221,Female,34,36,Month-to-month,DSL,Electronic check,No,Yes,24.37,No,292.44,25-48 Months
CUST-03222,Male,35,52,Month-to-month,Fiber optic,Mailed check,No,Yes,54.24,Yes,650.88,49-72 Months
CUST-03223,Female,50,30,Month-to-month,DSL,Electronic check,No,Yes,75.02,No,900.24,25-48 Months
CUST-03224,Female,61,19,Month-to-month,DSL,Electronic check,No,No,75.31,No,903.72,13-24 Months
CUST-03225,Female,65,31,Two year,No internet,Mailed check,No,No,76.15,No,913.8,25-48 Months
CUST-03226,Female,58,37,Two year,Fiber optic,Bank transfer,Yes,Yes,81.36,Yes,976.32,25-48 Months
CUST-03227,Female,50,12,One year,Fiber optic,Mailed check,No,Yes,42.93,No,515.16,7-12 Months
CUST-03228,Male,44,9,One year,DSL,Mailed check,No,Yes,114.22,No,1370.64,7-12 Months
CUST-03229,Female,35,14,One year,No internet,Credit card,No,Yes,66.47,Yes,797.64,13-24 Months
CUST-03230,Female,58,71,Two year,No internet,Mailed check,No,Yes,80.26,No,963.12,49-72 Months
CUST-03231,Female,34,53,Month-to-month,Fiber optic,Credit card,No,Yes,53.63,No,643.56,49-72 Months
CUST-03232,Male,32,10,Month-to-month,DSL,Electronic check,No,Yes,80.72,No,968.64,7-12 Months
CUST-03233,Female,63,22,One year,Fiber optic,Credit card,No,Yes,130.16,No,1561.92,13-24 Months
CUST-03234,Male,49,30,Two year,DSL,Credit card,Yes,Yes,44.3,No,531.6,25-48 Months
CUST-03235,Female,36,14,Month-to-month,DSL,Electronic check,No,Yes,40.76,No,489.12,13-24 Months
CUST-03236,Female,63,62,Month-to-month,DSL,Bank transfer,No,Yes,47.79,No,573.48,49-72 Months
CUST-03237,Male,69,68,Month-to-month,Fiber optic,Bank transfer,No,Yes,62.67,Yes,752.04,49-72 Months
CUST-03238,Female,34,18,Month-to-month,No internet,Mailed check,No,No,57.4,No,688.8,13-24 Months
CUST-03239,Female,45,2,One year,Fiber optic,Bank transfer,No,Yes,42.86,Yes,514.32,0-6 Months
CUST-03240,Male,43,20,Month-to-month,DSL,Electronic check,Yes,Yes,70.61,No,847.32,13-24 Months
CUST-03241,Male,55,42,Two year,DSL,Mailed check,Yes,Yes,115.71,No,1388.52,25-48 Months
CUST-03242,Male,68,59,One year,DSL,Credit card,Yes,Yes,67.81,No,813.72,49-72 Months
CUST-03243,Female,47,25,Month-to-month,DSL,Electronic check,Yes,No,69.3,No,831.6,25-48 Months
CUST-03244,Female,60,20,Two year,DSL,Electronic check,No,Yes,81.6,No,979.2,13-24 Months
CUST-03245,Female,49,18,One year,Fiber optic,Electronic check,No,Yes,90.13,Yes,1081.56,13-24 Months
CUST-03246,Female,65,1,Month-to-month,Fiber optic,Credit card,No,Yes,110.45,No,1325.4,0-6 Months
CUST-03247,Female,39,2,Month-to-month,DSL,Electronic check,No,Yes,78.72,Yes,944.64,0-6 Months
CUST-03248,Male,38,31,Two year,DSL,Electronic check,No,No,71.93,Yes,863.16,25-48 Months
CUST-03249,Male,40,45,Month-to-month,DSL,Bank transfer,Yes,No,44.24,No,530.88,25-48 Months
CUST-03250,Male,70,1,Month-to-month,Fiber optic,Bank transfer,No,Yes,92.72,Yes,1112.64,0-6 Months
CUST-03251,Male,50,15,Month-to-month,Fiber optic,Mailed check,Yes,Yes,48.35,Yes,580.2,13-24 Months
CUST-03252,Female,26,66,Month-to-month,DSL,Credit card,No,Yes,47.49,No,569.88,49-72 Months
CUST-03253,Male,20,72,One year,DSL,Electronic check,No,Yes,77.41,No,928.92,49-72 Months
CUST-03254,Male,45,47,Month-to-month,DSL,Bank transfer,No,Yes,115.16,No,1381.92,25-48 Months
CUST-03255,Male,60,38,One year,DSL,Bank transfer,No,Yes,92.34,No,1108.08,25-48 Months
CUST-03256,Male,43,42,Month-to-month,Fiber optic,Electronic check,No,Yes,70.95,No,851.4,25-48 Months
CUST-03257,Male,47,27,Two year,Fiber optic,Credit card,Yes,Yes,44.52,No,534.24,25-48 Months
CUST-03258,Male,60,15,Month-to-month,Fiber optic,Mailed check,No,Yes,114.62,No,1375.44,13-24 Months
CUST-03259,Female,45,28,Two year,DSL,Electronic check,Yes,Yes,70.42,No,845.04,25-48 Months
CUST-03260,Male,66,51,Two year,Fiber optic,Electronic check,No,No,63.87,No,766.44,49-72 Months
CUST-03261,Male,51,48,Month-to-month,Fiber optic,Electronic check,No,Yes,87.54,Yes,1050.48,25-48 Months
CUST-03262,Male,56,49,One year,No internet,Credit card,Yes,No,59.45,No,713.4,49-72 Months
CUST-03263,Female,59,44,Month-to-month,Fiber optic,Electronic check,No,Yes,50.92,No,611.04,25-48 Months
CUST-03264,Female,51,5,Two year,DSL,Credit card,No,Yes,53.6,No,643.2,0-6 Months
CUST-03265,Female,20,46,One year,Fiber optic,Electronic check,No,No,53.53,No,642.36,25-48 Months
CUST-03266,Female,40,64,Month-to-month,Fiber optic,Credit card,No,Yes,40.43,No,485.16,49-72 Months
CUST-03267,Female,25,47,Month-to-month,Fiber optic,Credit card,No,No,37.31,No,447.72,25-48 Months
CUST-03268,Female,45,42,Month-to-month,DSL,Electronic check,No,No,99.22,Yes,1190.64,25-48 Months
CUST-03269,Male,25,17,Two year,DSL,Electronic check,No,Yes,90.73,No,1088.76,13-24 Months
CUST-03270,Female,44,58,One year,DSL,Credit card,No,Yes,48.96,No,587.52,49-72 Months
CUST-03271,Male,36,33,Month-to-month,No internet,Electronic check,No,Yes,96.88,Yes,1162.56,25-48 Months
CUST-03272,Male,19,19,Month-to-month,Fiber optic,Electronic check,No,No,80.66,No,967.92,13-24 Months
CUST-03273,Female,24,36,Month-to-month,DSL,Credit card,Yes,Yes,62.93,No,755.16,25-48 Months
CUST-03274,Male,44,9,One year,Fiber optic,Credit card,Yes,No,37.68,No,452.16,7-12 Months
CUST-03275,Male,22,67,Month-to-month,DSL,Bank transfer,No,Yes,81.56,No,978.72,49-72 Months
CUST-03276,Female,63,51,Month-to-month,DSL,Credit card,No,Yes,124.23,No,1490.76,49-72 Months
CUST-03277,Male,58,24,Two year,Fiber optic,Mailed check,No,Yes,72.41,No,868.92,13-24 Months
CUST-03278,Male,55,58,Month-to-month,No internet,Bank transfer,No,No,99.96,No,1199.52,49-72 Months
CUST-03279,Female,27,4,One year,DSL,Mailed check,No,No,66.07,No,792.84,0-6 Months
CUST-03280,Female,60,28,Month-to-month,Fiber optic,Bank transfer,No,Yes,97.81,No,1173.72,25-48 Months
CUST-03281,Male,51,47,Month-to-month,Fiber optic,Bank transfer,No,Yes,67.79,No,813.48,25-48 Months
CUST-03282,Female,38,2,One year,DSL,Bank transfer,Yes,Yes,20.0,Yes,240.0,0-6 Months
CUST-03283,Female,18,52,Month-to-month,DSL,Credit card,Yes,Yes,51.79,No,621.48,49-72 Months
CUST-03284,Male,46,59,Month-to-month,Fiber optic,Mailed check,No,No,75.7,Yes,908.4,49-72 Months
CUST-03285,Male,60,43,Two year,DSL,Bank transfer,No,Yes,102.31,Yes,1227.72,25-48 Months
CUST-03286,Male,19,15,Two year,Fiber optic,Mailed check,No,No,67.7,No,812.4,13-24 Months
CUST-03287,Male,20,54,One year,No internet,Electronic check,No,Yes,72.83,No,873.96,49-72 Months
CUST-03288,Male,38,25,Month-to-month,Fiber optic,Electronic check,Yes,No,55.56,No,666.72,25-48 Months
CUST-03289,Male,45,53,Month-to-month,DSL,Credit card,No,No,115.71,No,1388.52,49-72 Months
CUST-03290,Male,43,46,Month-to-month,DSL,Mailed check,No,No,114.02,No,1368.24,25-48 Months
CUST-03291,Male,40,7,Two year,DSL,Bank transfer,No,No,53.07,No,636.84,7-12 Months
CUST-03292,Male,31,8,Two year,No internet,Bank transfer,No,Yes,29.54,No,354.48,7-12 Months
CUST-03293,Male,21,2,Month-to-month,No internet,Credit card,No,No,21.4,No,256.8,0-6 Months
CUST-03294,Male,19,6,Two year,Fiber optic,Bank transfer,Yes,Yes,88.9,No,1066.8,0-6 Months
CUST-03295,Male,23,22,Month-to-month,Fiber optic,Electronic check,No,Yes,75.79,Yes,909.48,13-24 Months
CUST-03296,Female,54,2,One year,DSL,Mailed check,No,Yes,50.11,No,601.32,0-6 Months
CUST-03297,Male,59,68,Month-to-month,Fiber optic,Bank transfer,No,No,79.61,No,955.32,49-72 Months
CUST-03298,Female,41,66,Month-to-month,DSL,Electronic check,No,No,37.55,Yes,450.6,49-72 Months
CUST-03299,Female,22,13,Two year,Fiber optic,Mailed check,No,Yes,94.26,No,1131.12,13-24 Months
CUST-03300,Female,40,23,Two year,No internet,Electronic check,No,No,61.3,No,735.6,13-24 Months
CUST-03301,Female,70,54,Month-to-month,DSL,Electronic check,No,No,41.72,Yes,500.64,49-72 Months
CUST-03302,Male,31,48,Month-to-month,DSL,Credit card,No,No,61.72,Yes,740.64,25-48 Months
CUST-03303,Female,44,42,One year,Fiber optic,Credit card,No,Yes,60.76,No,729.12,25-48 Months
CUST-03304,Male,46,72,Month-to-month,No internet,Bank transfer,No,Yes,82.22,Yes,986.64,49-72 Months
CUST-03305,Male,35,46,One year,DSL,Electronic check,No,Yes,104.65,No,1255.8,25-48 Months
CUST-03306,Male,41,49,One year,DSL,Credit card,No,No,103.2,No,1238.4,49-72 Months
CUST-03307,Male,43,37,Month-to-month,DSL,Bank transfer,No,Yes,76.47,No,917.64,25-48 Months
CUST-03308,Male,43,38,Month-to-month,Fiber optic,Credit card,No,No,66.76,No,801.12,25-48 Months
CUST-03309,Male,56,21,Month-to-month,Fiber optic,Electronic check,No,No,56.08,No,672.96,13-24 Months
CUST-03310,Female,48,38,Two year,Fiber optic,Electronic check,No,Yes,22.5,No,270.0,25-48 Months
CUST-03311,Female,20,67,Month-to-month,DSL,Bank transfer,Yes,No,71.46,No,857.52,49-72 Months
CUST-03312,Male,18,28,One year,DSL,Credit card,Yes,Yes,48.17,No,578.04,25-48 Months
CUST-03313,Female,39,10,Month-to-month,Fiber optic,Electronic check,No,No,106.11,Yes,1273.32,7-12 Months
CUST-03314,Male,66,44,One year,No internet,Electronic check,No,Yes,66.38,Yes,796.56,25-48 Months
CUST-03315,Male,19,57,Month-to-month,Fiber optic,Bank transfer,No,No,92.92,No,1115.04,49-72 Months
CUST-03316,Female,21,70,Month-to-month,DSL,Credit card,Yes,No,58.49,Yes,701.88,49-72 Months
CUST-03317,Female,54,40,One year,DSL,Credit card,No,No,53.09,No,637.08,25-48 Months
CUST-03318,Male,41,57,One year,Fiber optic,Credit card,No,Yes,88.93,No,1067.16,49-72 Months
CUST-03319,Male,30,19,Month-to-month,Fiber optic,Bank transfer,Yes,Yes,79.77,Yes,957.24,13-24 Months
CUST-03320,Male,28,31,Month-to-month,DSL,Credit card,No,No,81.02,No,972.24,25-48 Months
CUST-03321,Male,53,31,Two year,DSL,Mailed check,No,No,69.37,No,832.44,25-48 Months
CUST-03322,Male,45,24,Month-to-month,Fiber optic,Electronic check,No,No,94.1,Yes,1129.2,13-24 Months
CUST-03323,Female,51,52,Month-to-month,DSL,Bank transfer,No,No,90.05,Yes,1080.6,49-72 Months
CUST-03324,Female,32,64,Month-to-month,DSL,Bank transfer,No,No,20.0,No,240.0,49-72 Months
CUST-03325,Male,45,24,Month-to-month,Fiber optic,Mailed check,Yes,Yes,64.79,No,777.48,13-24 Months
CUST-03326,Female,63,10,One year,DSL,Electronic check,Yes,No,100.41,No,1204.92,7-12 Months
CUST-03327,Male,34,60,One year,Fiber optic,Bank transfer,Yes,Yes,43.45,No,521.4,49-72 Months
CUST-03328,Male,39,62,Month-to-month,No internet,Credit card,No,No,24.61,No,295.32,49-72 Months
CUST-03329,Male,26,68,One year,DSL,Mailed check,No,Yes,68.11,No,817.32,49-72 Months
CUST-03330,Female,51,19,Month-to-month,Fiber optic,Credit card,No,No,86.58,No,1038.96,13-24 Months
CUST-03331,Female,19,52,One year,DSL,Mailed check,No,Yes,59.11,No,709.32,49-72 Months
CUST-03332,Female,31,52,Month-to-month,Fiber optic,Electronic check,No,Yes,108.2,No,1298.4,49-72 Months
CUST-03333,Male,55,57,Month-to-month,No internet,Electronic check,No,Yes,123.62,Yes,1483.44,49-72 Months
CUST-03334,Female,19,59,One year,DSL,Mailed check,No,No,20.0,No,240.0,49-72 Months
CUST-03335,Male,70,69,Month-to-month,Fiber optic,Electronic check,No,No,61.25,No,735.0,49-72 Months
CUST-03336,Male,39,35,Month-to-month,DSL,Bank transfer,No,No,20.0,No,240.0,25-48 Months
CUST-03337,Female,39,6,Month-to-month,Fiber optic,Credit card,No,Yes,90.51,No,1086.12,0-6 Months
CUST-03338,Male,46,14,One year,No internet,Mailed check,No,Yes,52.96,No,635.52,13-24 Months
CUST-03339,Female,51,64,Month-to-month,No internet,Credit card,No,No,58.68,Yes,704.16,49-72 Months
CUST-03340,Female,42,61,One year,DSL,Credit card,No,No,104.15,No,1249.8,49-72 Months
CUST-03341,Female,64,1,One year,DSL,Mailed check,No,No,34.8,No,417.6,0-6 Months
CUST-03342,Male,68,27,One year,DSL,Electronic check,No,Yes,27.77,No,333.24,25-48 Months
CUST-03343,Male,28,18,Month-to-month,Fiber optic,Electronic check,No,No,20.0,No,240.0,13-24 Months
CUST-03344,Female,55,24,Two year,Fiber optic,Bank transfer,No,Yes,107.57,No,1290.84,13-24 Months
CUST-03345,Female,33,46,Month-to-month,No internet,Mailed check,No,No,101.07,Yes,1212.84,25-48 Months
CUST-03346,Female,70,37,Two year,Fiber optic,Bank transfer,No,Yes,63.77,No,765.24,25-48 Months
CUST-03347,Female,31,35,One year,Fiber optic,Bank transfer,No,Yes,36.29,No,435.48,25-48 Months
CUST-03348,Male,33,32,Month-to-month,Fiber optic,Bank transfer,No,Yes,95.35,No,1144.2,25-48 Months
CUST-03349,Male,55,47,One year,No internet,Electronic check,No,No,149.13,No,1789.56,25-48 Months
CUST-03350,Female,59,50,Month-to-month,No internet,Electronic check,No,No,65.4,No,784.8,49-72 Months
CUST-03351,Male,24,4,Month-to-month,Fiber optic,Mailed check,Yes,No,38.32,Yes,459.84,0-6 Months
CUST-03352,Female,47,10,Month-to-month,Fiber optic,Credit card,No,Yes,106.77,No,1281.24,7-12 Months
CUST-03353,Male,36,25,One year,DSL,Bank transfer,No,No,40.29,No,483.48,25-48 Months
CUST-03354,Female,50,32,One year,Fiber optic,Bank transfer,No,Yes,61.73,No,740.76,25-48 Months
CUST-03355,Female,47,72,Two year,No internet,Bank transfer,No,Yes,20.0,No,240.0,49-72 Months
CUST-03356,Male,70,65,Month-to-month,No internet,Mailed check,Yes,No,63.51,No,762.12,49-72 Months
CUST-03357,Male,67,47,One year,DSL,Electronic check,No,Yes,36.21,No,434.52,25-48 Months
CUST-03358,Female,52,3,One year,Fiber optic,Electronic check,Yes,Yes,107.25,Yes,1287.0,0-6 Months
CUST-03359,Male,54,8,One year,DSL,Electronic check,No,Yes,44.67,No,536.04,7-12 Months
CUST-03360,Female,65,33,Month-to-month,No internet,Electronic check,No,No,93.83,No,1125.96,25-48 Months
CUST-03361,Female,27,43,Month-to-month,Fiber optic,Electronic check,Yes,Yes,69.06,No,828.72,25-48 Months
CUST-03362,Female,56,48,One year,No internet,Bank transfer,No,Yes,75.51,No,906.12,25-48 Months
CUST-03363,Male,58,11,Month-to-month,Fiber optic,Electronic check,No,Yes,86.62,Yes,1039.44,7-12 Months
CUST-03364,Female,24,64,Month-to-month,No internet,Electronic check,No,No,70.5,No,846.0,49-72 Months
CUST-03365,Male,64,36,Month-to-month,DSL,Electronic check,No,Yes,53.86,No,646.32,25-48 Months
CUST-03366,Female,55,43,Month-to-month,Fiber optic,Electronic check,No,Yes,49.26,No,591.12,25-48 Months
CUST-03367,Female,36,3,Month-to-month,DSL,Electronic check,No,Yes,86.25,No,1035.0,0-6 Months
CUST-03368,Male,43,60,Month-to-month,Fiber optic,Electronic check,No,Yes,20.0,Yes,240.0,49-72 Months
CUST-03369,Male,43,40,One year,Fiber optic,Electronic check,No,Yes,118.99,No,1427.88,25-48 Months
CUST-03370,Male,66,17,Two year,No internet,Credit card,No,No,75.69,Yes,908.28,13-24 Months
CUST-03371,Female,69,23,Month-to-month,Fiber optic,Electronic check,No,Yes,62.55,No,750.6,13-24 Months
CUST-03372,Male,60,26,Month-to-month,No internet,Electronic check,Yes,Yes,79.45,No,953.4,25-48 Months
CUST-03373,Male,52,2,Two year,Fiber optic,Mailed check,No,Yes,55.36,No,664.32,0-6 Months
CUST-03374,Female,23,68,Month-to-month,DSL,Electronic check,No,Yes,67.01,Yes,804.12,49-72 Months
CUST-03375,Female,66,58,Two year,No internet,Mailed check,No,No,40.31,No,483.72,49-72 Months
CUST-03376,Female,25,64,One year,DSL,Mailed check,No,No,82.5,No,990.0,49-72 Months
CUST-03377,Female,26,26,Month-to-month,No internet,Credit card,No,No,69.8,No,837.6,25-48 Months
CUST-03378,Female,21,41,Month-to-month,No internet,Credit card,Yes,Yes,77.25,No,927.0,25-48 Months
CUST-03379,Female,68,33,Month-to-month,DSL,Bank transfer,No,Yes,113.53,Yes,1362.36,25-48 Months
CUST-03380,Male,44,35,One year,DSL,Electronic check,No,Yes,49.48,No,593.76,25-48 Months
CUST-03381,Female,30,43,Month-to-month,Fiber optic,Mailed check,No,Yes,68.39,No,820.68,25-48 Months
CUST-03382,Female,22,33,Two year,Fiber optic,Electronic check,No,No,25.76,No,309.12,25-48 Months
CUST-03383,Female,39,56,One year,Fiber optic,Credit card,Yes,Yes,87.4,Yes,1048.8,49-72 Months
CUST-03384,Female,56,5,Two year,DSL,Electronic check,No,Yes,71.51,No,858.12,0-6 Months
CUST-03385,Female,70,14,Two year,DSL,Bank transfer,No,No,72.49,No,869.88,13-24 Months
CUST-03386,Male,47,65,Month-to-month,DSL,Electronic check,No,Yes,67.59,No,811.08,49-72 Months
CUST-03387,Female,50,64,Month-to-month,No internet,Mailed check,No,No,55.81,Yes,669.72,49-72 Months
CUST-03388,Female,62,59,Two year,Fiber optic,Electronic check,No,Yes,141.89,No,1702.68,49-72 Months
CUST-03389,Male,65,27,Month-to-month,No internet,Mailed check,Yes,No,73.07,No,876.84,25-48 Months
CUST-03390,Female,32,33,Month-to-month,Fiber optic,Bank transfer,No,No,80.3,No,963.6,25-48 Months
CUST-03391,Male,70,2,Month-to-month,Fiber optic,Bank transfer,No,No,40.1,Yes,481.2,0-6 Months
CUST-03392,Female,45,21,Month-to-month,DSL,Electronic check,No,Yes,96.78,No,1161.36,13-24 Months
CUST-03393,Female,67,53,Two year,Fiber optic,Electronic check,No,Yes,68.54,No,822.48,49-72 Months
CUST-03394,Male,24,25,Month-to-month,DSL,Credit card,No,Yes,84.48,No,1013.76,25-48 Months
CUST-03395,Male,23,35,One year,DSL,Mailed check,No,No,97.27,No,1167.24,25-48 Months
CUST-03396,Female,64,9,Two year,DSL,Bank transfer,No,Yes,69.09,No,829.08,7-12 Months
CUST-03397,Male,53,36,Month-to-month,Fiber optic,Mailed check,No,Yes,53.04,Yes,636.48,25-48 Months
CUST-03398,Female,27,52,One year,Fiber optic,Bank transfer,No,Yes,20.0,No,240.0,49-72 Months
CUST-03399,Male,65,42,Month-to-month,Fiber optic,Bank transfer,Yes,No,61.16,No,733.92,25-48 Months
CUST-03400,Female,23,41,Month-to-month,DSL,Electronic check,No,Yes,52.89,Yes,634.68,25-48 Months
CUST-03401,Female,54,66,Month-to-month,Fiber optic,Mailed check,No,Yes,39.99,No,479.88,49-72 Months
CUST-03402,Female,28,17,Month-to-month,Fiber optic,Mailed check,Yes,No,112.69,No,1352.28,13-24 Months
CUST-03403,Male,21,22,Month-to-month,DSL,Electronic check,No,No,99.52,No,1194.24,13-24 Months
CUST-03404,Female,60,45,Month-to-month,No internet,Bank transfer,No,No,20.76,No,249.12,25-48 Months
CUST-03405,Male,62,35,Month-to-month,DSL,Electronic check,No,Yes,76.3,No,915.6,25-48 Months
CUST-03406,Male,23,71,Month-to-month,Fiber optic,Electronic check,No,Yes,49.12,Yes,589.44,49-72 Months
CUST-03407,Male,22,5,One year,DSL,Credit card,Yes,Yes,82.27,Yes,987.24,0-6 Months
CUST-03408,Female,50,9,Month-to-month,Fiber optic,Credit card,Yes,Yes,49.61,Yes,595.32,7-12 Months
CUST-03409,Female,19,25,Two year,Fiber optic,Electronic check,Yes,Yes,56.91,No,682.92,25-48 Months
CUST-03410,Male,57,34,Two year,Fiber optic,Bank transfer,No,Yes,98.97,No,1187.64,25-48 Months
CUST-03411,Male,66,65,One year,No internet,Electronic check,No,Yes,94.94,Yes,1139.28,49-72 Months
CUST-03412,Female,57,36,One year,DSL,Bank transfer,No,Yes,114.27,No,1371.24,25-48 Months
CUST-03413,Male,30,32,One year,Fiber optic,Mailed check,No,No,65.92,No,791.04,25-48 Months
CUST-03414,Male,28,13,One year,DSL,Credit card,No,Yes,31.24,Yes,374.88,13-24 Months
CUST-03415,Female,54,32,Two year,No internet,Mailed check,No,No,97.8,No,1173.6,25-48 Months
CUST-03416,Male,21,39,Two year,Fiber optic,Mailed check,Yes,No,97.96,No,1175.52,25-48 Months
CUST-03417,Female,46,43,Month-to-month,DSL,Credit card,No,Yes,89.59,No,1075.08,25-48 Months
CUST-03418,Female,41,44,One year,Fiber optic,Electronic check,No,Yes,51.17,No,614.04,25-48 Months
CUST-03419,Male,57,31,Two year,Fiber optic,Electronic check,No,No,42.02,No,504.24,25-48 Months
CUST-03420,Male,28,12,Month-to-month,No internet,Mailed check,No,No,87.01,Yes,1044.12,7-12 Months
CUST-03421,Female,58,11,Month-to-month,Fiber optic,Bank transfer,No,Yes,47.19,No,566.28,7-12 Months
CUST-03422,Female,55,12,One year,DSL,Electronic check,No,Yes,63.38,No,760.56,7-12 Months
CUST-03423,Female,30,45,One year,Fiber optic,Bank transfer,No,No,153.38,Yes,1840.56,25-48 Months
CUST-03424,Male,36,62,Month-to-month,DSL,Mailed check,No,No,131.61,No,1579.32,49-72 Months
CUST-03425,Female,21,64,Month-to-month,DSL,Bank transfer,No,No,94.2,Yes,1130.4,49-72 Months
CUST-03426,Female,41,23,Month-to-month,DSL,Credit card,Yes,Yes,53.46,No,641.52,13-24 Months
CUST-03427,Male,31,6,One year,DSL,Mailed check,No,No,51.77,No,621.24,0-6 Months
CUST-03428,Female,24,46,Two year,DSL,Mailed check,Yes,Yes,92.04,No,1104.48,25-48 Months
CUST-03429,Female,47,3,Two year,Fiber optic,Mailed check,Yes,Yes,113.92,No,1367.04,0-6 Months
CUST-03430,Male,48,46,Month-to-month,Fiber optic,Electronic check,No,No,57.67,Yes,692.04,25-48 Months
CUST-03431,Male,22,28,Month-to-month,DSL,Credit card,Yes,Yes,59.21,No,710.52,25-48 Months
CUST-03432,Female,27,61,One year,DSL,Credit card,Yes,Yes,74.46,No,893.52,49-72 Months
CUST-03433,Male,22,46,One year,Fiber optic,Credit card,No,No,33.11,No,397.32,25-48 Months
CUST-03434,Male,53,54,Month-to-month,No internet,Credit card,No,No,33.97,No,407.64,49-72 Months
CUST-03435,Male,35,30,Month-to-month,Fiber optic,Mailed check,No,No,39.07,No,468.84,25-48 Months
CUST-03436,Female,21,61,Month-to-month,Fiber optic,Bank transfer,No,Yes,87.29,Yes,1047.48,49-72 Months
CUST-03437,Male,28,38,One year,No internet,Electronic check,No,Yes,79.62,No,955.44,25-48 Months
CUST-03438,Female,69,46,One year,DSL,Credit card,No,Yes,103.83,No,1245.96,25-48 Months
CUST-03439,Female,31,26,Month-to-month,DSL,Bank transfer,No,Yes,23.36,Yes,280.32,25-48 Months
CUST-03440,Female,54,33,Two year,Fiber optic,Electronic check,No,Yes,29.53,No,354.36,25-48 Months
CUST-03441,Female,42,61,One year,Fiber optic,Credit card,No,Yes,84.76,Yes,1017.12,49-72 Months
CUST-03442,Male,27,29,Two year,DSL,Bank transfer,No,Yes,47.58,No,570.96,25-48 Months
CUST-03443,Male,34,2,Month-to-month,Fiber optic,Credit card,No,Yes,49.62,Yes,595.44,0-6 Months
CUST-03444,Male,18,28,Month-to-month,DSL,Bank transfer,Yes,Yes,100.36,No,1204.32,25-48 Months
CUST-03445,Female,57,29,Two year,Fiber optic,Credit card,No,Yes,56.52,No,678.24,25-48 Months
CUST-03446,Female,35,31,Two year,Fiber optic,Mailed check,No,Yes,59.79,No,717.48,25-48 Months
CUST-03447,Male,44,6,Two year,Fiber optic,Mailed check,No,Yes,65.0,Yes,780.0,0-6 Months
CUST-03448,Female,26,10,Two year,Fiber optic,Bank transfer,No,Yes,66.7,Yes,800.4,7-12 Months
CUST-03449,Female,61,24,Month-to-month,Fiber optic,Electronic check,Yes,No,91.18,Yes,1094.16,13-24 Months
CUST-03450,Male,29,31,Month-to-month,DSL,Electronic check,No,Yes,38.12,No,457.44,25-48 Months
CUST-03451,Male,48,3,Month-to-month,DSL,Credit card,No,No,66.73,No,800.76,0-6 Months
CUST-03452,Male,64,29,Two year,Fiber optic,Credit card,No,No,104.55,Yes,1254.6,25-48 Months
CUST-03453,Male,55,24,Month-to-month,DSL,Credit card,No,No,131.72,No,1580.64,13-24 Months
CUST-03454,Male,49,3,One year,Fiber optic,Electronic check,No,No,34.01,No,408.12,0-6 Months
CUST-03455,Female,65,19,Two year,Fiber optic,Electronic check,No,Yes,81.27,No,975.24,13-24 Months
CUST-03456,Female,27,20,Two year,No internet,Credit card,No,Yes,66.68,No,800.16,13-24 Months
CUST-03457,Female,69,11,Two year,DSL,Electronic check,No,No,69.23,No,830.76,7-12 Months
CUST-03458,Male,47,55,One year,DSL,Mailed check,No,Yes,49.89,Yes,598.68,49-72 Months
CUST-03459,Female,39,6,Month-to-month,Fiber optic,Mailed check,Yes,Yes,93.16,No,1117.92,0-6 Months
CUST-03460,Male,31,42,Two year,Fiber optic,Credit card,Yes,No,91.73,Yes,1100.76,25-48 Months
CUST-03461,Male,57,48,Month-to-month,DSL,Mailed check,No,Yes,142.64,No,1711.68,25-48 Months
CUST-03462,Female,69,59,Month-to-month,DSL,Electronic check,No,Yes,35.01,No,420.12,49-72 Months
CUST-03463,Female,54,40,Two year,DSL,Mailed check,No,No,23.06,No,276.72,25-48 Months
CUST-03464,Male,19,40,One year,No internet,Electronic check,Yes,No,129.53,No,1554.36,25-48 Months
CUST-03465,Male,42,55,Month-to-month,Fiber optic,Bank transfer,No,No,70.55,No,846.6,49-72 Months
CUST-03466,Female,56,62,Month-to-month,DSL,Bank transfer,No,No,59.21,Yes,710.52,49-72 Months
CUST-03467,Female,39,16,Month-to-month,DSL,Bank transfer,No,Yes,77.27,No,927.24,13-24 Months
CUST-03468,Male,58,58,Two year,Fiber optic,Mailed check,No,Yes,32.94,No,395.28,49-72 Months
CUST-03469,Female,55,34,One year,Fiber optic,Electronic check,No,Yes,82.52,Yes,990.24,25-48 Months
CUST-03470,Female,21,8,Month-to-month,DSL,Electronic check,No,Yes,69.75,Yes,837.0,7-12 Months
CUST-03471,Male,47,45,One year,Fiber optic,Credit card,No,No,102.07,No,1224.84,25-48 Months
CUST-03472,Female,27,71,Two year,DSL,Mailed check,No,No,96.0,No,1152.0,49-72 Months
CUST-03473,Female,43,11,Two year,DSL,Mailed check,Yes,No,98.33,No,1179.96,7-12 Months
CUST-03474,Female,38,2,Month-to-month,DSL,Mailed check,No,Yes,77.34,Yes,928.08,0-6 Months
CUST-03475,Male,60,66,One year,DSL,Credit card,Yes,Yes,116.92,No,1403.04,49-72 Months
CUST-03476,Male,64,43,Month-to-month,DSL,Credit card,No,Yes,88.14,No,1057.68,25-48 Months
CUST-03477,Female,42,16,Month-to-month,DSL,Electronic check,No,Yes,57.07,No,684.84,13-24 Months
CUST-03478,Female,46,58,Month-to-month,No internet,Bank transfer,No,Yes,49.34,No,592.08,49-72 Months
CUST-03479,Male,51,29,Month-to-month,Fiber optic,Mailed check,No,Yes,52.5,Yes,630.0,25-48 Months
CUST-03480,Female,52,24,One year,No internet,Credit card,No,Yes,88.49,No,1061.88,13-24 Months
CUST-03481,Female,51,21,Month-to-month,Fiber optic,Credit card,No,Yes,34.71,Yes,416.52,13-24 Months
CUST-03482,Male,59,44,Month-to-month,Fiber optic,Bank transfer,No,No,76.34,No,916.08,25-48 Months
CUST-03483,Female,70,10,Month-to-month,DSL,Credit card,No,No,48.68,No,584.16,7-12 Months
CUST-03484,Male,61,27,Month-to-month,Fiber optic,Mailed check,No,Yes,36.91,No,442.92,25-48 Months
CUST-03485,Male,25,22,One year,Fiber optic,Mailed check,Yes,No,41.43,Yes,497.16,13-24 Months
CUST-03486,Male,43,5,Month-to-month,Fiber optic,Bank transfer,No,Yes,71.33,Yes,855.96,0-6 Months
CUST-03487,Male,42,55,Month-to-month,DSL,Bank transfer,No,Yes,93.39,No,1120.68,49-72 Months
CUST-03488,Female,44,1,Two year,DSL,Electronic check,No,No,53.07,No,636.84,0-6 Months
CUST-03489,Male,46,70,Month-to-month,Fiber optic,Mailed check,No,Yes,20.0,Yes,240.0,49-72 Months
CUST-03490,Female,56,7,Two year,DSL,Electronic check,No,No,160.0,No,1920.0,7-12 Months
CUST-03491,Male,40,26,One year,Fiber optic,Electronic check,No,Yes,103.3,No,1239.6,25-48 Months
CUST-03492,Female,31,8,One year,No internet,Credit card,No,Yes,98.1,No,1177.2,7-12 Months
CUST-03493,Male,42,27,One year,Fiber optic,Electronic check,No,Yes,117.58,No,1410.96,25-48 Months
CUST-03494,Female,63,44,Month-to-month,DSL,Credit card,No,Yes,74.59,No,895.08,25-48 Months
CUST-03495,Female,34,7,Two year,DSL,Mailed check,No,Yes,68.22,No,818.64,7-12 Months
CUST-03496,Female,19,38,Two year,DSL,Bank transfer,Yes,Yes,109.96,No,1319.52,25-48 Months
CUST-03497,Male,69,56,Month-to-month,No internet,Credit card,No,Yes,109.77,No,1317.24,49-72 Months
CUST-03498,Male,28,33,One year,Fiber optic,Bank transfer,Yes,Yes,89.23,No,1070.76,25-48 Months
CUST-03499,Male,49,9,Month-to-month,DSL,Credit card,No,Yes,96.71,No,1160.52,7-12 Months
CUST-03500,Male,60,50,Two year,Fiber optic,Electronic check,Yes,No,37.31,No,447.72,49-72 Months
CUST-03501,Male,32,14,Two year,DSL,Mailed check,No,No,64.79,Yes,777.48,13-24 Months
CUST-03502,Female,36,2,Month-to-month,Fiber optic,Bank transfer,No,No,119.71,No,1436.52,0-6 Months
CUST-03503,Male,32,32,Two year,Fiber optic,Bank transfer,Yes,No,94.52,Yes,1134.24,25-48 Months
CUST-03504,Male,25,20,Two year,Fiber optic,Credit card,No,Yes,31.06,No,372.72,13-24 Months
CUST-03505,Male,26,3,One year,Fiber optic,Bank transfer,No,No,57.13,No,685.56,0-6 Months
CUST-03506,Female,27,56,Month-to-month,No internet,Electronic check,Yes,No,115.15,No,1381.8,49-72 Months
CUST-03507,Female,42,44,Two year,DSL,Electronic check,No,No,84.75,No,1017.0,25-48 Months
CUST-03508,Female,46,66,One year,Fiber optic,Credit card,Yes,No,77.09,No,925.08,49-72 Months
CUST-03509,Male,18,35,Month-to-month,DSL,Mailed check,No,No,77.93,No,935.16,25-48 Months
CUST-03510,Male,62,32,Two year,DSL,Bank transfer,No,Yes,69.66,No,835.92,25-48 Months
CUST-03511,Female,53,61,One year,Fiber optic,Bank transfer,No,No,57.32,No,687.84,49-72 Months
CUST-03512,Female,21,6,Two year,Fiber optic,Credit card,No,Yes,48.66,No,583.92,0-6 Months
CUST-03513,Male,62,27,One year,DSL,Credit card,No,Yes,100.29,No,1203.48,25-48 Months
CUST-03514,Male,19,58,Month-to-month,Fiber optic,Electronic check,No,Yes,78.65,Yes,943.8,49-72 Months
CUST-03515,Male,47,22,Two year,DSL,Credit card,No,Yes,91.8,Yes,1101.6,13-24 Months
CUST-03516,Female,42,64,One year,Fiber optic,Electronic check,No,Yes,87.31,No,1047.72,49-72 Months
CUST-03517,Male,44,21,Month-to-month,Fiber optic,Mailed check,No,Yes,111.44,No,1337.28,13-24 Months
CUST-03518,Female,68,30,Month-to-month,DSL,Credit card,No,Yes,84.73,Yes,1016.76,25-48 Months
CUST-03519,Female,67,65,Month-to-month,DSL,Electronic check,No,No,95.06,No,1140.72,49-72 Months
CUST-03520,Female,32,18,One year,No internet,Electronic check,Yes,Yes,76.68,No,920.16,13-24 Months
CUST-03521,Female,48,70,Month-to-month,Fiber optic,Bank transfer,No,Yes,45.47,No,545.64,49-72 Months
CUST-03522,Male,68,4,Two year,DSL,Credit card,Yes,No,65.68,No,788.16,0-6 Months
CUST-03523,Female,56,20,Two year,No internet,Electronic check,Yes,No,88.52,No,1062.24,13-24 Months
CUST-03524,Male,65,43,One year,DSL,Bank transfer,No,No,90.97,Yes,1091.64,25-48 Months
CUST-03525,Male,41,43,Month-to-month,No internet,Mailed check,Yes,Yes,112.63,Yes,1351.56,25-48 Months
CUST-03526,Male,33,66,One year,No internet,Mailed check,No,No,59.12,No,709.44,49-72 Months
CUST-03527,Male,45,70,Month-to-month,DSL,Bank transfer,No,No,78.33,Yes,939.96,49-72 Months
CUST-03528,Male,61,49,Two year,No internet,Mailed check,Yes,Yes,68.38,No,820.56,49-72 Months
CUST-03529,Male,67,48,Month-to-month,DSL,Credit card,No,Yes,117.48,Yes,1409.76,25-48 Months
CUST-03530,Male,54,23,Two year,DSL,Bank transfer,Yes,Yes,82.54,No,990.48,13-24 Months
CUST-03531,Male,55,59,Month-to-month,No internet,Credit card,No,No,83.08,No,996.96,49-72 Months
CUST-03532,Male,45,47,Month-to-month,DSL,Credit card,No,No,71.0,No,852.0,25-48 Months
CUST-03533,Male,34,2,Two year,Fiber optic,Electronic check,No,No,65.7,No,788.4,0-6 Months
CUST-03534,Female,40,60,Month-to-month,Fiber optic,Bank transfer,No,No,31.44,No,377.28,49-72 Months
CUST-03535,Male,44,26,Two year,Fiber optic,Bank transfer,No,No,36.69,No,440.28,25-48 Months
CUST-03536,Male,61,35,Two year,DSL,Electronic check,Yes,Yes,77.01,No,924.12,25-48 Months
CUST-03537,Male,47,35,Month-to-month,Fiber optic,Bank transfer,No,Yes,73.52,No,882.24,25-48 Months
CUST-03538,Male,60,60,Month-to-month,Fiber optic,Bank transfer,No,Yes,77.16,No,925.92,49-72 Months
CUST-03539,Female,19,20,One year,DSL,Electronic check,No,Yes,98.36,Yes,1180.32,13-24 Months
CUST-03540,Female,58,29,Two year,Fiber optic,Mailed check,No,Yes,74.6,No,895.2,25-48 Months
CUST-03541,Female,44,3,Two year,No internet,Mailed check,Yes,Yes,62.25,No,747.0,0-6 Months
CUST-03542,Female,70,26,Month-to-month,DSL,Mailed check,No,No,66.12,No,793.44,25-48 Months
CUST-03543,Male,43,7,One year,Fiber optic,Credit card,No,Yes,78.83,No,945.96,7-12 Months
CUST-03544,Female,43,42,Month-to-month,Fiber optic,Electronic check,No,No,61.36,No,736.32,25-48 Months
CUST-03545,Male,24,65,One year,DSL,Bank transfer,No,No,101.8,No,1221.6,49-72 Months
CUST-03546,Female,60,34,Two year,DSL,Bank transfer,No,Yes,71.68,No,860.16,25-48 Months
CUST-03547,Male,55,66,Two year,DSL,Mailed check,Yes,Yes,79.05,No,948.6,49-72 Months
CUST-03548,Female,63,71,Month-to-month,Fiber optic,Mailed check,No,Yes,49.14,No,589.68,49-72 Months
CUST-03549,Male,22,4,Month-to-month,No internet,Electronic check,No,No,101.82,Yes,1221.84,0-6 Months
CUST-03550,Female,29,38,Month-to-month,DSL,Electronic check,No,No,112.29,No,1347.48,25-48 Months
CUST-03551,Male,64,39,Month-to-month,DSL,Mailed check,No,Yes,33.83,No,405.96,25-48 Months
CUST-03552,Female,20,28,Month-to-month,Fiber optic,Electronic check,No,No,83.22,Yes,998.64,25-48 Months
CUST-03553,Female,44,60,Two year,No internet,Credit card,No,No,68.98,No,827.76,49-72 Months
CUST-03554,Female,39,29,Month-to-month,DSL,Bank transfer,Yes,Yes,79.95,No,959.4,25-48 Months
CUST-03555,Male,67,4,Month-to-month,Fiber optic,Electronic check,No,No,84.66,Yes,1015.92,0-6 Months
CUST-03556,Male,63,40,One year,No internet,Mailed check,Yes,Yes,20.0,No,240.0,25-48 Months
CUST-03557,Female,65,15,Month-to-month,No internet,Credit card,No,Yes,93.27,Yes,1119.24,13-24 Months
CUST-03558,Male,33,26,Month-to-month,DSL,Electronic check,Yes,No,103.15,Yes,1237.8,25-48 Months
CUST-03559,Male,49,37,Two year,DSL,Bank transfer,No,Yes,106.29,No,1275.48,25-48 Months
CUST-03560,Male,55,53,Month-to-month,Fiber optic,Electronic check,No,No,45.55,Yes,546.6,49-72 Months
CUST-03561,Male,69,21,Month-to-month,DSL,Credit card,No,No,71.13,No,853.56,13-24 Months
CUST-03562,Male,18,28,One year,Fiber optic,Mailed check,No,Yes,56.91,Yes,682.92,25-48 Months
CUST-03563,Male,69,5,Month-to-month,DSL,Mailed check,No,No,20.0,Yes,240.0,0-6 Months
CUST-03564,Female,36,28,Month-to-month,Fiber optic,Bank transfer,No,Yes,54.62,No,655.44,25-48 Months
CUST-03565,Female,24,42,Month-to-month,Fiber optic,Mailed check,No,Yes,41.64,No,499.68,25-48 Months
CUST-03566,Male,50,45,Month-to-month,No internet,Bank transfer,Yes,Yes,81.37,No,976.44,25-48 Months
CUST-03567,Male,59,22,Two year,Fiber optic,Electronic check,No,No,26.32,Yes,315.84,13-24 Months
CUST-03568,Male,24,5,Month-to-month,DSL,Electronic check,No,No,44.57,No,534.84,0-6 Months
CUST-03569,Female,20,42,Month-to-month,Fiber optic,Electronic check,No,Yes,57.46,No,689.52,25-48 Months
CUST-03570,Male,65,48,Month-to-month,Fiber optic,Bank transfer,No,Yes,93.56,No,1122.72,25-48 Months
CUST-03571,Female,67,7,Two year,Fiber optic,Credit card,No,No,149.78,No,1797.36,7-12 Months
CUST-03572,Female,26,37,Month-to-month,Fiber optic,Electronic check,No,No,80.49,Yes,965.88,25-48 Months
CUST-03573,Female,65,7,Two year,DSL,Credit card,Yes,Yes,43.1,No,517.2,7-12 Months
CUST-03574,Male,66,33,Month-to-month,Fiber optic,Credit card,No,Yes,52.99,No,635.88,25-48 Months
CUST-03575,Female,70,47,Two year,DSL,Electronic check,No,Yes,90.43,No,1085.16,25-48 Months
CUST-03576,Female,29,52,Month-to-month,DSL,Electronic check,No,Yes,34.31,Yes,411.72,49-72 Months
CUST-03577,Female,48,52,Month-to-month,Fiber optic,Mailed check,No,Yes,102.71,Yes,1232.52,49-72 Months
CUST-03578,Female,70,55,Month-to-month,Fiber optic,Electronic check,No,No,79.66,Yes,955.92,49-72 Months
CUST-03579,Female,65,18,Month-to-month,Fiber optic,Bank transfer,No,No,68.5,Yes,822.0,13-24 Months
CUST-03580,Male,50,61,One year,Fiber optic,Mailed check,Yes,Yes,24.82,Yes,297.84,49-72 Months
CUST-03581,Female,28,26,One year,Fiber optic,Mailed check,No,No,97.77,Yes,1173.24,25-48 Months
CUST-03582,Female,22,27,One year,DSL,Bank transfer,No,Yes,50.67,Yes,608.04,25-48 Months
CUST-03583,Male,31,57,Month-to-month,DSL,Electronic check,No,No,76.3,Yes,915.6,49-72 Months
CUST-03584,Male,21,24,One year,DSL,Credit card,No,Yes,67.6,Yes,811.2,13-24 Months
CUST-03585,Female,28,6,Month-to-month,DSL,Bank transfer,No,Yes,27.65,No,331.8,0-6 Months
CUST-03586,Male,21,52,Two year,DSL,Mailed check,No,Yes,65.54,No,786.48,49-72 Months
CUST-03587,Male,58,48,One year,Fiber optic,Mailed check,Yes,Yes,38.11,No,457.32,25-48 Months
CUST-03588,Female,49,42,One year,Fiber optic,Electronic check,Yes,No,53.74,Yes,644.88,25-48 Months
CUST-03589,Female,45,11,Two year,DSL,Credit card,No,Yes,84.12,No,1009.44,7-12 Months
CUST-03590,Female,60,46,One year,Fiber optic,Mailed check,No,Yes,91.67,No,1100.04,25-48 Months
CUST-03591,Male,39,15,One year,Fiber optic,Credit card,Yes,Yes,71.49,No,857.88,13-24 Months
CUST-03592,Male,39,40,Month-to-month,No internet,Credit card,No,No,47.25,Yes,567.0,25-48 Months
CUST-03593,Female,28,37,One year,Fiber optic,Mailed check,No,No,53.87,Yes,646.44,25-48 Months
CUST-03594,Female,41,56,Month-to-month,Fiber optic,Bank transfer,No,No,53.39,Yes,640.68,49-72 Months
CUST-03595,Male,27,71,Month-to-month,No internet,Bank transfer,No,No,20.0,No,240.0,49-72 Months
CUST-03596,Male,49,14,Two year,Fiber optic,Electronic check,No,No,74.05,Yes,888.6,13-24 Months
CUST-03597,Male,70,9,Month-to-month,Fiber optic,Credit card,No,Yes,25.35,No,304.2,7-12 Months
CUST-03598,Female,46,41,One year,Fiber optic,Mailed check,No,No,74.13,Yes,889.56,25-48 Months
CUST-03599,Male,33,69,Month-to-month,Fiber optic,Credit card,No,Yes,31.14,Yes,373.68,49-72 Months
CUST-03600,Female,54,12,Month-to-month,No internet,Bank transfer,Yes,No,38.22,No,458.64,7-12 Months
CUST-03601,Male,61,36,Two year,DSL,Electronic check,Yes,No,90.72,No,1088.64,25-48 Months
CUST-03602,Female,43,30,Month-to-month,DSL,Mailed check,No,Yes,72.69,Yes,872.28,25-48 Months
CUST-03603,Male,31,23,One year,Fiber optic,Electronic check,No,Yes,20.0,No,240.0,13-24 Months
CUST-03604,Female,55,48,One year,Fiber optic,Electronic check,No,Yes,56.35,No,676.2,25-48 Months
CUST-03605,Female,27,22,Two year,DSL,Bank transfer,No,No,79.33,No,951.96,13-24 Months
CUST-03606,Male,70,36,Month-to-month,Fiber optic,Electronic check,No,Yes,54.66,Yes,655.92,25-48 Months
CUST-03607,Male,34,61,One year,Fiber optic,Credit card,No,No,62.39,No,748.68,49-72 Months
CUST-03608,Female,36,28,Month-to-month,DSL,Mailed check,Yes,Yes,78.83,Yes,945.96,25-48 Months
CUST-03609,Female,56,2,Month-to-month,DSL,Mailed check,No,Yes,73.25,No,879.0,0-6 Months
CUST-03610,Female,18,64,Month-to-month,No internet,Electronic check,Yes,Yes,44.22,No,530.64,49-72 Months
CUST-03611,Female,28,20,Month-to-month,DSL,Electronic check,No,No,72.62,Yes,871.44,13-24 Months
CUST-03612,Female,24,56,Month-to-month,DSL,Bank transfer,No,Yes,63.95,Yes,767.4,49-72 Months
CUST-03613,Female,38,55,Month-to-month,DSL,Mailed check,No,No,120.28,No,1443.36,49-72 Months
CUST-03614,Male,47,38,Month-to-month,No internet,Bank transfer,No,No,69.11,No,829.32,25-48 Months
CUST-03615,Female,27,7,One year,Fiber optic,Mailed check,Yes,No,75.78,No,909.36,7-12 Months
CUST-03616,Male,36,69,Month-to-month,Fiber optic,Electronic check,No,Yes,79.27,Yes,951.24,49-72 Months
CUST-03617,Male,58,50,Month-to-month,Fiber optic,Mailed check,No,Yes,62.98,No,755.76,49-72 Months
CUST-03618,Male,67,31,Month-to-month,No internet,Electronic check,No,Yes,51.84,No,622.08,25-48 Months
CUST-03619,Male,18,62,Month-to-month,No internet,Electronic check,No,Yes,84.87,No,1018.44,49-72 Months
CUST-03620,Male,51,57,One year,DSL,Bank transfer,No,Yes,85.1,No,1021.2,49-72 Months
CUST-03621,Female,19,55,Two year,Fiber optic,Electronic check,No,Yes,130.31,Yes,1563.72,49-72 Months
CUST-03622,Male,45,13,One year,No internet,Electronic check,No,No,92.79,Yes,1113.48,13-24 Months
CUST-03623,Male,64,46,One year,Fiber optic,Mailed check,No,Yes,93.26,No,1119.12,25-48 Months
CUST-03624,Male,60,21,Month-to-month,Fiber optic,Mailed check,No,Yes,92.1,No,1105.2,13-24 Months
CUST-03625,Female,30,6,Two year,DSL,Credit card,No,Yes,52.67,No,632.04,0-6 Months
CUST-03626,Female,31,25,Month-to-month,DSL,Credit card,Yes,Yes,36.78,Yes,441.36,25-48 Months
CUST-03627,Female,59,8,Month-to-month,No internet,Bank transfer,No,Yes,43.9,Yes,526.8,7-12 Months
CUST-03628,Male,61,8,Month-to-month,Fiber optic,Mailed check,No,No,91.26,No,1095.12,7-12 Months
CUST-03629,Female,32,53,Month-to-month,Fiber optic,Mailed check,Yes,Yes,111.81,Yes,1341.72,49-72 Months
CUST-03630,Female,18,37,One year,DSL,Electronic check,No,Yes,92.55,No,1110.6,25-48 Months
CUST-03631,Male,41,29,Month-to-month,Fiber optic,Credit card,Yes,Yes,67.33,No,807.96,25-48 Months
CUST-03632,Female,50,14,Month-to-month,DSL,Mailed check,No,Yes,118.95,Yes,1427.4,13-24 Months
CUST-03633,Male,41,56,Month-to-month,Fiber optic,Electronic check,No,Yes,59.58,No,714.96,49-72 Months
CUST-03634,Female,67,46,Two year,Fiber optic,Bank transfer,No,No,39.85,No,478.2,25-48 Months
CUST-03635,Female,61,43,One year,Fiber optic,Bank transfer,No,Yes,79.08,No,948.96,25-48 Months
CUST-03636,Male,59,14,Two year,DSL,Mailed check,No,Yes,108.17,No,1298.04,13-24 Months
CUST-03637,Female,19,9,Two year,No internet,Electronic check,No,Yes,48.37,No,580.44,7-12 Months
CUST-03638,Male,63,9,Two year,Fiber optic,Credit card,Yes,No,24.27,No,291.24,7-12 Months
CUST-03639,Male,58,2,Month-to-month,Fiber optic,Electronic check,No,Yes,73.06,Yes,876.72,0-6 Months
CUST-03640,Female,39,70,Month-to-month,No internet,Credit card,No,Yes,93.6,Yes,1123.2,49-72 Months
CUST-03641,Female,49,27,Month-to-month,DSL,Mailed check,Yes,Yes,20.0,No,240.0,25-48 Months
CUST-03642,Female,61,48,Month-to-month,Fiber optic,Credit card,Yes,Yes,99.37,No,1192.44,25-48 Months
CUST-03643,Female,66,71,One year,Fiber optic,Credit card,Yes,Yes,33.73,Yes,404.76,49-72 Months
CUST-03644,Male,47,68,Month-to-month,No internet,Mailed check,No,Yes,92.3,No,1107.6,49-72 Months
CUST-03645,Female,20,24,Month-to-month,DSL,Credit card,Yes,Yes,20.0,No,240.0,13-24 Months
CUST-03646,Female,50,36,One year,Fiber optic,Electronic check,No,Yes,30.7,No,368.4,25-48 Months
CUST-03647,Female,54,34,Month-to-month,Fiber optic,Electronic check,Yes,No,89.32,Yes,1071.84,25-48 Months
CUST-03648,Female,21,3,Month-to-month,Fiber optic,Mailed check,Yes,Yes,106.04,No,1272.48,0-6 Months
CUST-03649,Female,61,56,Month-to-month,Fiber optic,Bank transfer,No,Yes,71.74,No,860.88,49-72 Months
CUST-03650,Female,28,42,One year,Fiber optic,Electronic check,No,Yes,139.07,No,1668.84,25-48 Months
CUST-03651,Male,65,27,Month-to-month,Fiber optic,Mailed check,Yes,Yes,43.37,No,520.44,25-48 Months
CUST-03652,Male,47,41,Month-to-month,Fiber optic,Credit card,No,Yes,43.01,No,516.12,25-48 Months
CUST-03653,Male,35,53,Month-to-month,Fiber optic,Credit card,No,Yes,63.54,No,762.48,49-72 Months
CUST-03654,Female,21,2,One year,DSL,Electronic check,No,Yes,62.21,No,746.52,0-6 Months
CUST-03655,Female,18,47,Month-to-month,DSL,Mailed check,No,Yes,79.94,Yes,959.28,25-48 Months
CUST-03656,Male,57,63,Month-to-month,DSL,Electronic check,No,Yes,51.2,Yes,614.4,49-72 Months
CUST-03657,Female,37,53,Two year,Fiber optic,Electronic check,No,Yes,87.89,No,1054.68,49-72 Months
CUST-03658,Female,62,45,Two year,No internet,Credit card,No,Yes,87.22,No,1046.64,25-48 Months
CUST-03659,Male,30,7,Month-to-month,No internet,Credit card,Yes,Yes,117.17,No,1406.04,7-12 Months
CUST-03660,Male,66,54,Month-to-month,No internet,Electronic check,Yes,Yes,58.27,No,699.24,49-72 Months
CUST-03661,Female,67,55,Month-to-month,Fiber optic,Electronic check,No,Yes,81.44,No,977.28,49-72 Months
CUST-03662,Male,23,36,One year,Fiber optic,Mailed check,No,Yes,88.96,No,1067.52,25-48 Months
CUST-03663,Female,52,42,Month-to-month,DSL,Mailed check,Yes,No,71.8,Yes,861.6,25-48 Months
CUST-03664,Female,67,45,Two year,Fiber optic,Electronic check,No,Yes,66.07,No,792.84,25-48 Months
CUST-03665,Female,35,9,Two year,Fiber optic,Electronic check,No,Yes,20.0,No,240.0,7-12 Months
CUST-03666,Male,21,19,One year,Fiber optic,Mailed check,No,No,74.34,Yes,892.08,13-24 Months
CUST-03667,Female,64,58,Month-to-month,DSL,Electronic check,No,Yes,88.67,No,1064.04,49-72 Months
CUST-03668,Male,43,71,Two year,DSL,Credit card,No,Yes,70.38,No,844.56,49-72 Months
CUST-03669,Male,19,20,One year,Fiber optic,Bank transfer,No,No,50.1,No,601.2,13-24 Months
CUST-03670,Male,62,29,One year,No internet,Mailed check,No,Yes,24.98,No,299.76,25-48 Months
CUST-03671,Male,53,66,Month-to-month,DSL,Mailed check,No,Yes,84.69,No,1016.28,49-72 Months
CUST-03672,Male,21,12,One year,Fiber optic,Credit card,No,Yes,72.93,No,875.16,7-12 Months
CUST-03673,Female,31,19,Two year,Fiber optic,Electronic check,No,Yes,110.92,No,1331.04,13-24 Months
CUST-03674,Male,18,5,Two year,Fiber optic,Credit card,No,Yes,31.42,No,377.04,0-6 Months
CUST-03675,Female,68,17,One year,No internet,Electronic check,No,No,58.83,Yes,705.96,13-24 Months
CUST-03676,Male,19,46,Month-to-month,DSL,Credit card,No,Yes,35.0,No,420.0,25-48 Months
CUST-03677,Male,60,26,Month-to-month,DSL,Electronic check,No,Yes,100.71,Yes,1208.52,25-48 Months
CUST-03678,Female,45,71,One year,DSL,Credit card,No,No,106.69,No,1280.28,49-72 Months
CUST-03679,Female,48,65,Two year,Fiber optic,Electronic check,No,No,125.83,No,1509.96,49-72 Months
CUST-03680,Female,61,65,One year,No internet,Credit card,No,Yes,86.6,No,1039.2,49-72 Months
CUST-03681,Female,65,53,Month-to-month,No internet,Bank transfer,No,Yes,94.1,No,1129.2,49-72 Months
CUST-03682,Male,24,51,Month-to-month,DSL,Electronic check,Yes,No,84.21,Yes,1010.52,49-72 Months
CUST-03683,Male,18,37,One year,DSL,Bank transfer,No,No,88.05,No,1056.6,25-48 Months
CUST-03684,Female,24,72,Two year,Fiber optic,Electronic check,No,No,73.37,No,880.44,49-72 Months
CUST-03685,Female,54,7,Month-to-month,Fiber optic,Mailed check,No,No,89.33,Yes,1071.96,7-12 Months
CUST-03686,Male,48,53,Month-to-month,Fiber optic,Electronic check,Yes,No,131.92,No,1583.04,49-72 Months
CUST-03687,Male,22,11,Two year,DSL,Bank transfer,No,Yes,78.12,No,937.44,7-12 Months
CUST-03688,Female,30,25,Month-to-month,DSL,Credit card,Yes,Yes,72.67,Yes,872.04,25-48 Months
CUST-03689,Female,46,19,Month-to-month,No internet,Mailed check,No,Yes,77.55,No,930.6,13-24 Months
CUST-03690,Male,56,44,Month-to-month,Fiber optic,Bank transfer,No,No,67.83,Yes,813.96,25-48 Months
CUST-03691,Male,36,57,Month-to-month,Fiber optic,Credit card,No,Yes,78.9,No,946.8,49-72 Months
CUST-03692,Female,68,6,Month-to-month,Fiber optic,Bank transfer,No,Yes,66.88,Yes,802.56,0-6 Months
CUST-03693,Male,70,44,One year,No internet,Electronic check,No,Yes,104.03,No,1248.36,25-48 Months
CUST-03694,Male,58,16,One year,DSL,Mailed check,Yes,No,101.23,No,1214.76,13-24 Months
CUST-03695,Male,42,6,One year,DSL,Electronic check,No,Yes,132.65,Yes,1591.8,0-6 Months
CUST-03696,Female,64,31,One year,DSL,Mailed check,No,No,71.34,No,856.08,25-48 Months
CUST-03697,Male,56,42,Month-to-month,DSL,Electronic check,No,Yes,80.08,Yes,960.96,25-48 Months
CUST-03698,Male,45,15,Month-to-month,Fiber optic,Credit card,No,Yes,78.92,Yes,947.04,13-24 Months
CUST-03699,Male,41,29,Month-to-month,Fiber optic,Bank transfer,No,Yes,77.59,No,931.08,25-48 Months
CUST-03700,Female,62,69,Month-to-month,Fiber optic,Bank transfer,No,Yes,103.64,No,1243.68,49-72 Months
CUST-03701,Male,47,25,One year,Fiber optic,Electronic check,No,No,26.5,No,318.0,25-48 Months
CUST-03702,Male,27,72,Month-to-month,DSL,Electronic check,Yes,Yes,84.9,No,1018.8,49-72 Months
CUST-03703,Male,70,61,One year,Fiber optic,Bank transfer,No,No,127.88,Yes,1534.56,49-72 Months
CUST-03704,Female,21,27,Month-to-month,DSL,Mailed check,Yes,No,110.16,No,1321.92,25-48 Months
CUST-03705,Female,54,42,Month-to-month,DSL,Credit card,No,Yes,106.96,No,1283.52,25-48 Months
CUST-03706,Female,52,52,Month-to-month,DSL,Mailed check,No,Yes,95.58,No,1146.96,49-72 Months
CUST-03707,Male,49,34,Month-to-month,No internet,Electronic check,No,Yes,55.32,Yes,663.84,25-48 Months
CUST-03708,Female,20,30,One year,Fiber optic,Bank transfer,No,Yes,51.0,No,612.0,25-48 Months
CUST-03709,Male,44,24,Two year,DSL,Bank transfer,No,Yes,51.22,No,614.64,13-24 Months
CUST-03710,Female,65,11,Month-to-month,Fiber optic,Electronic check,No,Yes,40.12,Yes,481.44,7-12 Months
CUST-03711,Male,30,2,One year,DSL,Bank transfer,No,No,98.51,No,1182.12,0-6 Months
CUST-03712,Female,54,25,One year,DSL,Electronic check,Yes,No,113.11,No,1357.32,25-48 Months
CUST-03713,Female,63,58,Month-to-month,Fiber optic,Electronic check,No,No,84.16,No,1009.92,49-72 Months
CUST-03714,Male,68,17,Month-to-month,Fiber optic,Electronic check,No,Yes,94.53,Yes,1134.36,13-24 Months
CUST-03715,Female,45,13,Month-to-month,DSL,Bank transfer,No,Yes,80.22,No,962.64,13-24 Months
CUST-03716,Male,34,24,Month-to-month,DSL,Bank transfer,Yes,No,87.93,No,1055.16,13-24 Months
CUST-03717,Male,55,44,Two year,DSL,Electronic check,No,Yes,20.0,No,240.0,25-48 Months
CUST-03718,Male,43,16,Month-to-month,Fiber optic,Credit card,No,No,80.81,No,969.72,13-24 Months
CUST-03719,Female,51,16,Month-to-month,DSL,Bank transfer,No,No,60.08,No,720.96,13-24 Months
CUST-03720,Male,57,9,One year,DSL,Mailed check,No,No,70.88,No,850.56,7-12 Months
CUST-03721,Female,55,24,Month-to-month,Fiber optic,Electronic check,No,Yes,78.32,No,939.84,13-24 Months
CUST-03722,Female,30,16,One year,DSL,Electronic check,Yes,No,51.96,Yes,623.52,13-24 Months
CUST-03723,Female,58,60,Month-to-month,DSL,Electronic check,No,Yes,41.88,Yes,502.56,49-72 Months
CUST-03724,Female,46,66,Month-to-month,DSL,Credit card,Yes,Yes,51.11,No,613.32,49-72 Months
CUST-03725,Male,67,27,Month-to-month,Fiber optic,Credit card,No,Yes,31.45,Yes,377.4,25-48 Months
CUST-03726,Female,52,7,Month-to-month,Fiber optic,Electronic check,Yes,Yes,39.65,No,475.8,7-12 Months
CUST-03727,Male,65,7,Month-to-month,No internet,Mailed check,No,Yes,43.5,No,522.0,7-12 Months
CUST-03728,Female,69,24,One year,No internet,Electronic check,Yes,Yes,31.82,No,381.84,13-24 Months
CUST-03729,Male,70,34,One year,Fiber optic,Electronic check,Yes,Yes,86.81,No,1041.72,25-48 Months
CUST-03730,Female,57,39,One year,No internet,Electronic check,No,No,46.79,No,561.48,25-48 Months
CUST-03731,Female,49,22,Month-to-month,Fiber optic,Electronic check,Yes,No,20.0,No,240.0,13-24 Months
CUST-03732,Female,24,26,Two year,DSL,Electronic check,Yes,No,60.76,No,729.12,25-48 Months
CUST-03733,Male,38,21,Month-to-month,Fiber optic,Electronic check,No,Yes,40.83,No,489.96,13-24 Months
CUST-03734,Female,43,38,Two year,Fiber optic,Mailed check,No,No,112.85,No,1354.2,25-48 Months
CUST-03735,Male,59,51,One year,No internet,Mailed check,No,Yes,75.72,No,908.64,49-72 Months
CUST-03736,Male,49,4,One year,Fiber optic,Mailed check,No,Yes,30.83,No,369.96,0-6 Months
CUST-03737,Male,41,35,Month-to-month,DSL,Mailed check,No,Yes,87.92,No,1055.04,25-48 Months
CUST-03738,Female,25,47,One year,DSL,Mailed check,No,Yes,74.38,No,892.56,25-48 Months
CUST-03739,Female,55,49,One year,Fiber optic,Mailed check,No,Yes,65.32,No,783.84,49-72 Months
CUST-03740,Female,40,41,Month-to-month,No internet,Credit card,No,Yes,116.09,Yes,1393.08,25-48 Months
CUST-03741,Male,19,38,One year,DSL,Electronic check,No,No,44.69,No,536.28,25-48 Months
CUST-03742,Male,33,50,Month-to-month,No internet,Bank transfer,No,Yes,100.98,No,1211.76,49-72 Months
CUST-03743,Female,64,28,Month-to-month,DSL,Electronic check,No,Yes,60.53,Yes,726.36,25-48 Months
CUST-03744,Male,24,41,One year,Fiber optic,Mailed check,No,Yes,71.49,No,857.88,25-48 Months
CUST-03745,Male,39,24,Two year,Fiber optic,Mailed check,No,Yes,51.0,No,612.0,13-24 Months
CUST-03746,Female,45,32,Month-to-month,Fiber optic,Bank transfer,No,No,52.79,No,633.48,25-48 Months
CUST-03747,Male,22,9,Month-to-month,DSL,Credit card,No,Yes,59.79,Yes,717.48,7-12 Months
CUST-03748,Female,26,26,Month-to-month,Fiber optic,Mailed check,No,Yes,20.0,Yes,240.0,25-48 Months
CUST-03749,Female,67,11,Month-to-month,Fiber optic,Electronic check,Yes,No,81.71,Yes,980.52,7-12 Months
CUST-03750,Female,49,17,Month-to-month,DSL,Credit card,Yes,Yes,75.22,No,902.64,13-24 Months
CUST-03751,Female,29,31,Month-to-month,Fiber optic,Electronic check,No,Yes,30.06,Yes,360.72,25-48 Months
CUST-03752,Female,26,37,One year,DSL,Mailed check,Yes,Yes,90.48,No,1085.76,25-48 Months
CUST-03753,Female,40,68,Month-to-month,DSL,Credit card,No,Yes,112.8,No,1353.6,49-72 Months
CUST-03754,Male,56,2,Month-to-month,Fiber optic,Mailed check,No,No,53.39,No,640.68,0-6 Months
CUST-03755,Male,56,65,Month-to-month,Fiber optic,Mailed check,No,No,50.03,No,600.36,49-72 Months
CUST-03756,Male,28,24,Month-to-month,Fiber optic,Electronic check,No,Yes,103.18,No,1238.16,13-24 Months
CUST-03757,Female,56,53,Month-to-month,DSL,Electronic check,No,No,83.29,No,999.48,49-72 Months
CUST-03758,Female,65,49,Month-to-month,Fiber optic,Credit card,Yes,No,68.19,No,818.28,49-72 Months
CUST-03759,Male,29,70,Month-to-month,DSL,Electronic check,No,Yes,94.81,No,1137.72,49-72 Months
CUST-03760,Female,19,8,Month-to-month,DSL,Electronic check,No,Yes,79.68,Yes,956.16,7-12 Months
CUST-03761,Male,68,70,One year,Fiber optic,Mailed check,No,Yes,112.0,No,1344.0,49-72 Months
CUST-03762,Female,45,5,Two year,No internet,Mailed check,No,Yes,71.53,No,858.36,0-6 Months
CUST-03763,Female,59,64,Month-to-month,No internet,Electronic check,No,Yes,83.94,No,1007.28,49-72 Months
CUST-03764,Female,34,47,Month-to-month,Fiber optic,Electronic check,No,Yes,102.75,Yes,1233.0,25-48 Months
CUST-03765,Male,33,35,Month-to-month,No internet,Mailed check,No,Yes,20.0,No,240.0,25-48 Months
CUST-03766,Male,29,29,Month-to-month,Fiber optic,Mailed check,No,No,103.76,Yes,1245.12,25-48 Months
CUST-03767,Female,29,7,One year,DSL,Credit card,No,Yes,57.86,No,694.32,7-12 Months
CUST-03768,Female,42,58,One year,Fiber optic,Electronic check,No,No,86.0,No,1032.0,49-72 Months
CUST-03769,Female,23,53,Month-to-month,DSL,Credit card,No,Yes,118.6,No,1423.2,49-72 Months
CUST-03770,Male,62,68,Month-to-month,DSL,Electronic check,Yes,Yes,63.43,Yes,761.16,49-72 Months
CUST-03771,Male,45,53,Month-to-month,No internet,Electronic check,No,Yes,59.25,No,711.0,49-72 Months
CUST-03772,Male,66,69,Month-to-month,No internet,Credit card,No,Yes,70.47,No,845.64,49-72 Months
CUST-03773,Female,44,64,Two year,Fiber optic,Credit card,No,No,31.34,No,376.08,49-72 Months
CUST-03774,Male,34,31,Month-to-month,DSL,Electronic check,No,Yes,133.58,No,1602.96,25-48 Months
CUST-03775,Male,45,51,Month-to-month,Fiber optic,Mailed check,No,Yes,70.81,No,849.72,49-72 Months
CUST-03776,Male,26,20,Month-to-month,Fiber optic,Credit card,No,Yes,118.08,No,1416.96,13-24 Months
CUST-03777,Female,61,58,Month-to-month,Fiber optic,Electronic check,No,Yes,62.67,Yes,752.04,49-72 Months
CUST-03778,Female,56,44,Month-to-month,No internet,Electronic check,No,No,72.95,Yes,875.4,25-48 Months
CUST-03779,Female,25,32,Month-to-month,DSL,Mailed check,No,No,98.44,Yes,1181.28,25-48 Months
CUST-03780,Male,48,46,Month-to-month,Fiber optic,Credit card,Yes,Yes,41.14,Yes,493.68,25-48 Months
CUST-03781,Male,46,20,Month-to-month,No internet,Bank transfer,No,No,69.13,Yes,829.56,13-24 Months
CUST-03782,Male,28,45,One year,DSL,Mailed check,Yes,No,97.39,No,1168.68,25-48 Months
CUST-03783,Male,24,35,Month-to-month,Fiber optic,Credit card,No,Yes,66.04,No,792.48,25-48 Months
CUST-03784,Female,58,24,Month-to-month,DSL,Electronic check,No,Yes,58.47,Yes,701.64,13-24 Months
CUST-03785,Female,31,71,Two year,DSL,Bank transfer,Yes,No,103.23,No,1238.76,49-72 Months
CUST-03786,Female,45,5,Month-to-month,DSL,Electronic check,Yes,No,111.23,No,1334.76,0-6 Months
CUST-03787,Male,31,55,Two year,DSL,Bank transfer,No,Yes,115.68,No,1388.16,49-72 Months
CUST-03788,Male,52,16,Two year,DSL,Mailed check,No,Yes,53.1,No,637.2,13-24 Months
CUST-03789,Female,20,17,Month-to-month,Fiber optic,Electronic check,No,No,55.78,No,669.36,13-24 Months
CUST-03790,Male,37,12,Month-to-month,DSL,Mailed check,Yes,No,58.8,Yes,705.6,7-12 Months
CUST-03791,Male,46,8,Two year,Fiber optic,Credit card,No,Yes,92.12,No,1105.44,7-12 Months
CUST-03792,Male,41,9,Month-to-month,Fiber optic,Mailed check,No,No,38.49,Yes,461.88,7-12 Months
CUST-03793,Male,50,60,Month-to-month,Fiber optic,Electronic check,Yes,Yes,40.07,Yes,480.84,49-72 Months
CUST-03794,Female,27,67,One year,DSL,Electronic check,No,Yes,52.0,No,624.0,49-72 Months
CUST-03795,Female,41,43,Month-to-month,Fiber optic,Bank transfer,No,No,45.73,No,548.76,25-48 Months
CUST-03796,Male,58,1,Two year,Fiber optic,Bank transfer,No,Yes,96.76,No,1161.12,0-6 Months
CUST-03797,Female,35,63,One year,Fiber optic,Mailed check,No,Yes,94.88,No,1138.56,49-72 Months
CUST-03798,Male,26,44,Two year,No internet,Electronic check,No,No,58.51,No,702.12,25-48 Months
CUST-03799,Male,62,38,One year,Fiber optic,Bank transfer,No,Yes,66.57,Yes,798.84,25-48 Months
CUST-03800,Male,59,69,One year,Fiber optic,Electronic check,Yes,Yes,20.0,No,240.0,49-72 Months
CUST-03801,Female,54,30,Month-to-month,Fiber optic,Electronic check,No,Yes,59.19,Yes,710.28,25-48 Months
CUST-03802,Female,60,26,Two year,DSL,Mailed check,Yes,Yes,106.83,No,1281.96,25-48 Months
CUST-03803,Female,59,57,Two year,Fiber optic,Mailed check,Yes,Yes,57.67,No,692.04,49-72 Months
CUST-03804,Male,57,38,Two year,Fiber optic,Credit card,No,Yes,41.41,Yes,496.92,25-48 Months
CUST-03805,Male,44,52,One year,No internet,Bank transfer,Yes,No,110.53,No,1326.36,49-72 Months
CUST-03806,Female,19,51,One year,DSL,Electronic check,No,No,40.79,No,489.48,49-72 Months
CUST-03807,Male,49,61,Month-to-month,DSL,Credit card,No,No,115.29,No,1383.48,49-72 Months
CUST-03808,Male,32,23,Two year,DSL,Electronic check,No,Yes,152.86,Yes,1834.32,13-24 Months
CUST-03809,Female,58,6,Month-to-month,No internet,Credit card,No,Yes,68.94,Yes,827.28,0-6 Months
CUST-03810,Female,42,35,Month-to-month,No internet,Electronic check,No,No,106.83,Yes,1281.96,25-48 Months
CUST-03811,Male,65,47,Month-to-month,DSL,Credit card,No,No,25.27,No,303.24,25-48 Months
CUST-03812,Male,49,59,One year,DSL,Credit card,Yes,No,24.04,No,288.48,49-72 Months
CUST-03813,Female,47,20,One year,No internet,Credit card,No,Yes,49.69,No,596.28,13-24 Months
CUST-03814,Male,66,54,Month-to-month,No internet,Electronic check,Yes,Yes,95.03,Yes,1140.36,49-72 Months
CUST-03815,Male,43,60,Month-to-month,Fiber optic,Credit card,No,Yes,72.05,No,864.6,49-72 Months
CUST-03816,Male,37,59,Month-to-month,No internet,Bank transfer,No,Yes,66.78,No,801.36,49-72 Months
CUST-03817,Male,37,59,Month-to-month,DSL,Electronic check,No,No,35.86,Yes,430.32,49-72 Months
CUST-03818,Female,64,72,Month-to-month,DSL,Mailed check,No,Yes,68.43,No,821.16,49-72 Months
CUST-03819,Female,58,48,One year,Fiber optic,Bank transfer,Yes,Yes,53.98,No,647.76,25-48 Months
CUST-03820,Female,26,27,Month-to-month,Fiber optic,Credit card,Yes,Yes,46.17,No,554.04,25-48 Months
CUST-03821,Male,44,32,Month-to-month,DSL,Bank transfer,No,No,43.79,No,525.48,25-48 Months
CUST-03822,Male,37,54,Month-to-month,DSL,Mailed check,No,No,77.37,Yes,928.44,49-72 Months
CUST-03823,Female,52,18,Month-to-month,Fiber optic,Bank transfer,No,Yes,51.83,No,621.96,13-24 Months
CUST-03824,Male,20,44,Two year,DSL,Electronic check,Yes,No,71.82,No,861.84,25-48 Months
CUST-03825,Female,55,42,Month-to-month,Fiber optic,Mailed check,No,Yes,22.47,No,269.64,25-48 Months
CUST-03826,Female,57,48,Month-to-month,DSL,Credit card,No,No,86.09,No,1033.08,25-48 Months
CUST-03827,Male,30,31,One year,DSL,Bank transfer,Yes,No,78.74,No,944.88,25-48 Months
CUST-03828,Female,25,54,Month-to-month,DSL,Bank transfer,No,No,65.52,No,786.24,49-72 Months
CUST-03829,Female,51,6,Two year,Fiber optic,Mailed check,No,No,76.52,No,918.24,0-6 Months
CUST-03830,Male,31,54,Two year,Fiber optic,Mailed check,No,Yes,98.16,No,1177.92,49-72 Months
CUST-03831,Female,67,59,One year,Fiber optic,Bank transfer,No,Yes,31.43,No,377.16,49-72 Months
CUST-03832,Male,59,64,Two year,DSL,Electronic check,No,No,73.87,No,886.44,49-72 Months
CUST-03833,Female,68,67,Month-to-month,No internet,Credit card,No,No,35.46,No,425.52,49-72 Months
CUST-03834,Female,46,26,Month-to-month,DSL,Credit card,No,Yes,74.45,No,893.4,25-48 Months
CUST-03835,Male,67,4,Month-to-month,DSL,Credit card,No,No,64.75,No,777.0,0-6 Months
CUST-03836,Female,18,48,Month-to-month,Fiber optic,Credit card,No,Yes,71.3,No,855.6,25-48 Months
CUST-03837,Male,33,7,Month-to-month,Fiber optic,Mailed check,No,Yes,95.76,No,1149.12,7-12 Months
CUST-03838,Female,18,21,Month-to-month,No internet,Mailed check,No,Yes,94.92,No,1139.04,13-24 Months
CUST-03839,Female,53,51,Month-to-month,DSL,Credit card,No,No,102.43,No,1229.16,49-72 Months
CUST-03840,Female,45,43,Month-to-month,Fiber optic,Electronic check,No,No,60.9,No,730.8,25-48 Months
CUST-03841,Female,33,44,One year,DSL,Credit card,No,No,91.69,Yes,1100.28,25-48 Months
CUST-03842,Male,34,55,Month-to-month,DSL,Electronic check,No,Yes,86.19,No,1034.28,49-72 Months
CUST-03843,Female,52,12,Month-to-month,Fiber optic,Credit card,No,Yes,61.61,Yes,739.32,7-12 Months
CUST-03844,Male,27,57,Month-to-month,Fiber optic,Mailed check,No,Yes,75.28,No,903.36,49-72 Months
CUST-03845,Female,45,43,One year,DSL,Credit card,No,Yes,68.3,No,819.6,25-48 Months
CUST-03846,Male,50,31,Month-to-month,Fiber optic,Mailed check,No,Yes,111.06,No,1332.72,25-48 Months
CUST-03847,Female,30,34,One year,Fiber optic,Bank transfer,No,No,94.69,No,1136.28,25-48 Months
CUST-03848,Male,30,37,Month-to-month,DSL,Credit card,Yes,No,62.6,No,751.2,25-48 Months
CUST-03849,Female,36,40,Month-to-month,No internet,Mailed check,Yes,No,60.65,No,727.8,25-48 Months
CUST-03850,Male,49,25,Two year,Fiber optic,Electronic check,Yes,Yes,98.81,No,1185.72,25-48 Months
CUST-03851,Female,31,17,Month-to-month,Fiber optic,Electronic check,Yes,No,109.52,No,1314.24,13-24 Months
CUST-03852,Male,38,13,Month-to-month,DSL,Bank transfer,No,Yes,80.83,No,969.96,13-24 Months
CUST-03853,Male,46,25,Month-to-month,Fiber optic,Bank transfer,Yes,Yes,90.44,Yes,1085.28,25-48 Months
CUST-03854,Male,27,19,Month-to-month,No internet,Bank transfer,No,No,108.49,No,1301.88,13-24 Months
CUST-03855,Male,48,38,Month-to-month,DSL,Electronic check,No,No,67.11,No,805.32,25-48 Months
CUST-03856,Female,25,66,Month-to-month,Fiber optic,Electronic check,No,Yes,74.34,No,892.08,49-72 Months
CUST-03857,Male,25,8,Month-to-month,DSL,Credit card,No,No,85.63,No,1027.56,7-12 Months
CUST-03858,Male,30,23,Two year,Fiber optic,Bank transfer,No,Yes,59.99,No,719.88,13-24 Months
CUST-03859,Male,33,4,Month-to-month,DSL,Electronic check,No,Yes,119.57,No,1434.84,0-6 Months
CUST-03860,Male,19,71,Month-to-month,No internet,Electronic check,No,Yes,59.74,No,716.88,49-72 Months
CUST-03861,Female,68,51,Two year,Fiber optic,Electronic check,No,Yes,73.72,No,884.64,49-72 Months
CUST-03862,Female,34,18,Month-to-month,Fiber optic,Credit card,No,No,125.66,Yes,1507.92,13-24 Months
CUST-03863,Male,60,30,Two year,No internet,Bank transfer,No,Yes,20.0,No,240.0,25-48 Months
CUST-03864,Female,65,53,Month-to-month,DSL,Bank transfer,No,No,78.05,No,936.6,49-72 Months
CUST-03865,Female,60,69,One year,Fiber optic,Bank transfer,No,No,53.5,No,642.0,49-72 Months
CUST-03866,Female,62,42,Two year,Fiber optic,Credit card,No,No,72.0,No,864.0,25-48 Months
CUST-03867,Female,23,20,Month-to-month,Fiber optic,Electronic check,No,Yes,38.24,No,458.88,13-24 Months
CUST-03868,Female,37,51,Two year,DSL,Electronic check,No,Yes,61.62,No,739.44,49-72 Months
CUST-03869,Male,57,50,One year,Fiber optic,Mailed check,Yes,Yes,72.69,No,872.28,49-72 Months
CUST-03870,Female,48,47,Two year,Fiber optic,Credit card,Yes,Yes,78.67,No,944.04,25-48 Months
CUST-03871,Male,18,4,Month-to-month,Fiber optic,Mailed check,No,Yes,97.08,Yes,1164.96,0-6 Months
CUST-03872,Male,48,51,Month-to-month,DSL,Mailed check,Yes,Yes,20.0,No,240.0,49-72 Months
CUST-03873,Female,60,2,Month-to-month,No internet,Credit card,No,No,68.48,Yes,821.76,0-6 Months
CUST-03874,Male,61,66,Two year,DSL,Electronic check,No,Yes,67.11,No,805.32,49-72 Months
CUST-03875,Female,38,64,Month-to-month,DSL,Mailed check,No,Yes,70.2,No,842.4,49-72 Months
CUST-03876,Female,30,41,Month-to-month,DSL,Bank transfer,No,No,72.9,No,874.8,25-48 Months
CUST-03877,Female,34,47,Two year,Fiber optic,Credit card,No,No,48.76,No,585.12,25-48 Months
CUST-03878,Male,33,5,Month-to-month,Fiber optic,Electronic check,No,No,28.68,Yes,344.16,0-6 Months
CUST-03879,Male,36,63,One year,Fiber optic,Mailed check,No,Yes,78.08,No,936.96,49-72 Months
CUST-03880,Male,33,20,Month-to-month,Fiber optic,Credit card,No,No,44.16,Yes,529.92,13-24 Months
CUST-03881,Female,42,19,One year,No internet,Bank transfer,No,Yes,83.28,No,999.36,13-24 Months
CUST-03882,Male,20,51,Month-to-month,Fiber optic,Bank transfer,No,No,45.76,Yes,549.12,49-72 Months
CUST-03883,Female,32,68,Month-to-month,DSL,Electronic check,No,Yes,91.4,Yes,1096.8,49-72 Months
CUST-03884,Male,34,36,Month-to-month,Fiber optic,Electronic check,No,No,70.48,Yes,845.76,25-48 Months
CUST-03885,Male,26,37,Month-to-month,DSL,Mailed check,No,Yes,72.42,No,869.04,25-48 Months
CUST-03886,Male,64,40,Month-to-month,Fiber optic,Electronic check,No,No,65.1,Yes,781.2,25-48 Months
CUST-03887,Male,53,21,Month-to-month,Fiber optic,Credit card,No,No,60.61,No,727.32,13-24 Months
CUST-03888,Male,66,43,One year,Fiber optic,Bank transfer,No,No,65.48,No,785.76,25-48 Months
CUST-03889,Male,47,70,Month-to-month,DSL,Credit card,No,Yes,105.09,Yes,1261.08,49-72 Months
CUST-03890,Female,23,28,Month-to-month,DSL,Electronic check,No,Yes,29.04,Yes,348.48,25-48 Months
CUST-03891,Female,65,56,Month-to-month,DSL,Electronic check,No,Yes,53.85,No,646.2,49-72 Months
CUST-03892,Female,42,56,Month-to-month,No internet,Bank transfer,No,No,101.59,No,1219.08,49-72 Months
CUST-03893,Male,54,62,One year,DSL,Electronic check,No,Yes,94.95,Yes,1139.4,49-72 Months
CUST-03894,Male,38,53,Month-to-month,No internet,Electronic check,No,Yes,109.62,No,1315.44,49-72 Months
CUST-03895,Female,44,67,Two year,Fiber optic,Mailed check,No,No,70.34,No,844.08,49-72 Months
CUST-03896,Female,43,52,One year,Fiber optic,Electronic check,No,Yes,35.09,Yes,421.08,49-72 Months
CUST-03897,Female,33,71,Two year,Fiber optic,Electronic check,No,No,40.98,No,491.76,49-72 Months
CUST-03898,Male,47,52,One year,DSL,Electronic check,No,Yes,63.64,No,763.68,49-72 Months
CUST-03899,Male,56,61,Month-to-month,DSL,Credit card,No,No,93.3,No,1119.6,49-72 Months
CUST-03900,Female,19,65,Two year,DSL,Electronic check,No,Yes,64.87,No,778.44,49-72 Months
CUST-03901,Female,24,71,One year,No internet,Bank transfer,No,No,62.71,No,752.52,49-72 Months
CUST-03902,Female,62,43,One year,Fiber optic,Bank transfer,No,Yes,83.11,No,997.32,25-48 Months
CUST-03903,Female,48,52,Month-to-month,DSL,Mailed check,No,Yes,72.78,No,873.36,49-72 Months
CUST-03904,Male,69,70,Month-to-month,DSL,Mailed check,No,Yes,59.66,No,715.92,49-72 Months
CUST-03905,Female,50,28,One year,DSL,Electronic check,No,No,43.96,No,527.52,25-48 Months
CUST-03906,Female,52,9,Month-to-month,Fiber optic,Electronic check,No,Yes,98.51,No,1182.12,7-12 Months
CUST-03907,Female,65,64,One year,Fiber optic,Mailed check,No,Yes,101.34,No,1216.08,49-72 Months
CUST-03908,Female,53,46,Month-to-month,Fiber optic,Credit card,No,Yes,42.38,No,508.56,25-48 Months
CUST-03909,Male,35,31,Month-to-month,DSL,Mailed check,No,No,60.73,No,728.76,25-48 Months
CUST-03910,Female,45,52,Month-to-month,DSL,Mailed check,No,Yes,90.68,Yes,1088.16,49-72 Months
CUST-03911,Male,30,3,Month-to-month,Fiber optic,Credit card,No,Yes,40.15,No,481.8,0-6 Months
CUST-03912,Female,35,35,Month-to-month,DSL,Bank transfer,No,Yes,82.22,Yes,986.64,25-48 Months
CUST-03913,Male,54,20,Two year,DSL,Bank transfer,No,Yes,62.86,No,754.32,13-24 Months
CUST-03914,Female,25,21,One year,No internet,Mailed check,No,Yes,37.93,No,455.16,13-24 Months
CUST-03915,Female,53,70,Two year,DSL,Credit card,No,Yes,121.77,No,1461.24,49-72 Months
CUST-03916,Male,48,40,One year,DSL,Bank transfer,No,Yes,62.44,No,749.28,25-48 Months
CUST-03917,Male,34,11,One year,DSL,Bank transfer,No,No,86.68,No,1040.16,7-12 Months
CUST-03918,Female,20,27,Month-to-month,DSL,Bank transfer,Yes,Yes,40.61,No,487.32,25-48 Months
CUST-03919,Male,55,18,Two year,Fiber optic,Mailed check,No,No,115.47,No,1385.64,13-24 Months
CUST-03920,Female,61,66,Two year,Fiber optic,Credit card,Yes,Yes,126.53,No,1518.36,49-72 Months
CUST-03921,Female,56,21,One year,No internet,Credit card,Yes,Yes,29.94,Yes,359.28,13-24 Months
CUST-03922,Female,40,26,Month-to-month,DSL,Bank transfer,No,No,67.39,Yes,808.68,25-48 Months
CUST-03923,Male,52,25,One year,DSL,Electronic check,No,No,109.18,No,1310.16,25-48 Months
CUST-03924,Male,39,13,Month-to-month,DSL,Bank transfer,No,No,58.88,No,706.56,13-24 Months
CUST-03925,Female,36,57,Month-to-month,DSL,Electronic check,No,No,83.46,No,1001.52,49-72 Months
CUST-03926,Female,35,42,One year,Fiber optic,Bank transfer,No,Yes,24.95,Yes,299.4,25-48 Months
CUST-03927,Female,29,32,Two year,Fiber optic,Electronic check,No,No,49.93,Yes,599.16,25-48 Months
CUST-03928,Male,69,29,Month-to-month,Fiber optic,Credit card,No,Yes,80.54,Yes,966.48,25-48 Months
CUST-03929,Female,53,49,Month-to-month,Fiber optic,Credit card,No,No,55.5,No,666.0,49-72 Months
CUST-03930,Female,27,7,Two year,Fiber optic,Electronic check,No,No,61.91,No,742.92,7-12 Months
CUST-03931,Female,63,68,Month-to-month,DSL,Bank transfer,No,Yes,29.56,No,354.72,49-72 Months
CUST-03932,Male,26,41,Month-to-month,Fiber optic,Credit card,No,Yes,90.31,Yes,1083.72,25-48 Months
CUST-03933,Female,49,17,One year,DSL,Electronic check,No,No,34.49,No,413.88,13-24 Months
CUST-03934,Female,26,39,Two year,No internet,Electronic check,No,Yes,115.14,No,1381.68,25-48 Months
CUST-03935,Male,37,62,Month-to-month,Fiber optic,Mailed check,No,Yes,52.88,Yes,634.56,49-72 Months
CUST-03936,Female,52,13,Month-to-month,DSL,Credit card,No,No,94.42,No,1133.04,13-24 Months
CUST-03937,Female,70,38,Month-to-month,DSL,Mailed check,Yes,Yes,91.66,No,1099.92,25-48 Months
CUST-03938,Male,70,44,Month-to-month,No internet,Electronic check,No,Yes,44.42,Yes,533.04,25-48 Months
CUST-03939,Female,65,59,One year,DSL,Electronic check,No,No,55.88,Yes,670.56,49-72 Months
CUST-03940,Female,30,41,Two year,Fiber optic,Mailed check,Yes,No,59.19,No,710.28,25-48 Months
CUST-03941,Female,22,54,Month-to-month,Fiber optic,Electronic check,Yes,Yes,61.09,No,733.08,49-72 Months
CUST-03942,Male,65,56,Month-to-month,No internet,Bank transfer,No,No,35.67,No,428.04,49-72 Months
CUST-03943,Female,66,65,Month-to-month,Fiber optic,Electronic check,No,Yes,86.95,Yes,1043.4,49-72 Months
CUST-03944,Female,32,27,Month-to-month,DSL,Bank transfer,Yes,Yes,52.72,No,632.64,25-48 Months
CUST-03945,Male,19,51,Month-to-month,Fiber optic,Bank transfer,No,Yes,68.8,No,825.6,49-72 Months
CUST-03946,Female,52,18,Month-to-month,DSL,Credit card,No,Yes,100.18,No,1202.16,13-24 Months
CUST-03947,Male,22,61,One year,DSL,Electronic check,No,No,88.01,Yes,1056.12,49-72 Months
CUST-03948,Male,20,69,Month-to-month,Fiber optic,Bank transfer,No,Yes,54.6,No,655.2,49-72 Months
CUST-03949,Female,67,22,One year,Fiber optic,Bank transfer,No,Yes,101.15,No,1213.8,13-24 Months
CUST-03950,Male,44,41,Month-to-month,Fiber optic,Mailed check,No,No,90.64,No,1087.68,25-48 Months
CUST-03951,Male,23,60,Two year,DSL,Electronic check,No,No,52.24,Yes,626.88,49-72 Months
CUST-03952,Male,52,2,Two year,DSL,Electronic check,No,No,57.61,No,691.32,0-6 Months
CUST-03953,Female,37,51,Month-to-month,Fiber optic,Bank transfer,No,Yes,100.01,Yes,1200.12,49-72 Months
CUST-03954,Male,46,60,Month-to-month,DSL,Mailed check,Yes,No,93.8,No,1125.6,49-72 Months
CUST-03955,Female,65,63,One year,Fiber optic,Credit card,No,No,29.93,No,359.16,49-72 Months
CUST-03956,Female,30,15,Month-to-month,DSL,Credit card,Yes,No,43.84,No,526.08,13-24 Months
CUST-03957,Female,52,55,Month-to-month,DSL,Bank transfer,No,No,91.47,No,1097.64,49-72 Months
CUST-03958,Female,61,57,Month-to-month,No internet,Credit card,No,No,39.12,No,469.44,49-72 Months
CUST-03959,Male,40,1,Two year,No internet,Bank transfer,No,Yes,94.54,No,1134.48,0-6 Months
CUST-03960,Male,69,51,Month-to-month,Fiber optic,Electronic check,No,Yes,126.2,Yes,1514.4,49-72 Months
CUST-03961,Female,41,46,Month-to-month,Fiber optic,Electronic check,No,Yes,82.45,Yes,989.4,25-48 Months
CUST-03962,Female,42,70,Month-to-month,No internet,Credit card,No,Yes,46.16,No,553.92,49-72 Months
CUST-03963,Female,64,4,One year,Fiber optic,Mailed check,Yes,Yes,76.94,No,923.28,0-6 Months
CUST-03964,Male,51,70,Month-to-month,Fiber optic,Credit card,No,Yes,100.97,Yes,1211.64,49-72 Months
CUST-03965,Male,64,42,Two year,Fiber optic,Electronic check,No,Yes,74.77,No,897.24,25-48 Months
CUST-03966,Female,59,20,One year,DSL,Electronic check,No,No,85.55,No,1026.6,13-24 Months
CUST-03967,Female,55,28,Month-to-month,DSL,Bank transfer,No,Yes,49.62,No,595.44,25-48 Months
CUST-03968,Male,30,56,Month-to-month,No internet,Credit card,No,No,51.74,No,620.88,49-72 Months
CUST-03969,Female,39,72,Two year,Fiber optic,Credit card,Yes,No,97.37,No,1168.44,49-72 Months
CUST-03970,Female,63,23,One year,Fiber optic,Electronic check,No,No,52.06,Yes,624.72,13-24 Months
CUST-03971,Male,50,71,Month-to-month,Fiber optic,Mailed check,Yes,Yes,20.0,No,240.0,49-72 Months
CUST-03972,Female,32,46,Month-to-month,DSL,Bank transfer,No,No,63.42,No,761.04,25-48 Months
CUST-03973,Male,35,14,Month-to-month,Fiber optic,Credit card,No,Yes,80.8,Yes,969.6,13-24 Months
CUST-03974,Male,59,44,Month-to-month,No internet,Electronic check,No,No,101.64,No,1219.68,25-48 Months
CUST-03975,Male,27,58,Month-to-month,DSL,Bank transfer,No,Yes,118.08,No,1416.96,49-72 Months
CUST-03976,Female,23,4,Month-to-month,DSL,Electronic check,No,Yes,74.37,No,892.44,0-6 Months
CUST-03977,Female,58,6,Month-to-month,DSL,Bank transfer,No,Yes,90.44,No,1085.28,0-6 Months
CUST-03978,Female,33,1,Two year,DSL,Electronic check,No,No,75.38,No,904.56,0-6 Months
CUST-03979,Female,58,42,One year,DSL,Credit card,No,No,81.91,No,982.92,25-48 Months
CUST-03980,Male,46,5,Two year,Fiber optic,Electronic check,No,No,66.77,No,801.24,0-6 Months
CUST-03981,Male,70,68,One year,DSL,Bank transfer,No,No,82.82,No,993.84,49-72 Months
CUST-03982,Male,45,10,One year,DSL,Bank transfer,No,Yes,51.56,Yes,618.72,7-12 Months
CUST-03983,Female,63,6,Month-to-month,DSL,Electronic check,No,No,127.44,No,1529.28,0-6 Months
CUST-03984,Female,63,19,One year,Fiber optic,Electronic check,No,Yes,20.0,No,240.0,13-24 Months
CUST-03985,Female,29,55,Month-to-month,No internet,Bank transfer,No,No,87.98,Yes,1055.76,49-72 Months
CUST-03986,Male,70,66,Month-to-month,No internet,Bank transfer,Yes,No,80.95,No,971.4,49-72 Months
CUST-03987,Male,57,19,Two year,DSL,Bank transfer,No,Yes,82.4,No,988.8,13-24 Months
CUST-03988,Male,23,38,Two year,No internet,Bank transfer,No,Yes,38.88,No,466.56,25-48 Months
CUST-03989,Male,18,56,Month-to-month,DSL,Electronic check,No,No,25.01,No,300.12,49-72 Months
CUST-03990,Male,32,58,One year,Fiber optic,Credit card,Yes,No,88.96,No,1067.52,49-72 Months
CUST-03991,Female,18,12,Month-to-month,DSL,Electronic check,Yes,No,109.55,No,1314.6,7-12 Months
CUST-03992,Female,36,61,Month-to-month,Fiber optic,Bank transfer,No,No,78.17,Yes,938.04,49-72 Months
CUST-03993,Male,70,63,Month-to-month,DSL,Credit card,Yes,No,94.55,No,1134.6,49-72 Months
CUST-03994,Male,43,53,Month-to-month,DSL,Credit card,No,Yes,59.17,No,710.04,49-72 Months
CUST-03995,Female,19,38,One year,Fiber optic,Electronic check,No,Yes,81.28,No,975.36,25-48 Months
CUST-03996,Male,44,29,Month-to-month,Fiber optic,Electronic check,No,Yes,106.32,Yes,1275.84,25-48 Months
CUST-03997,Male,29,65,Month-to-month,DSL,Bank transfer,No,Yes,63.22,No,758.64,49-72 Months
CUST-03998,Female,63,63,Two year,DSL,Electronic check,No,No,105.2,No,1262.4,49-72 Months
CUST-03999,Female,22,38,Month-to-month,No internet,Bank transfer,No,Yes,26.23,No,314.76,25-48 Months
CUST-04000,Female,58,54,Month-to-month,Fiber optic,Mailed check,No,No,54.84,Yes,658.08,49-72 Months
CUST-04001,Male,41,29,Month-to-month,DSL,Electronic check,No,Yes,87.29,Yes,1047.48,25-48 Months
CUST-04002,Female,18,54,Month-to-month,Fiber optic,Mailed check,No,No,125.28,Yes,1503.36,49-72 Months
CUST-04003,Male,53,7,Month-to-month,Fiber optic,Bank transfer,No,Yes,72.4,Yes,868.8,7-12 Months
CUST-04004,Male,42,65,One year,DSL,Bank transfer,Yes,Yes,43.05,No,516.6,49-72 Months
CUST-04005,Female,58,38,Two year,Fiber optic,Mailed check,No,Yes,124.64,No,1495.68,25-48 Months
CUST-04006,Female,50,44,Month-to-month,DSL,Electronic check,No,No,68.47,No,821.64,25-48 Months
CUST-04007,Male,59,14,Month-to-month,Fiber optic,Mailed check,No,Yes,90.61,No,1087.32,13-24 Months
CUST-04008,Female,42,39,Month-to-month,Fiber optic,Bank transfer,No,Yes,62.64,No,751.68,25-48 Months
CUST-04009,Male,18,1,Two year,DSL,Bank transfer,No,No,75.98,Yes,911.76,0-6 Months
CUST-04010,Male,24,65,Month-to-month,Fiber optic,Credit card,No,Yes,56.26,No,675.12,49-72 Months
CUST-04011,Male,42,54,Month-to-month,Fiber optic,Credit card,No,Yes,135.21,Yes,1622.52,49-72 Months
CUST-04012,Female,39,33,Two year,Fiber optic,Mailed check,No,Yes,105.35,No,1264.2,25-48 Months
CUST-04013,Female,60,61,One year,Fiber optic,Credit card,No,Yes,121.51,No,1458.12,49-72 Months
CUST-04014,Male,39,59,Month-to-month,DSL,Electronic check,No,Yes,49.92,Yes,599.04,49-72 Months
CUST-04015,Male,63,9,Month-to-month,Fiber optic,Mailed check,No,Yes,20.9,No,250.8,7-12 Months
CUST-04016,Male,27,4,Month-to-month,DSL,Mailed check,Yes,Yes,63.8,No,765.6,0-6 Months
CUST-04017,Male,38,19,Two year,DSL,Bank transfer,No,Yes,142.46,No,1709.52,13-24 Months
CUST-04018,Male,58,1,Month-to-month,DSL,Bank transfer,Yes,Yes,62.99,No,755.88,0-6 Months
CUST-04019,Male,24,42,Month-to-month,DSL,Electronic check,No,Yes,101.45,No,1217.4,25-48 Months
CUST-04020,Female,35,39,One year,DSL,Credit card,No,Yes,43.3,No,519.6,25-48 Months
CUST-04021,Male,57,39,Month-to-month,DSL,Credit card,No,Yes,48.79,No,585.48,25-48 Months
CUST-04022,Male,49,6,Month-to-month,Fiber optic,Credit card,No,Yes,69.77,No,837.24,0-6 Months
CUST-04023,Female,59,67,Two year,DSL,Mailed check,No,No,131.07,Yes,1572.84,49-72 Months
CUST-04024,Male,45,71,Month-to-month,Fiber optic,Credit card,No,Yes,102.81,No,1233.72,49-72 Months
CUST-04025,Male,63,43,Two year,DSL,Bank transfer,Yes,No,20.0,No,240.0,25-48 Months
CUST-04026,Male,64,1,One year,DSL,Bank transfer,No,Yes,90.67,No,1088.04,0-6 Months
CUST-04027,Male,69,29,Month-to-month,Fiber optic,Mailed check,No,Yes,39.84,Yes,478.08,25-48 Months
CUST-04028,Male,24,52,One year,Fiber optic,Credit card,No,No,52.92,No,635.04,49-72 Months
CUST-04029,Female,49,54,One year,Fiber optic,Bank transfer,No,Yes,86.29,No,1035.48,49-72 Months
CUST-04030,Male,24,18,One year,Fiber optic,Bank transfer,No,No,111.16,No,1333.92,13-24 Months
CUST-04031,Female,30,60,One year,DSL,Credit card,No,Yes,109.78,No,1317.36,49-72 Months
CUST-04032,Female,33,70,Month-to-month,Fiber optic,Electronic check,No,Yes,81.28,Yes,975.36,49-72 Months
CUST-04033,Male,52,37,Month-to-month,DSL,Bank transfer,No,Yes,81.68,No,980.16,25-48 Months
CUST-04034,Male,40,28,One year,No internet,Electronic check,No,No,109.69,No,1316.28,25-48 Months
CUST-04035,Male,63,38,Month-to-month,Fiber optic,Mailed check,No,Yes,27.88,No,334.56,25-48 Months
CUST-04036,Male,33,2,Month-to-month,Fiber optic,Electronic check,Yes,Yes,123.17,Yes,1478.04,0-6 Months
CUST-04037,Female,50,38,Month-to-month,Fiber optic,Electronic check,No,No,51.39,Yes,616.68,25-48 Months
CUST-04038,Female,58,2,Month-to-month,No internet,Mailed check,No,Yes,79.3,No,951.6,0-6 Months
CUST-04039,Male,69,3,One year,Fiber optic,Electronic check,No,Yes,58.1,Yes,697.2,0-6 Months
CUST-04040,Male,30,40,Two year,Fiber optic,Electronic check,No,Yes,39.63,Yes,475.56,25-48 Months
CUST-04041,Male,56,37,Two year,No internet,Bank transfer,No,Yes,84.92,No,1019.04,25-48 Months
CUST-04042,Female,22,72,Month-to-month,DSL,Electronic check,No,Yes,78.62,No,943.44,49-72 Months
CUST-04043,Female,46,37,Month-to-month,Fiber optic,Electronic check,No,No,69.05,No,828.6,25-48 Months
CUST-04044,Male,39,71,Two year,No internet,Electronic check,No,No,67.73,Yes,812.76,49-72 Months
CUST-04045,Male,68,59,Month-to-month,No internet,Electronic check,No,Yes,114.73,Yes,1376.76,49-72 Months
CUST-04046,Male,58,25,One year,DSL,Electronic check,No,Yes,133.4,No,1600.8,25-48 Months
CUST-04047,Male,67,67,One year,Fiber optic,Credit card,No,Yes,107.08,No,1284.96,49-72 Months
CUST-04048,Male,63,35,Month-to-month,DSL,Bank transfer,No,Yes,79.77,No,957.24,25-48 Months
CUST-04049,Male,39,43,Month-to-month,Fiber optic,Mailed check,No,Yes,26.16,Yes,313.92,25-48 Months
CUST-04050,Male,56,8,One year,DSL,Mailed check,No,Yes,89.56,No,1074.72,7-12 Months
CUST-04051,Male,19,16,Month-to-month,Fiber optic,Electronic check,No,No,90.8,Yes,1089.6,13-24 Months
CUST-04052,Male,47,38,Two year,DSL,Bank transfer,No,Yes,93.6,No,1123.2,25-48 Months
CUST-04053,Female,20,20,One year,DSL,Credit card,No,No,40.05,No,480.6,13-24 Months
CUST-04054,Female,56,44,Month-to-month,No internet,Electronic check,No,No,95.8,No,1149.6,25-48 Months
CUST-04055,Male,69,6,One year,DSL,Electronic check,Yes,Yes,115.72,No,1388.64,0-6 Months
CUST-04056,Male,54,19,Month-to-month,Fiber optic,Bank transfer,No,No,44.49,Yes,533.88,13-24 Months
CUST-04057,Female,62,48,Month-to-month,Fiber optic,Electronic check,No,No,91.17,No,1094.04,25-48 Months
CUST-04058,Female,30,45,Two year,DSL,Electronic check,No,Yes,49.27,No,591.24,25-48 Months
CUST-04059,Male,70,71,One year,Fiber optic,Bank transfer,No,Yes,69.08,No,828.96,49-72 Months
CUST-04060,Female,47,65,One year,Fiber optic,Bank transfer,No,Yes,45.44,Yes,545.28,49-72 Months
CUST-04061,Male,53,59,Two year,DSL,Electronic check,No,Yes,62.18,No,746.16,49-72 Months
CUST-04062,Male,58,1,Month-to-month,Fiber optic,Credit card,No,No,62.4,Yes,748.8,0-6 Months
CUST-04063,Female,51,44,Month-to-month,Fiber optic,Electronic check,No,Yes,83.54,Yes,1002.48,25-48 Months
CUST-04064,Female,34,17,Month-to-month,DSL,Electronic check,No,Yes,96.93,Yes,1163.16,13-24 Months
CUST-04065,Female,50,20,Month-to-month,No internet,Bank transfer,No,No,106.05,No,1272.6,13-24 Months
CUST-04066,Male,52,16,Month-to-month,DSL,Bank transfer,No,No,53.74,No,644.88,13-24 Months
CUST-04067,Female,63,33,Month-to-month,Fiber optic,Bank transfer,Yes,Yes,82.08,No,984.96,25-48 Months
CUST-04068,Male,43,9,One year,DSL,Bank transfer,No,Yes,41.25,No,495.0,7-12 Months
CUST-04069,Female,44,39,Month-to-month,No internet,Bank transfer,No,Yes,68.9,No,826.8,25-48 Months
CUST-04070,Male,44,12,One year,Fiber optic,Credit card,No,No,73.2,No,878.4,7-12 Months
CUST-04071,Male,24,37,Two year,DSL,Bank transfer,No,Yes,46.17,No,554.04,25-48 Months
CUST-04072,Female,22,46,Two year,DSL,Mailed check,Yes,Yes,87.65,No,1051.8,25-48 Months
CUST-04073,Female,19,13,Month-to-month,DSL,Bank transfer,Yes,Yes,67.64,No,811.68,13-24 Months
CUST-04074,Female,53,8,Two year,Fiber optic,Electronic check,No,Yes,76.32,No,915.84,7-12 Months
CUST-04075,Male,40,59,Two year,No internet,Bank transfer,No,Yes,106.29,No,1275.48,49-72 Months
CUST-04076,Male,63,54,Month-to-month,Fiber optic,Electronic check,No,No,60.03,No,720.36,49-72 Months
CUST-04077,Female,55,19,Month-to-month,Fiber optic,Mailed check,No,No,95.81,No,1149.72,13-24 Months
CUST-04078,Female,25,64,Month-to-month,Fiber optic,Bank transfer,No,Yes,112.4,Yes,1348.8,49-72 Months
CUST-04079,Male,23,16,One year,DSL,Bank transfer,No,No,110.68,No,1328.16,13-24 Months
CUST-04080,Female,37,67,One year,Fiber optic,Electronic check,No,Yes,66.73,No,800.76,49-72 Months
CUST-04081,Female,66,9,Month-to-month,DSL,Mailed check,No,Yes,44.77,No,537.24,7-12 Months
CUST-04082,Male,20,48,One year,DSL,Credit card,No,Yes,52.12,Yes,625.44,25-48 Months
CUST-04083,Female,27,2,Month-to-month,Fiber optic,Credit card,Yes,Yes,27.57,No,330.84,0-6 Months
CUST-04084,Female,19,15,Month-to-month,DSL,Mailed check,Yes,Yes,91.21,No,1094.52,13-24 Months
CUST-04085,Female,39,30,Two year,No internet,Electronic check,Yes,Yes,92.95,No,1115.4,25-48 Months
CUST-04086,Female,70,7,Two year,Fiber optic,Mailed check,No,Yes,75.29,Yes,903.48,7-12 Months
CUST-04087,Male,54,33,One year,DSL,Mailed check,No,No,33.47,No,401.64,25-48 Months
CUST-04088,Female,44,17,Month-to-month,No internet,Electronic check,Yes,Yes,61.77,Yes,741.24,13-24 Months
CUST-04089,Female,25,8,Month-to-month,DSL,Credit card,Yes,Yes,110.65,No,1327.8,7-12 Months
CUST-04090,Female,36,70,Month-to-month,DSL,Mailed check,No,Yes,89.07,Yes,1068.84,49-72 Months
CUST-04091,Female,45,71,Month-to-month,No internet,Mailed check,No,No,93.93,Yes,1127.16,49-72 Months
CUST-04092,Male,32,70,Month-to-month,DSL,Mailed check,Yes,Yes,160.0,Yes,1920.0,49-72 Months
CUST-04093,Male,55,12,Two year,Fiber optic,Electronic check,No,Yes,81.19,No,974.28,7-12 Months
CUST-04094,Male,69,28,One year,Fiber optic,Mailed check,No,No,20.0,No,240.0,25-48 Months
CUST-04095,Female,28,24,Month-to-month,DSL,Mailed check,No,Yes,41.17,Yes,494.04,13-24 Months
CUST-04096,Female,31,24,Month-to-month,Fiber optic,Mailed check,No,No,80.56,No,966.72,13-24 Months
CUST-04097,Female,24,30,Month-to-month,Fiber optic,Bank transfer,No,Yes,72.52,No,870.24,25-48 Months
CUST-04098,Male,56,37,Month-to-month,Fiber optic,Mailed check,No,No,67.18,No,806.16,25-48 Months
CUST-04099,Female,42,35,One year,DSL,Bank transfer,No,Yes,67.68,No,812.16,25-48 Months
CUST-04100,Male,33,22,Month-to-month,DSL,Credit card,No,No,50.04,No,600.48,13-24 Months
CUST-04101,Male,29,71,Two year,Fiber optic,Mailed check,No,Yes,82.47,No,989.64,49-72 Months
CUST-04102,Female,21,71,Month-to-month,Fiber optic,Mailed check,No,Yes,111.04,No,1332.48,49-72 Months
CUST-04103,Male,43,24,Month-to-month,Fiber optic,Credit card,No,No,120.51,Yes,1446.12,13-24 Months
CUST-04104,Male,54,16,Two year,Fiber optic,Mailed check,Yes,Yes,119.71,No,1436.52,13-24 Months
CUST-04105,Male,30,39,Month-to-month,DSL,Mailed check,Yes,Yes,45.23,No,542.76,25-48 Months
CUST-04106,Male,18,27,Month-to-month,Fiber optic,Credit card,No,Yes,71.44,Yes,857.28,25-48 Months
CUST-04107,Male,43,72,One year,No internet,Bank transfer,Yes,Yes,63.21,No,758.52,49-72 Months
CUST-04108,Female,53,31,Month-to-month,Fiber optic,Credit card,No,Yes,88.58,No,1062.96,25-48 Months
CUST-04109,Female,36,3,Month-to-month,Fiber optic,Mailed check,No,Yes,69.68,Yes,836.16,0-6 Months
CUST-04110,Male,31,10,Month-to-month,DSL,Mailed check,No,Yes,65.68,No,788.16,7-12 Months
CUST-04111,Male,26,6,Month-to-month,Fiber optic,Electronic check,No,Yes,112.73,Yes,1352.76,0-6 Months
CUST-04112,Male,57,28,Month-to-month,Fiber optic,Electronic check,No,No,74.75,Yes,897.0,25-48 Months
CUST-04113,Male,63,23,Month-to-month,Fiber optic,Mailed check,Yes,Yes,75.48,Yes,905.76,13-24 Months
CUST-04114,Female,58,62,One year,DSL,Electronic check,Yes,Yes,83.57,No,1002.84,49-72 Months
CUST-04115,Male,45,65,Two year,Fiber optic,Mailed check,No,Yes,90.93,No,1091.16,49-72 Months
CUST-04116,Male,56,11,Month-to-month,DSL,Electronic check,Yes,Yes,91.09,No,1093.08,7-12 Months
CUST-04117,Male,39,69,Month-to-month,DSL,Electronic check,No,Yes,115.46,Yes,1385.52,49-72 Months
CUST-04118,Male,19,43,Month-to-month,No internet,Mailed check,No,Yes,36.0,No,432.0,25-48 Months
CUST-04119,Male,37,23,Month-to-month,DSL,Bank transfer,No,Yes,81.08,No,972.96,13-24 Months
CUST-04120,Male,55,30,Month-to-month,DSL,Electronic check,No,No,69.13,Yes,829.56,25-48 Months
CUST-04121,Female,52,32,One year,DSL,Bank transfer,No,Yes,63.58,No,762.96,25-48 Months
CUST-04122,Female,70,13,Month-to-month,DSL,Electronic check,No,Yes,93.22,Yes,1118.64,13-24 Months
CUST-04123,Female,70,63,Month-to-month,DSL,Electronic check,No,Yes,108.3,No,1299.6,49-72 Months
CUST-04124,Male,30,1,One year,DSL,Credit card,No,Yes,55.43,No,665.16,0-6 Months
CUST-04125,Female,18,6,Two year,Fiber optic,Credit card,No,No,119.23,Yes,1430.76,0-6 Months
CUST-04126,Female,32,20,Month-to-month,DSL,Mailed check,Yes,No,31.91,No,382.92,13-24 Months
CUST-04127,Male,64,11,Month-to-month,Fiber optic,Mailed check,Yes,No,88.53,Yes,1062.36,7-12 Months
CUST-04128,Male,61,5,Two year,DSL,Credit card,No,Yes,47.06,No,564.72,0-6 Months
CUST-04129,Female,23,28,Month-to-month,Fiber optic,Mailed check,Yes,Yes,54.03,No,648.36,25-48 Months
CUST-04130,Male,26,28,One year,Fiber optic,Electronic check,No,No,73.68,No,884.16,25-48 Months
CUST-04131,Male,47,10,One year,Fiber optic,Electronic check,Yes,No,60.83,No,729.96,7-12 Months
CUST-04132,Female,53,59,Month-to-month,Fiber optic,Electronic check,No,Yes,20.0,Yes,240.0,49-72 Months
CUST-04133,Female,70,64,Month-to-month,Fiber optic,Bank transfer,No,Yes,89.12,Yes,1069.44,49-72 Months
CUST-04134,Female,58,52,Month-to-month,Fiber optic,Bank transfer,No,Yes,93.83,No,1125.96,49-72 Months
CUST-04135,Female,29,38,Month-to-month,DSL,Electronic check,No,Yes,67.49,No,809.88,25-48 Months
CUST-04136,Female,19,69,Month-to-month,Fiber optic,Electronic check,No,Yes,65.29,No,783.48,49-72 Months
CUST-04137,Female,51,26,One year,No internet,Electronic check,No,Yes,61.56,Yes,738.72,25-48 Months
CUST-04138,Male,47,31,One year,DSL,Bank transfer,No,No,24.08,No,288.96,25-48 Months
CUST-04139,Female,66,2,Two year,Fiber optic,Credit card,No,Yes,21.12,No,253.44,0-6 Months
CUST-04140,Female,48,51,Two year,Fiber optic,Mailed check,No,No,94.5,No,1134.0,49-72 Months
CUST-04141,Female,44,7,One year,Fiber optic,Bank transfer,No,Yes,101.81,No,1221.72,7-12 Months
CUST-04142,Female,34,48,Month-to-month,Fiber optic,Electronic check,No,Yes,88.71,No,1064.52,25-48 Months
CUST-04143,Male,22,57,Month-to-month,DSL,Bank transfer,Yes,No,82.62,No,991.44,49-72 Months
CUST-04144,Male,64,16,One year,DSL,Mailed check,No,Yes,93.92,No,1127.04,13-24 Months
CUST-04145,Male,61,45,One year,DSL,Electronic check,No,Yes,92.05,Yes,1104.6,25-48 Months
CUST-04146,Male,26,22,Month-to-month,Fiber optic,Mailed check,No,Yes,50.02,No,600.24,13-24 Months
CUST-04147,Male,55,29,One year,DSL,Credit card,Yes,Yes,78.23,No,938.76,25-48 Months
CUST-04148,Female,37,39,Month-to-month,Fiber optic,Electronic check,No,No,63.71,No,764.52,25-48 Months
CUST-04149,Female,41,18,Month-to-month,DSL,Mailed check,No,No,64.08,No,768.96,13-24 Months
CUST-04150,Male,62,58,Two year,No internet,Credit card,No,No,103.93,No,1247.16,49-72 Months
CUST-04151,Male,62,29,Month-to-month,Fiber optic,Credit card,No,Yes,116.09,No,1393.08,25-48 Months
CUST-04152,Female,28,34,Month-to-month,DSL,Mailed check,No,No,20.0,No,240.0,25-48 Months
CUST-04153,Female,34,59,One year,DSL,Electronic check,No,Yes,64.86,No,778.32,49-72 Months
CUST-04154,Female,61,17,One year,DSL,Credit card,Yes,Yes,63.39,Yes,760.68,13-24 Months
CUST-04155,Male,66,33,Month-to-month,Fiber optic,Electronic check,No,No,104.52,No,1254.24,25-48 Months
CUST-04156,Male,22,72,One year,DSL,Electronic check,No,Yes,31.39,No,376.68,49-72 Months
CUST-04157,Female,62,29,Month-to-month,Fiber optic,Electronic check,No,Yes,20.0,No,240.0,25-48 Months
CUST-04158,Male,43,9,One year,Fiber optic,Mailed check,No,No,94.99,No,1139.88,7-12 Months
CUST-04159,Male,49,21,Month-to-month,DSL,Bank transfer,No,Yes,98.96,No,1187.52,13-24 Months
CUST-04160,Male,21,69,Two year,Fiber optic,Credit card,No,Yes,22.05,No,264.6,49-72 Months
CUST-04161,Male,54,55,One year,Fiber optic,Mailed check,No,Yes,68.52,No,822.24,49-72 Months
CUST-04162,Male,53,59,Month-to-month,No internet,Credit card,No,No,114.85,No,1378.2,49-72 Months
CUST-04163,Female,53,19,Month-to-month,Fiber optic,Bank transfer,No,Yes,41.81,Yes,501.72,13-24 Months
CUST-04164,Male,59,61,Month-to-month,DSL,Bank transfer,No,Yes,74.83,Yes,897.96,49-72 Months
CUST-04165,Female,68,29,One year,DSL,Electronic check,No,Yes,86.22,No,1034.64,25-48 Months
CUST-04166,Female,63,58,One year,Fiber optic,Electronic check,No,Yes,32.03,Yes,384.36,49-72 Months
CUST-04167,Male,57,64,One year,DSL,Bank transfer,Yes,Yes,56.21,No,674.52,49-72 Months
CUST-04168,Male,70,15,Two year,DSL,Bank transfer,No,No,24.66,No,295.92,13-24 Months
CUST-04169,Female,53,68,Month-to-month,DSL,Electronic check,Yes,No,67.39,No,808.68,49-72 Months
CUST-04170,Female,53,46,One year,DSL,Mailed check,No,No,49.85,Yes,598.2,25-48 Months
CUST-04171,Male,46,53,Month-to-month,No internet,Mailed check,No,No,77.82,No,933.84,49-72 Months
CUST-04172,Male,58,55,One year,No internet,Mailed check,No,Yes,89.78,No,1077.36,49-72 Months
CUST-04173,Female,21,13,Month-to-month,Fiber optic,Electronic check,No,Yes,110.88,No,1330.56,13-24 Months
CUST-04174,Male,44,54,One year,Fiber optic,Electronic check,No,Yes,137.3,Yes,1647.6,49-72 Months
CUST-04175,Male,40,16,Month-to-month,DSL,Electronic check,No,Yes,77.82,No,933.84,13-24 Months
CUST-04176,Male,66,20,Month-to-month,No internet,Credit card,No,No,63.14,No,757.68,13-24 Months
CUST-04177,Male,21,9,Month-to-month,DSL,Credit card,Yes,Yes,61.51,No,738.12,7-12 Months
CUST-04178,Female,52,14,Two year,Fiber optic,Electronic check,No,No,44.98,No,539.76,13-24 Months
CUST-04179,Male,27,71,Month-to-month,No internet,Electronic check,Yes,Yes,84.55,No,1014.6,49-72 Months
CUST-04180,Male,64,24,Month-to-month,Fiber optic,Mailed check,No,Yes,58.14,No,697.68,13-24 Months
CUST-04181,Female,63,28,Month-to-month,Fiber optic,Electronic check,No,No,86.51,Yes,1038.12,25-48 Months
CUST-04182,Male,30,35,Month-to-month,DSL,Credit card,No,Yes,45.88,No,550.56,25-48 Months
CUST-04183,Male,64,52,Two year,Fiber optic,Mailed check,No,Yes,58.95,Yes,707.4,49-72 Months
CUST-04184,Female,44,42,Two year,DSL,Credit card,No,Yes,84.11,No,1009.32,25-48 Months
CUST-04185,Male,69,39,Two year,Fiber optic,Electronic check,No,Yes,68.5,No,822.0,25-48 Months
CUST-04186,Female,56,61,Two year,DSL,Credit card,No,Yes,20.0,No,240.0,49-72 Months
CUST-04187,Male,19,36,Month-to-month,No internet,Bank transfer,No,No,71.57,No,858.84,25-48 Months
CUST-04188,Male,28,56,Month-to-month,Fiber optic,Bank transfer,No,No,49.55,No,594.6,49-72 Months
CUST-04189,Male,39,66,One year,DSL,Credit card,No,No,105.08,No,1260.96,49-72 Months
CUST-04190,Female,29,49,One year,DSL,Mailed check,No,No,99.19,No,1190.28,49-72 Months
CUST-04191,Male,25,3,Month-to-month,Fiber optic,Electronic check,No,Yes,20.0,Yes,240.0,0-6 Months
CUST-04192,Male,69,19,One year,DSL,Mailed check,No,No,94.44,Yes,1133.28,13-24 Months
CUST-04193,Female,64,45,Month-to-month,DSL,Credit card,No,Yes,82.9,No,994.8,25-48 Months
CUST-04194,Male,41,35,Month-to-month,Fiber optic,Credit card,No,Yes,30.45,No,365.4,25-48 Months
CUST-04195,Female,29,21,Month-to-month,DSL,Mailed check,No,No,96.59,No,1159.08,13-24 Months
CUST-04196,Male,27,25,Two year,Fiber optic,Bank transfer,No,Yes,36.16,No,433.92,25-48 Months
CUST-04197,Female,66,6,One year,Fiber optic,Electronic check,Yes,Yes,104.07,No,1248.84,0-6 Months
CUST-04198,Male,35,17,Month-to-month,Fiber optic,Electronic check,No,No,53.91,Yes,646.92,13-24 Months
CUST-04199,Female,18,57,Two year,DSL,Bank transfer,No,Yes,29.49,No,353.88,49-72 Months
CUST-04200,Male,39,1,Two year,No internet,Mailed check,No,Yes,131.38,No,1576.56,0-6 Months
CUST-04201,Female,42,61,Month-to-month,Fiber optic,Electronic check,Yes,Yes,28.7,Yes,344.4,49-72 Months
CUST-04202,Female,51,25,One year,Fiber optic,Bank transfer,Yes,Yes,49.43,No,593.16,25-48 Months
CUST-04203,Male,35,59,Month-to-month,Fiber optic,Mailed check,No,Yes,54.92,Yes,659.04,49-72 Months
CUST-04204,Male,66,19,Month-to-month,DSL,Mailed check,No,Yes,59.24,No,710.88,13-24 Months
CUST-04205,Male,52,60,Month-to-month,Fiber optic,Electronic check,No,Yes,91.57,Yes,1098.84,49-72 Months
CUST-04206,Female,70,42,Month-to-month,Fiber optic,Electronic check,No,Yes,73.62,Yes,883.44,25-48 Months
CUST-04207,Female,37,62,Month-to-month,Fiber optic,Bank transfer,No,Yes,100.12,No,1201.44,49-72 Months
CUST-04208,Female,52,5,Month-to-month,DSL,Credit card,No,Yes,82.41,No,988.92,0-6 Months
CUST-04209,Male,37,58,Month-to-month,DSL,Electronic check,No,Yes,25.16,Yes,301.92,49-72 Months
CUST-04210,Female,55,20,One year,DSL,Credit card,No,Yes,87.4,No,1048.8,13-24 Months
CUST-04211,Male,57,26,One year,Fiber optic,Bank transfer,Yes,Yes,78.55,No,942.6,25-48 Months
CUST-04212,Female,35,4,Month-to-month,DSL,Credit card,No,Yes,54.51,Yes,654.12,0-6 Months
CUST-04213,Male,67,69,Month-to-month,DSL,Bank transfer,No,No,130.06,Yes,1560.72,49-72 Months
CUST-04214,Female,63,47,Month-to-month,DSL,Mailed check,No,Yes,89.03,No,1068.36,25-48 Months
CUST-04215,Female,65,71,Two year,Fiber optic,Bank transfer,No,Yes,98.37,No,1180.44,49-72 Months
CUST-04216,Female,29,41,Two year,Fiber optic,Mailed check,No,Yes,99.34,No,1192.08,25-48 Months
CUST-04217,Male,56,12,Month-to-month,DSL,Electronic check,No,Yes,60.24,Yes,722.88,7-12 Months
CUST-04218,Male,23,25,One year,Fiber optic,Mailed check,Yes,Yes,89.73,No,1076.76,25-48 Months
CUST-04219,Female,23,32,One year,DSL,Mailed check,No,No,80.85,No,970.2,25-48 Months
CUST-04220,Male,69,11,Two year,Fiber optic,Mailed check,No,No,56.4,No,676.8,7-12 Months
CUST-04221,Male,26,68,Month-to-month,Fiber optic,Credit card,No,Yes,37.8,No,453.6,49-72 Months
CUST-04222,Female,63,69,Month-to-month,DSL,Mailed check,Yes,Yes,72.68,No,872.16,49-72 Months
CUST-04223,Female,40,41,One year,Fiber optic,Electronic check,No,No,88.43,No,1061.16,25-48 Months
CUST-04224,Female,34,43,Month-to-month,Fiber optic,Credit card,Yes,Yes,72.45,Yes,869.4,25-48 Months
CUST-04225,Female,21,51,Month-to-month,DSL,Electronic check,No,Yes,66.9,No,802.8,49-72 Months
CUST-04226,Male,53,49,Month-to-month,Fiber optic,Electronic check,No,Yes,72.77,No,873.24,49-72 Months
CUST-04227,Male,56,5,Month-to-month,No internet,Credit card,No,Yes,63.96,No,767.52,0-6 Months
CUST-04228,Female,42,39,One year,Fiber optic,Credit card,No,No,115.38,Yes,1384.56,25-48 Months
CUST-04229,Male,60,56,One year,No internet,Bank transfer,No,Yes,79.57,No,954.84,49-72 Months
CUST-04230,Male,35,59,Month-to-month,DSL,Mailed check,No,Yes,58.38,No,700.56,49-72 Months
CUST-04231,Male,47,43,Two year,Fiber optic,Mailed check,No,Yes,21.38,Yes,256.56,25-48 Months
CUST-04232,Female,33,65,Month-to-month,DSL,Credit card,No,No,66.48,No,797.76,49-72 Months
CUST-04233,Female,48,43,Two year,DSL,Credit card,No,Yes,55.85,No,670.2,25-48 Months
CUST-04234,Male,25,28,Month-to-month,DSL,Electronic check,No,Yes,54.81,No,657.72,25-48 Months
CUST-04235,Male,43,32,Two year,Fiber optic,Credit card,No,Yes,98.39,No,1180.68,25-48 Months
CUST-04236,Male,47,50,Two year,No internet,Bank transfer,No,No,74.23,No,890.76,49-72 Months
CUST-04237,Female,47,64,Two year,DSL,Electronic check,No,Yes,24.89,Yes,298.68,49-72 Months
CUST-04238,Male,41,17,Two year,No internet,Electronic check,No,Yes,89.33,No,1071.96,13-24 Months
CUST-04239,Female,52,22,Month-to-month,DSL,Electronic check,No,No,27.7,No,332.4,13-24 Months
CUST-04240,Male,45,47,One year,DSL,Credit card,Yes,No,91.41,No,1096.92,25-48 Months
CUST-04241,Male,33,55,One year,DSL,Mailed check,No,Yes,58.7,No,704.4,49-72 Months
CUST-04242,Male,29,29,Month-to-month,DSL,Bank transfer,No,No,74.43,Yes,893.16,25-48 Months
CUST-04243,Female,52,47,Two year,No internet,Electronic check,Yes,Yes,71.3,No,855.6,25-48 Months
CUST-04244,Male,67,1,Month-to-month,DSL,Credit card,No,No,67.85,No,814.2,0-6 Months
CUST-04245,Male,57,22,Month-to-month,Fiber optic,Mailed check,No,No,77.87,No,934.44,13-24 Months
CUST-04246,Male,51,69,Two year,DSL,Credit card,Yes,No,74.29,No,891.48,49-72 Months
CUST-04247,Male,66,42,Month-to-month,Fiber optic,Mailed check,No,Yes,124.35,Yes,1492.2,25-48 Months
CUST-04248,Male,65,63,Month-to-month,No internet,Bank transfer,No,No,78.27,No,939.24,49-72 Months
CUST-04249,Female,44,16,Month-to-month,DSL,Bank transfer,Yes,No,78.92,No,947.04,13-24 Months
CUST-04250,Male,23,21,One year,DSL,Mailed check,Yes,Yes,52.13,No,625.56,13-24 Months
CUST-04251,Male,51,71,Two year,Fiber optic,Credit card,No,No,82.67,No,992.04,49-72 Months
CUST-04252,Male,51,72,Month-to-month,DSL,Mailed check,No,Yes,43.34,No,520.08,49-72 Months
CUST-04253,Female,32,64,One year,Fiber optic,Credit card,No,Yes,104.2,No,1250.4,49-72 Months
CUST-04254,Male,63,23,One year,DSL,Electronic check,No,No,30.44,Yes,365.28,13-24 Months
CUST-04255,Male,64,58,One year,DSL,Bank transfer,Yes,Yes,48.38,No,580.56,49-72 Months
CUST-04256,Male,35,34,One year,DSL,Credit card,No,No,26.38,No,316.56,25-48 Months
CUST-04257,Male,43,61,Two year,Fiber optic,Credit card,No,Yes,83.75,No,1005.0,49-72 Months
CUST-04258,Male,28,62,Month-to-month,DSL,Mailed check,No,Yes,60.13,No,721.56,49-72 Months
CUST-04259,Female,27,32,Month-to-month,DSL,Mailed check,No,No,91.21,Yes,1094.52,25-48 Months
CUST-04260,Male,32,22,One year,DSL,Credit card,Yes,No,44.68,No,536.16,13-24 Months
CUST-04261,Male,37,71,Month-to-month,No internet,Electronic check,No,No,86.88,No,1042.56,49-72 Months
CUST-04262,Male,32,33,Month-to-month,DSL,Credit card,No,Yes,88.24,No,1058.88,25-48 Months
CUST-04263,Male,26,32,Month-to-month,Fiber optic,Electronic check,No,Yes,77.93,No,935.16,25-48 Months
CUST-04264,Female,41,48,Month-to-month,Fiber optic,Electronic check,No,No,72.86,Yes,874.32,25-48 Months
CUST-04265,Female,51,68,Two year,No internet,Bank transfer,Yes,No,75.84,No,910.08,49-72 Months
CUST-04266,Female,35,10,Month-to-month,No internet,Mailed check,No,No,46.5,Yes,558.0,7-12 Months
CUST-04267,Male,46,71,One year,Fiber optic,Mailed check,No,Yes,41.89,No,502.68,49-72 Months
CUST-04268,Female,32,31,One year,DSL,Electronic check,No,Yes,87.23,No,1046.76,25-48 Months
CUST-04269,Male,55,2,Month-to-month,Fiber optic,Credit card,No,Yes,61.68,No,740.16,0-6 Months
CUST-04270,Female,52,23,Month-to-month,Fiber optic,Bank transfer,No,Yes,84.69,Yes,1016.28,13-24 Months
CUST-04271,Female,68,34,Month-to-month,No internet,Credit card,No,Yes,115.43,Yes,1385.16,25-48 Months
CUST-04272,Female,20,49,Month-to-month,No internet,Mailed check,No,Yes,59.2,No,710.4,49-72 Months
CUST-04273,Female,63,41,Month-to-month,No internet,Mailed check,No,Yes,55.2,No,662.4,25-48 Months
CUST-04274,Male,36,10,One year,Fiber optic,Electronic check,No,Yes,62.92,No,755.04,7-12 Months
CUST-04275,Male,21,36,Month-to-month,DSL,Mailed check,No,Yes,73.09,No,877.08,25-48 Months
CUST-04276,Female,54,17,Month-to-month,No internet,Electronic check,No,No,89.2,No,1070.4,13-24 Months
CUST-04277,Male,27,20,Month-to-month,DSL,Electronic check,No,Yes,71.21,Yes,854.52,13-24 Months
CUST-04278,Female,27,52,Month-to-month,Fiber optic,Mailed check,Yes,No,130.2,Yes,1562.4,49-72 Months
CUST-04279,Female,69,58,Month-to-month,DSL,Bank transfer,No,No,83.78,No,1005.36,49-72 Months
CUST-04280,Female,29,12,Two year,Fiber optic,Mailed check,Yes,No,93.86,No,1126.32,7-12 Months
CUST-04281,Male,46,44,Month-to-month,DSL,Mailed check,No,No,70.97,Yes,851.64,25-48 Months
CUST-04282,Female,28,31,Month-to-month,DSL,Mailed check,No,No,100.33,No,1203.96,25-48 Months
CUST-04283,Male,24,25,One year,Fiber optic,Mailed check,No,Yes,66.25,No,795.0,25-48 Months
CUST-04284,Male,18,52,One year,Fiber optic,Bank transfer,No,No,53.96,No,647.52,49-72 Months
CUST-04285,Male,18,18,One year,DSL,Credit card,No,No,97.35,No,1168.2,13-24 Months
CUST-04286,Female,43,56,Month-to-month,DSL,Credit card,No,Yes,70.4,No,844.8,49-72 Months
CUST-04287,Female,41,29,One year,Fiber optic,Electronic check,Yes,No,78.87,No,946.44,25-48 Months
CUST-04288,Female,20,7,Month-to-month,Fiber optic,Mailed check,No,Yes,99.49,No,1193.88,7-12 Months
CUST-04289,Female,36,58,One year,DSL,Credit card,Yes,Yes,75.89,No,910.68,49-72 Months
CUST-04290,Male,32,62,Month-to-month,Fiber optic,Credit card,No,Yes,67.82,No,813.84,49-72 Months
CUST-04291,Male,48,41,One year,DSL,Mailed check,No,No,57.01,Yes,684.12,25-48 Months
CUST-04292,Female,70,53,One year,DSL,Mailed check,No,Yes,101.73,No,1220.76,49-72 Months
CUST-04293,Male,54,11,One year,Fiber optic,Bank transfer,No,Yes,62.43,No,749.16,7-12 Months
CUST-04294,Male,66,25,Month-to-month,DSL,Credit card,No,Yes,70.57,Yes,846.84,25-48 Months
CUST-04295,Female,28,26,One year,DSL,Mailed check,No,No,80.03,No,960.36,25-48 Months
CUST-04296,Female,29,55,One year,DSL,Electronic check,No,No,79.92,Yes,959.04,49-72 Months
CUST-04297,Male,57,26,Month-to-month,DSL,Credit card,Yes,Yes,100.38,Yes,1204.56,25-48 Months
CUST-04298,Female,34,53,Month-to-month,Fiber optic,Bank transfer,Yes,Yes,70.05,No,840.6,49-72 Months
CUST-04299,Male,62,23,Month-to-month,Fiber optic,Electronic check,Yes,No,110.54,Yes,1326.48,13-24 Months
CUST-04300,Male,42,44,Month-to-month,DSL,Electronic check,No,Yes,65.03,No,780.36,25-48 Months
CUST-04301,Male,28,16,One year,DSL,Mailed check,No,Yes,82.38,Yes,988.56,13-24 Months
CUST-04302,Female,62,41,Month-to-month,Fiber optic,Bank transfer,No,No,66.85,No,802.2,25-48 Months
CUST-04303,Male,47,6,One year,Fiber optic,Bank transfer,Yes,No,130.61,No,1567.32,0-6 Months
CUST-04304,Male,60,53,One year,DSL,Electronic check,No,Yes,62.18,No,746.16,49-72 Months
CUST-04305,Female,41,3,One year,Fiber optic,Electronic check,No,Yes,64.71,No,776.52,0-6 Months
CUST-04306,Female,24,72,One year,No internet,Bank transfer,Yes,Yes,75.21,No,902.52,49-72 Months
CUST-04307,Female,54,61,One year,DSL,Electronic check,No,No,64.53,No,774.36,49-72 Months
CUST-04308,Female,24,42,Month-to-month,Fiber optic,Mailed check,No,No,80.81,Yes,969.72,25-48 Months
CUST-04309,Female,53,66,Month-to-month,DSL,Mailed check,No,Yes,106.41,No,1276.92,49-72 Months
CUST-04310,Female,40,59,Two year,Fiber optic,Electronic check,No,No,76.12,No,913.44,49-72 Months
CUST-04311,Female,59,11,Two year,No internet,Credit card,No,Yes,77.16,No,925.92,7-12 Months
CUST-04312,Female,64,54,Month-to-month,No internet,Electronic check,No,No,65.58,Yes,786.96,49-72 Months
CUST-04313,Male,39,28,Two year,DSL,Bank transfer,Yes,No,57.86,No,694.32,25-48 Months
CUST-04314,Male,64,62,Two year,DSL,Bank transfer,Yes,No,74.7,No,896.4,49-72 Months
CUST-04315,Female,23,63,Month-to-month,No internet,Mailed check,No,No,72.21,No,866.52,49-72 Months
CUST-04316,Male,23,69,One year,DSL,Credit card,Yes,Yes,104.85,No,1258.2,49-72 Months
CUST-04317,Female,70,33,One year,No internet,Electronic check,No,Yes,45.15,No,541.8,25-48 Months
CUST-04318,Male,48,14,Month-to-month,Fiber optic,Credit card,Yes,Yes,112.73,No,1352.76,13-24 Months
CUST-04319,Female,41,10,Month-to-month,No internet,Electronic check,No,No,67.89,Yes,814.68,7-12 Months
CUST-04320,Male,26,12,Month-to-month,DSL,Credit card,No,Yes,76.16,No,913.92,7-12 Months
CUST-04321,Female,33,72,One year,Fiber optic,Electronic check,No,Yes,42.18,No,506.16,49-72 Months
CUST-04322,Male,54,43,Month-to-month,No internet,Mailed check,No,Yes,87.73,No,1052.76,25-48 Months
CUST-04323,Male,61,26,One year,DSL,Electronic check,No,Yes,45.11,No,541.32,25-48 Months
CUST-04324,Male,66,33,One year,No internet,Mailed check,No,Yes,82.45,No,989.4,25-48 Months
CUST-04325,Female,39,13,One year,Fiber optic,Electronic check,No,Yes,79.72,No,956.64,13-24 Months
CUST-04326,Male,42,42,Month-to-month,DSL,Electronic check,No,Yes,62.88,Yes,754.56,25-48 Months
CUST-04327,Female,26,31,Month-to-month,DSL,Electronic check,No,Yes,20.0,No,240.0,25-48 Months
CUST-04328,Male,22,58,Month-to-month,Fiber optic,Electronic check,No,Yes,132.5,No,1590.0,49-72 Months
CUST-04329,Male,41,2,Month-to-month,DSL,Bank transfer,Yes,No,42.48,No,509.76,0-6 Months
CUST-04330,Female,48,68,Month-to-month,DSL,Mailed check,No,Yes,79.64,No,955.68,49-72 Months
CUST-04331,Male,23,5,Month-to-month,Fiber optic,Electronic check,No,No,51.57,Yes,618.84,0-6 Months
CUST-04332,Male,39,31,Month-to-month,DSL,Credit card,No,No,101.34,Yes,1216.08,25-48 Months
CUST-04333,Female,52,25,One year,Fiber optic,Bank transfer,Yes,Yes,61.37,No,736.44,25-48 Months
CUST-04334,Female,60,52,Month-to-month,DSL,Electronic check,Yes,Yes,50.94,No,611.28,49-72 Months
CUST-04335,Female,67,48,Month-to-month,DSL,Mailed check,No,Yes,88.66,Yes,1063.92,25-48 Months
CUST-04336,Male,36,15,Two year,DSL,Mailed check,Yes,Yes,36.39,No,436.68,13-24 Months
CUST-04337,Female,38,36,Month-to-month,DSL,Bank transfer,No,Yes,60.43,No,725.16,25-48 Months
CUST-04338,Male,64,39,Two year,Fiber optic,Credit card,No,No,91.33,No,1095.96,25-48 Months
CUST-04339,Female,54,34,One year,Fiber optic,Bank transfer,No,Yes,114.19,No,1370.28,25-48 Months
CUST-04340,Female,32,2,Month-to-month,No internet,Credit card,No,Yes,45.05,No,540.6,0-6 Months
CUST-04341,Male,54,13,Two year,Fiber optic,Bank transfer,No,No,54.88,No,658.56,13-24 Months
CUST-04342,Male,26,37,Two year,Fiber optic,Credit card,No,Yes,81.86,No,982.32,25-48 Months
CUST-04343,Male,41,19,One year,Fiber optic,Mailed check,No,No,20.0,No,240.0,13-24 Months
CUST-04344,Male,34,40,Month-to-month,DSL,Bank transfer,No,No,110.01,No,1320.12,25-48 Months
CUST-04345,Male,70,12,Month-to-month,DSL,Bank transfer,No,Yes,44.01,No,528.12,7-12 Months
CUST-04346,Female,19,53,Month-to-month,Fiber optic,Bank transfer,No,Yes,59.75,No,717.0,49-72 Months
CUST-04347,Male,63,14,One year,Fiber optic,Electronic check,Yes,Yes,79.3,Yes,951.6,13-24 Months
CUST-04348,Male,32,47,Month-to-month,Fiber optic,Electronic check,No,No,73.43,No,881.16,25-48 Months
CUST-04349,Female,19,61,Month-to-month,Fiber optic,Electronic check,No,No,45.02,Yes,540.24,49-72 Months
CUST-04350,Male,52,26,Month-to-month,Fiber optic,Electronic check,No,No,120.2,No,1442.4,25-48 Months
CUST-04351,Female,53,11,Month-to-month,DSL,Credit card,No,Yes,20.0,Yes,240.0,7-12 Months
CUST-04352,Female,25,1,Month-to-month,DSL,Bank transfer,Yes,Yes,40.58,Yes,486.96,0-6 Months
CUST-04353,Female,20,26,Month-to-month,Fiber optic,Electronic check,No,Yes,54.17,No,650.04,25-48 Months
CUST-04354,Male,23,9,Two year,DSL,Mailed check,No,No,45.41,No,544.92,7-12 Months
CUST-04355,Male,39,64,Month-to-month,DSL,Electronic check,Yes,Yes,106.15,No,1273.8,49-72 Months
CUST-04356,Female,25,71,Month-to-month,Fiber optic,Credit card,No,Yes,25.57,No,306.84,49-72 Months
CUST-04357,Female,55,71,Month-to-month,Fiber optic,Credit card,Yes,Yes,115.61,No,1387.32,49-72 Months
CUST-04358,Male,22,67,Month-to-month,DSL,Electronic check,No,Yes,64.21,No,770.52,49-72 Months
CUST-04359,Female,59,43,One year,Fiber optic,Mailed check,No,No,33.89,Yes,406.68,25-48 Months
CUST-04360,Female,64,24,Month-to-month,DSL,Credit card,No,No,20.0,Yes,240.0,13-24 Months
CUST-04361,Male,55,33,Two year,DSL,Bank transfer,No,Yes,65.98,No,791.76,25-48 Months
CUST-04362,Female,68,19,Two year,No internet,Credit card,No,Yes,52.34,No,628.08,13-24 Months
CUST-04363,Male,67,61,Two year,Fiber optic,Mailed check,No,Yes,78.62,No,943.44,49-72 Months
CUST-04364,Female,20,32,Two year,Fiber optic,Electronic check,No,Yes,59.38,No,712.56,25-48 Months
CUST-04365,Female,36,28,Month-to-month,No internet,Bank transfer,No,Yes,98.76,No,1185.12,25-48 Months
CUST-04366,Female,58,50,One year,DSL,Electronic check,No,Yes,68.01,Yes,816.12,49-72 Months
CUST-04367,Male,36,27,Month-to-month,Fiber optic,Credit card,No,Yes,60.13,No,721.56,25-48 Months
CUST-04368,Male,57,26,One year,DSL,Bank transfer,No,No,99.25,No,1191.0,25-48 Months
CUST-04369,Female,59,17,Month-to-month,Fiber optic,Electronic check,No,No,78.39,No,940.68,13-24 Months
CUST-04370,Female,70,5,Month-to-month,DSL,Mailed check,No,No,93.69,No,1124.28,0-6 Months
CUST-04371,Female,35,3,Month-to-month,No internet,Credit card,Yes,Yes,104.16,No,1249.92,0-6 Months
CUST-04372,Male,36,30,One year,DSL,Credit card,No,Yes,63.77,No,765.24,25-48 Months
CUST-04373,Male,19,72,One year,DSL,Mailed check,No,Yes,73.07,No,876.84,49-72 Months
CUST-04374,Female,33,19,Month-to-month,No internet,Bank transfer,No,Yes,95.63,No,1147.56,13-24 Months
CUST-04375,Male,32,47,Month-to-month,DSL,Electronic check,No,Yes,20.0,Yes,240.0,25-48 Months
CUST-04376,Female,42,24,Month-to-month,Fiber optic,Credit card,No,Yes,69.15,Yes,829.8,13-24 Months
CUST-04377,Male,40,22,One year,DSL,Bank transfer,No,No,65.7,Yes,788.4,13-24 Months
CUST-04378,Male,63,12,Month-to-month,Fiber optic,Electronic check,No,No,82.47,No,989.64,7-12 Months
CUST-04379,Male,59,41,Month-to-month,Fiber optic,Bank transfer,No,No,49.57,No,594.84,25-48 Months
CUST-04380,Female,56,48,One year,DSL,Bank transfer,Yes,Yes,102.67,No,1232.04,25-48 Months
CUST-04381,Female,18,26,One year,Fiber optic,Bank transfer,Yes,No,51.34,Yes,616.08,25-48 Months
CUST-04382,Male,42,38,Two year,Fiber optic,Mailed check,No,Yes,59.15,No,709.8,25-48 Months
CUST-04383,Male,56,35,One year,DSL,Bank transfer,No,No,53.4,No,640.8,25-48 Months
CUST-04384,Female,30,20,Two year,Fiber optic,Credit card,No,Yes,106.44,No,1277.28,13-24 Months
CUST-04385,Male,40,50,Month-to-month,DSL,Mailed check,No,No,20.0,No,240.0,49-72 Months
CUST-04386,Female,56,40,Month-to-month,Fiber optic,Electronic check,No,No,122.03,Yes,1464.36,25-48 Months
CUST-04387,Male,60,5,Two year,DSL,Credit card,No,Yes,113.25,No,1359.0,0-6 Months
CUST-04388,Male,63,36,Month-to-month,No internet,Bank transfer,No,Yes,56.18,No,674.16,25-48 Months
CUST-04389,Male,40,29,One year,Fiber optic,Mailed check,No,No,100.75,No,1209.0,25-48 Months
CUST-04390,Female,39,58,Month-to-month,DSL,Credit card,No,No,75.64,No,907.68,49-72 Months
CUST-04391,Male,38,23,Month-to-month,Fiber optic,Electronic check,No,Yes,118.28,No,1419.36,13-24 Months
CUST-04392,Female,53,69,Month-to-month,Fiber optic,Credit card,Yes,Yes,98.62,No,1183.44,49-72 Months
CUST-04393,Male,40,45,One year,Fiber optic,Mailed check,No,Yes,133.41,Yes,1600.92,25-48 Months
CUST-04394,Male,39,10,One year,Fiber optic,Electronic check,No,Yes,28.26,No,339.12,7-12 Months
CUST-04395,Female,26,30,Month-to-month,Fiber optic,Credit card,No,Yes,77.36,No,928.32,25-48 Months
CUST-04396,Female,43,64,Month-to-month,DSL,Bank transfer,No,Yes,23.73,Yes,284.76,49-72 Months
CUST-04397,Male,30,19,Month-to-month,DSL,Electronic check,No,Yes,57.48,No,689.76,13-24 Months
CUST-04398,Male,45,51,Month-to-month,No internet,Credit card,Yes,Yes,134.99,No,1619.88,49-72 Months
CUST-04399,Male,65,57,Month-to-month,No internet,Credit card,No,No,85.11,No,1021.32,49-72 Months
CUST-04400,Female,59,50,Two year,Fiber optic,Credit card,No,Yes,99.57,No,1194.84,49-72 Months
CUST-04401,Male,43,7,Month-to-month,Fiber optic,Electronic check,No,Yes,86.39,No,1036.68,7-12 Months
CUST-04402,Male,69,27,Month-to-month,Fiber optic,Electronic check,No,Yes,84.61,Yes,1015.32,25-48 Months
CUST-04403,Male,69,26,Month-to-month,DSL,Bank transfer,Yes,No,57.37,Yes,688.44,25-48 Months
CUST-04404,Female,41,25,Month-to-month,DSL,Credit card,Yes,Yes,52.16,No,625.92,25-48 Months
CUST-04405,Male,58,64,Month-to-month,Fiber optic,Electronic check,Yes,Yes,56.62,Yes,679.44,49-72 Months
CUST-04406,Female,36,1,One year,Fiber optic,Mailed check,No,Yes,20.0,No,240.0,0-6 Months
CUST-04407,Male,64,39,One year,Fiber optic,Electronic check,No,Yes,69.7,No,836.4,25-48 Months
CUST-04408,Male,37,71,Two year,No internet,Mailed check,Yes,No,78.72,Yes,944.64,49-72 Months
CUST-04409,Male,31,64,Month-to-month,DSL,Bank transfer,No,Yes,54.66,No,655.92,49-72 Months
CUST-04410,Male,25,44,One year,DSL,Electronic check,No,Yes,68.34,No,820.08,25-48 Months
CUST-04411,Male,62,72,Two year,DSL,Bank transfer,No,Yes,86.7,No,1040.4,49-72 Months
CUST-04412,Female,33,29,Two year,Fiber optic,Bank transfer,No,Yes,96.77,No,1161.24,25-48 Months
CUST-04413,Male,61,45,Two year,Fiber optic,Mailed check,No,No,38.46,No,461.52,25-48 Months
CUST-04414,Female,22,40,Month-to-month,DSL,Credit card,No,No,49.75,No,597.0,25-48 Months
CUST-04415,Male,44,4,Two year,DSL,Electronic check,No,No,93.08,No,1116.96,0-6 Months
CUST-04416,Male,40,3,Two year,Fiber optic,Electronic check,No,Yes,88.49,No,1061.88,0-6 Months
CUST-04417,Male,41,65,One year,Fiber optic,Mailed check,Yes,Yes,109.64,No,1315.68,49-72 Months
CUST-04418,Male,26,13,One year,Fiber optic,Mailed check,Yes,No,108.48,No,1301.76,13-24 Months
CUST-04419,Female,21,26,Two year,Fiber optic,Electronic check,No,Yes,139.62,No,1675.44,25-48 Months
CUST-04420,Male,36,45,Month-to-month,Fiber optic,Credit card,No,No,63.8,Yes,765.6,25-48 Months
CUST-04421,Female,42,42,One year,Fiber optic,Electronic check,No,Yes,116.2,Yes,1394.4,25-48 Months
CUST-04422,Female,60,38,One year,DSL,Electronic check,No,Yes,46.24,No,554.88,25-48 Months
CUST-04423,Female,42,71,One year,DSL,Credit card,No,No,139.03,No,1668.36,49-72 Months
CUST-04424,Male,31,57,One year,DSL,Credit card,No,Yes,84.73,Yes,1016.76,49-72 Months
CUST-04425,Male,31,68,Month-to-month,DSL,Mailed check,Yes,No,87.18,No,1046.16,49-72 Months
CUST-04426,Female,50,48,Month-to-month,No internet,Electronic check,No,Yes,99.72,No,1196.64,25-48 Months
CUST-04427,Male,41,71,Month-to-month,No internet,Mailed check,No,Yes,34.05,Yes,408.6,49-72 Months
CUST-04428,Male,65,44,One year,Fiber optic,Electronic check,Yes,Yes,41.91,No,502.92,25-48 Months
CUST-04429,Female,41,40,One year,Fiber optic,Mailed check,No,Yes,75.24,Yes,902.88,25-48 Months
CUST-04430,Female,48,59,Two year,Fiber optic,Bank transfer,No,No,81.68,Yes,980.16,49-72 Months
CUST-04431,Female,21,63,One year,No internet,Mailed check,No,Yes,130.31,No,1563.72,49-72 Months
CUST-04432,Male,28,5,One year,Fiber optic,Mailed check,No,Yes,45.42,No,545.04,0-6 Months
CUST-04433,Female,63,66,Month-to-month,Fiber optic,Bank transfer,No,Yes,115.13,Yes,1381.56,49-72 Months
CUST-04434,Male,36,50,One year,DSL,Electronic check,Yes,No,64.56,No,774.72,49-72 Months
CUST-04435,Female,40,65,Two year,DSL,Electronic check,Yes,Yes,64.17,No,770.04,49-72 Months
CUST-04436,Female,49,52,One year,DSL,Credit card,No,Yes,67.41,No,808.92,49-72 Months
CUST-04437,Female,21,67,Two year,DSL,Electronic check,No,No,63.45,No,761.4,49-72 Months
CUST-04438,Female,44,20,Two year,DSL,Electronic check,No,No,85.62,No,1027.44,13-24 Months
CUST-04439,Male,36,14,Month-to-month,DSL,Electronic check,No,No,60.94,No,731.28,13-24 Months
CUST-04440,Male,25,15,One year,Fiber optic,Mailed check,No,No,32.51,No,390.12,13-24 Months
CUST-04441,Male,40,19,Month-to-month,DSL,Bank transfer,Yes,Yes,64.5,Yes,774.0,13-24 Months
CUST-04442,Male,41,16,Month-to-month,DSL,Mailed check,Yes,No,84.79,No,1017.48,13-24 Months
CUST-04443,Female,27,32,Month-to-month,Fiber optic,Mailed check,No,Yes,32.73,No,392.76,25-48 Months
CUST-04444,Male,46,15,Month-to-month,No internet,Mailed check,No,Yes,88.29,No,1059.48,13-24 Months
CUST-04445,Female,57,12,Month-to-month,No internet,Electronic check,No,Yes,105.05,No,1260.6,7-12 Months
CUST-04446,Male,32,38,One year,DSL,Credit card,No,Yes,113.44,No,1361.28,25-48 Months
CUST-04447,Male,69,58,Month-to-month,No internet,Credit card,No,Yes,81.45,No,977.4,49-72 Months
CUST-04448,Male,50,10,Month-to-month,Fiber optic,Mailed check,No,Yes,21.47,No,257.64,7-12 Months
CUST-04449,Female,58,37,Month-to-month,Fiber optic,Mailed check,No,No,90.13,Yes,1081.56,25-48 Months
CUST-04450,Female,21,48,Month-to-month,Fiber optic,Credit card,No,No,99.08,No,1188.96,25-48 Months
CUST-04451,Female,58,51,Two year,No internet,Electronic check,No,Yes,52.5,No,630.0,49-72 Months
CUST-04452,Male,35,8,Month-to-month,DSL,Electronic check,No,Yes,69.96,Yes,839.52,7-12 Months
CUST-04453,Male,55,53,Month-to-month,No internet,Credit card,No,Yes,85.54,No,1026.48,49-72 Months
CUST-04454,Female,60,2,Two year,DSL,Electronic check,Yes,Yes,122.04,No,1464.48,0-6 Months
CUST-04455,Female,31,18,Two year,DSL,Electronic check,No,No,64.84,No,778.08,13-24 Months
CUST-04456,Male,31,23,One year,Fiber optic,Mailed check,No,Yes,96.96,No,1163.52,13-24 Months
CUST-04457,Female,21,62,One year,Fiber optic,Bank transfer,No,Yes,80.86,No,970.32,49-72 Months
CUST-04458,Male,50,14,Month-to-month,DSL,Bank transfer,No,Yes,77.58,No,930.96,13-24 Months
CUST-04459,Male,59,57,One year,DSL,Electronic check,No,Yes,109.25,No,1311.0,49-72 Months
CUST-04460,Female,39,72,Month-to-month,Fiber optic,Bank transfer,No,Yes,48.72,No,584.64,49-72 Months
CUST-04461,Male,26,70,Month-to-month,No internet,Electronic check,No,No,78.45,Yes,941.4,49-72 Months
CUST-04462,Male,34,22,Month-to-month,DSL,Credit card,No,No,72.76,Yes,873.12,13-24 Months
CUST-04463,Female,39,7,One year,Fiber optic,Electronic check,No,Yes,29.81,No,357.72,7-12 Months
CUST-04464,Female,66,16,Month-to-month,No internet,Electronic check,No,No,106.51,Yes,1278.12,13-24 Months
CUST-04465,Male,24,56,Month-to-month,DSL,Bank transfer,No,No,95.21,No,1142.52,49-72 Months
CUST-04466,Male,36,15,Month-to-month,DSL,Electronic check,No,Yes,72.95,No,875.4,13-24 Months
CUST-04467,Female,51,47,One year,Fiber optic,Bank transfer,No,No,64.68,No,776.16,25-48 Months
CUST-04468,Female,30,27,Month-to-month,Fiber optic,Electronic check,Yes,Yes,72.01,No,864.12,25-48 Months
CUST-04469,Female,64,56,Month-to-month,Fiber optic,Mailed check,Yes,No,91.81,No,1101.72,49-72 Months
CUST-04470,Female,66,44,Month-to-month,DSL,Electronic check,No,Yes,73.48,Yes,881.76,25-48 Months
CUST-04471,Male,38,43,One year,DSL,Mailed check,No,No,53.31,Yes,639.72,25-48 Months
CUST-04472,Female,57,57,Month-to-month,No internet,Electronic check,No,No,57.52,No,690.24,49-72 Months
CUST-04473,Male,58,69,Two year,No internet,Electronic check,No,No,71.66,No,859.92,49-72 Months
CUST-04474,Male,54,27,Month-to-month,Fiber optic,Electronic check,No,Yes,45.89,Yes,550.68,25-48 Months
CUST-04475,Female,27,39,Month-to-month,No internet,Credit card,No,Yes,81.33,No,975.96,25-48 Months
CUST-04476,Male,20,46,Month-to-month,Fiber optic,Bank transfer,No,No,49.8,Yes,597.6,25-48 Months
CUST-04477,Female,36,60,Month-to-month,Fiber optic,Electronic check,No,No,45.28,Yes,543.36,49-72 Months
CUST-04478,Male,24,35,Month-to-month,DSL,Electronic check,No,No,160.0,Yes,1920.0,25-48 Months
CUST-04479,Female,33,27,Month-to-month,No internet,Electronic check,No,Yes,126.32,Yes,1515.84,25-48 Months
CUST-04480,Female,51,61,Two year,No internet,Electronic check,No,Yes,76.03,No,912.36,49-72 Months
CUST-04481,Male,49,69,Month-to-month,DSL,Mailed check,Yes,No,95.83,No,1149.96,49-72 Months
CUST-04482,Male,29,41,Month-to-month,Fiber optic,Mailed check,No,No,100.59,No,1207.08,25-48 Months
CUST-04483,Female,18,8,Month-to-month,Fiber optic,Credit card,Yes,Yes,69.89,No,838.68,7-12 Months
CUST-04484,Male,29,21,Month-to-month,Fiber optic,Credit card,No,No,79.92,No,959.04,13-24 Months
CUST-04485,Male,42,34,Month-to-month,DSL,Electronic check,No,Yes,64.66,No,775.92,25-48 Months
CUST-04486,Male,59,51,Month-to-month,DSL,Electronic check,Yes,Yes,107.16,Yes,1285.92,49-72 Months
CUST-04487,Female,37,49,Month-to-month,Fiber optic,Electronic check,Yes,Yes,107.54,No,1290.48,49-72 Months
CUST-04488,Male,33,60,Month-to-month,DSL,Electronic check,No,Yes,115.73,No,1388.76,49-72 Months
CUST-04489,Female,47,3,Two year,DSL,Mailed check,No,No,79.45,No,953.4,0-6 Months
CUST-04490,Male,21,34,One year,DSL,Electronic check,No,Yes,132.7,No,1592.4,25-48 Months
CUST-04491,Male,29,51,Two year,Fiber optic,Electronic check,No,No,69.86,No,838.32,49-72 Months
CUST-04492,Male,19,72,Month-to-month,Fiber optic,Electronic check,No,Yes,129.31,No,1551.72,49-72 Months
CUST-04493,Female,45,11,Two year,DSL,Bank transfer,No,No,59.03,Yes,708.36,7-12 Months
CUST-04494,Male,41,64,Month-to-month,DSL,Electronic check,No,Yes,35.67,Yes,428.04,49-72 Months
CUST-04495,Male,48,1,Month-to-month,Fiber optic,Credit card,Yes,Yes,128.78,Yes,1545.36,0-6 Months
CUST-04496,Female,50,15,Two year,Fiber optic,Mailed check,No,Yes,90.49,No,1085.88,13-24 Months
CUST-04497,Male,38,61,Month-to-month,No internet,Electronic check,No,No,86.54,Yes,1038.48,49-72 Months
CUST-04498,Male,64,57,Month-to-month,DSL,Mailed check,No,No,61.91,Yes,742.92,49-72 Months
CUST-04499,Male,66,71,Two year,Fiber optic,Mailed check,Yes,Yes,48.34,No,580.08,49-72 Months
CUST-04500,Male,23,44,One year,DSL,Mailed check,No,Yes,50.99,No,611.88,25-48 Months
CUST-04501,Female,66,45,Month-to-month,DSL,Mailed check,No,Yes,75.88,No,910.56,25-48 Months
CUST-04502,Female,28,39,Month-to-month,Fiber optic,Electronic check,No,Yes,67.79,Yes,813.48,25-48 Months
CUST-04503,Female,31,37,Month-to-month,Fiber optic,Electronic check,No,Yes,20.0,No,240.0,25-48 Months
CUST-04504,Female,46,38,Two year,No internet,Electronic check,No,No,119.43,No,1433.16,25-48 Months
CUST-04505,Male,19,22,Month-to-month,DSL,Bank transfer,Yes,No,60.25,No,723.0,13-24 Months
CUST-04506,Male,37,62,Month-to-month,Fiber optic,Bank transfer,Yes,Yes,106.68,Yes,1280.16,49-72 Months
CUST-04507,Male,28,26,Month-to-month,DSL,Bank transfer,No,No,52.24,No,626.88,25-48 Months
CUST-04508,Female,43,44,Two year,DSL,Credit card,No,No,76.34,No,916.08,25-48 Months
CUST-04509,Male,61,49,One year,DSL,Mailed check,No,Yes,99.22,No,1190.64,49-72 Months
CUST-04510,Female,66,39,Month-to-month,Fiber optic,Credit card,No,No,95.36,No,1144.32,25-48 Months
CUST-04511,Male,29,45,Two year,Fiber optic,Mailed check,No,Yes,64.5,No,774.0,25-48 Months
CUST-04512,Female,46,4,Month-to-month,Fiber optic,Mailed check,Yes,Yes,86.26,No,1035.12,0-6 Months
CUST-04513,Male,43,23,Two year,No internet,Bank transfer,No,Yes,90.93,Yes,1091.16,13-24 Months
CUST-04514,Female,40,33,Month-to-month,DSL,Electronic check,No,Yes,67.86,No,814.32,25-48 Months
CUST-04515,Female,51,29,Month-to-month,DSL,Electronic check,No,Yes,40.82,No,489.84,25-48 Months
CUST-04516,Female,70,66,Month-to-month,Fiber optic,Mailed check,No,No,54.51,Yes,654.12,49-72 Months
CUST-04517,Male,39,65,Two year,DSL,Electronic check,No,Yes,61.38,No,736.56,49-72 Months
CUST-04518,Male,21,52,Two year,DSL,Electronic check,No,Yes,72.73,No,872.76,49-72 Months
CUST-04519,Female,66,26,One year,DSL,Credit card,No,No,116.59,No,1399.08,25-48 Months
CUST-04520,Male,67,4,Month-to-month,Fiber optic,Mailed check,No,No,97.41,No,1168.92,0-6 Months
CUST-04521,Female,35,55,Month-to-month,DSL,Electronic check,No,No,49.15,Yes,589.8,49-72 Months
CUST-04522,Female,44,64,Month-to-month,Fiber optic,Electronic check,No,No,123.42,No,1481.04,49-72 Months
CUST-04523,Female,63,36,Month-to-month,Fiber optic,Credit card,No,No,69.79,No,837.48,25-48 Months
CUST-04524,Female,44,60,Month-to-month,DSL,Credit card,No,No,90.82,No,1089.84,49-72 Months
CUST-04525,Female,43,68,One year,Fiber optic,Bank transfer,No,Yes,45.71,No,548.52,49-72 Months
CUST-04526,Male,66,40,One year,Fiber optic,Electronic check,No,Yes,59.34,No,712.08,25-48 Months
CUST-04527,Male,61,16,Two year,No internet,Mailed check,No,Yes,101.06,No,1212.72,13-24 Months
CUST-04528,Male,44,2,Month-to-month,Fiber optic,Electronic check,Yes,Yes,47.39,No,568.68,0-6 Months
CUST-04529,Male,26,55,Month-to-month,DSL,Bank transfer,No,Yes,73.54,No,882.48,49-72 Months
CUST-04530,Female,41,41,Month-to-month,DSL,Mailed check,No,Yes,85.19,No,1022.28,25-48 Months
CUST-04531,Male,53,12,Month-to-month,DSL,Bank transfer,No,Yes,43.36,No,520.32,7-12 Months
CUST-04532,Male,32,4,One year,Fiber optic,Mailed check,No,Yes,22.23,No,266.76,0-6 Months
CUST-04533,Female,46,70,One year,DSL,Credit card,No,Yes,97.41,Yes,1168.92,49-72 Months
CUST-04534,Female,52,24,Month-to-month,DSL,Mailed check,No,Yes,152.17,No,1826.04,13-24 Months
CUST-04535,Male,22,24,Month-to-month,Fiber optic,Mailed check,No,Yes,84.85,No,1018.2,13-24 Months
CUST-04536,Female,48,46,Two year,DSL,Mailed check,Yes,Yes,90.22,No,1082.64,25-48 Months
CUST-04537,Male,57,27,Month-to-month,No internet,Bank transfer,No,Yes,47.25,No,567.0,25-48 Months
CUST-04538,Female,29,66,Month-to-month,Fiber optic,Credit card,No,Yes,113.15,Yes,1357.8,49-72 Months
CUST-04539,Female,47,50,One year,Fiber optic,Mailed check,No,No,61.45,Yes,737.4,49-72 Months
CUST-04540,Female,55,26,One year,DSL,Credit card,No,No,104.58,Yes,1254.96,25-48 Months
CUST-04541,Female,20,20,Month-to-month,DSL,Mailed check,No,Yes,89.0,No,1068.0,13-24 Months
CUST-04542,Female,52,62,Two year,DSL,Electronic check,No,No,89.69,No,1076.28,49-72 Months
CUST-04543,Female,31,43,Two year,Fiber optic,Electronic check,No,No,88.61,No,1063.32,25-48 Months
CUST-04544,Female,39,67,Month-to-month,Fiber optic,Electronic check,No,No,87.72,No,1052.64,49-72 Months
CUST-04545,Male,52,25,Month-to-month,DSL,Credit card,No,No,79.93,Yes,959.16,25-48 Months
CUST-04546,Female,18,2,One year,No internet,Electronic check,No,Yes,99.14,No,1189.68,0-6 Months
CUST-04547,Female,18,65,One year,Fiber optic,Electronic check,No,Yes,51.67,No,620.04,49-72 Months
CUST-04548,Female,41,18,Month-to-month,DSL,Electronic check,No,Yes,65.31,No,783.72,13-24 Months
CUST-04549,Female,68,61,Month-to-month,Fiber optic,Bank transfer,No,Yes,113.11,Yes,1357.32,49-72 Months
CUST-04550,Female,18,52,One year,Fiber optic,Credit card,No,Yes,76.84,No,922.08,49-72 Months
CUST-04551,Male,59,17,Month-to-month,DSL,Credit card,No,No,62.87,No,754.44,13-24 Months
CUST-04552,Male,21,55,Month-to-month,Fiber optic,Electronic check,No,Yes,100.98,Yes,1211.76,49-72 Months
CUST-04553,Male,43,6,Month-to-month,DSL,Mailed check,Yes,Yes,95.45,No,1145.4,0-6 Months
CUST-04554,Female,40,29,Month-to-month,Fiber optic,Electronic check,No,No,35.61,Yes,427.32,25-48 Months
CUST-04555,Female,42,26,Two year,DSL,Credit card,No,Yes,92.44,No,1109.28,25-48 Months
CUST-04556,Male,22,48,One year,Fiber optic,Electronic check,Yes,Yes,75.85,No,910.2,25-48 Months
CUST-04557,Male,57,39,Month-to-month,DSL,Credit card,Yes,Yes,91.93,No,1103.16,25-48 Months
CUST-04558,Female,32,45,Two year,No internet,Credit card,Yes,Yes,72.3,No,867.6,25-48 Months
CUST-04559,Female,58,35,Month-to-month,Fiber optic,Bank transfer,No,Yes,85.0,Yes,1020.0,25-48 Months
CUST-04560,Female,52,54,Month-to-month,Fiber optic,Bank transfer,No,Yes,20.73,No,248.76,49-72 Months
CUST-04561,Male,47,12,Month-to-month,No internet,Electronic check,No,Yes,46.94,No,563.28,7-12 Months
CUST-04562,Male,34,52,One year,Fiber optic,Electronic check,No,Yes,92.72,No,1112.64,49-72 Months
CUST-04563,Male,52,4,One year,DSL,Mailed check,No,No,145.4,Yes,1744.8,0-6 Months
CUST-04564,Male,70,7,One year,DSL,Electronic check,No,Yes,82.28,No,987.36,7-12 Months
CUST-04565,Female,66,53,Month-to-month,No internet,Bank transfer,No,Yes,52.6,Yes,631.2,49-72 Months
CUST-04566,Male,66,12,Month-to-month,Fiber optic,Mailed check,No,Yes,75.79,Yes,909.48,7-12 Months
CUST-04567,Female,29,56,Month-to-month,Fiber optic,Credit card,No,No,46.98,Yes,563.76,49-72 Months
CUST-04568,Female,49,10,Two year,Fiber optic,Credit card,No,No,107.0,No,1284.0,7-12 Months
CUST-04569,Male,39,11,Month-to-month,Fiber optic,Electronic check,No,Yes,73.35,Yes,880.2,7-12 Months
CUST-04570,Male,69,68,One year,Fiber optic,Electronic check,Yes,Yes,101.49,No,1217.88,49-72 Months
CUST-04571,Female,68,13,One year,No internet,Mailed check,No,Yes,67.7,No,812.4,13-24 Months
CUST-04572,Male,64,66,Month-to-month,Fiber optic,Electronic check,No,No,103.97,Yes,1247.64,49-72 Months
CUST-04573,Male,26,26,Month-to-month,Fiber optic,Bank transfer,No,No,26.54,No,318.48,25-48 Months
CUST-04574,Female,34,58,Month-to-month,Fiber optic,Bank transfer,No,Yes,72.69,No,872.28,49-72 Months
CUST-04575,Female,55,68,One year,Fiber optic,Bank transfer,No,Yes,87.11,No,1045.32,49-72 Months
CUST-04576,Female,57,9,Two year,DSL,Mailed check,Yes,Yes,64.49,No,773.88,7-12 Months
CUST-04577,Male,36,24,Month-to-month,Fiber optic,Credit card,No,No,82.07,No,984.84,13-24 Months
CUST-04578,Male,25,42,Two year,DSL,Bank transfer,No,Yes,81.59,No,979.08,25-48 Months
CUST-04579,Male,25,63,Month-to-month,DSL,Credit card,No,Yes,101.37,No,1216.44,49-72 Months
CUST-04580,Male,54,14,Month-to-month,Fiber optic,Credit card,No,No,89.4,Yes,1072.8,13-24 Months
CUST-04581,Male,42,14,Two year,DSL,Bank transfer,No,Yes,83.0,No,996.0,13-24 Months
CUST-04582,Female,44,27,Two year,Fiber optic,Electronic check,No,No,96.62,No,1159.44,25-48 Months
CUST-04583,Male,61,15,Month-to-month,Fiber optic,Credit card,No,Yes,34.11,Yes,409.32,13-24 Months
CUST-04584,Female,18,20,One year,No internet,Electronic check,Yes,No,50.93,No,611.16,13-24 Months
CUST-04585,Female,57,10,Two year,No internet,Mailed check,No,No,33.21,No,398.52,7-12 Months
CUST-04586,Female,32,60,One year,Fiber optic,Mailed check,No,Yes,87.36,No,1048.32,49-72 Months
CUST-04587,Male,67,58,One year,DSL,Electronic check,No,Yes,83.59,No,1003.08,49-72 Months
CUST-04588,Male,68,11,Month-to-month,Fiber optic,Electronic check,Yes,Yes,110.79,Yes,1329.48,7-12 Months
CUST-04589,Female,44,39,Month-to-month,DSL,Electronic check,Yes,No,81.85,No,982.2,25-48 Months
CUST-04590,Male,34,47,One year,DSL,Credit card,No,Yes,54.31,No,651.72,25-48 Months
CUST-04591,Female,30,46,Month-to-month,Fiber optic,Bank transfer,No,No,75.75,No,909.0,25-48 Months
CUST-04592,Male,27,71,Month-to-month,No internet,Credit card,No,No,20.0,Yes,240.0,49-72 Months
CUST-04593,Male,70,47,Month-to-month,DSL,Credit card,No,No,60.57,No,726.84,25-48 Months
CUST-04594,Female,27,50,Month-to-month,Fiber optic,Mailed check,No,Yes,20.0,No,240.0,49-72 Months
CUST-04595,Female,41,3,Month-to-month,DSL,Bank transfer,No,Yes,81.2,No,974.4,0-6 Months
CUST-04596,Male,43,6,Month-to-month,DSL,Bank transfer,No,Yes,64.18,No,770.16,0-6 Months
CUST-04597,Female,53,45,Month-to-month,Fiber optic,Electronic check,No,Yes,68.3,No,819.6,25-48 Months
CUST-04598,Male,62,66,Month-to-month,DSL,Credit card,No,Yes,45.92,Yes,551.04,49-72 Months
CUST-04599,Female,47,29,Two year,DSL,Credit card,No,Yes,53.27,No,639.24,25-48 Months
CUST-04600,Female,58,47,One year,No internet,Electronic check,No,No,91.39,Yes,1096.68,25-48 Months
CUST-04601,Female,48,16,Month-to-month,Fiber optic,Credit card,Yes,Yes,31.79,Yes,381.48,13-24 Months
CUST-04602,Female,41,33,Month-to-month,DSL,Electronic check,Yes,Yes,86.16,No,1033.92,25-48 Months
CUST-04603,Male,26,55,Month-to-month,DSL,Credit card,No,Yes,49.29,Yes,591.48,49-72 Months
CUST-04604,Female,29,48,One year,No internet,Bank transfer,No,No,24.93,No,299.16,25-48 Months
CUST-04605,Male,40,9,One year,Fiber optic,Electronic check,No,No,106.34,Yes,1276.08,7-12 Months
CUST-04606,Male,20,64,One year,DSL,Credit card,No,Yes,109.22,No,1310.64,49-72 Months
CUST-04607,Male,34,67,One year,No internet,Mailed check,No,Yes,56.89,No,682.68,49-72 Months
CUST-04608,Male,42,35,Month-to-month,Fiber optic,Electronic check,Yes,Yes,56.62,No,679.44,25-48 Months
CUST-04609,Female,43,25,Month-to-month,Fiber optic,Credit card,No,No,64.98,Yes,779.76,25-48 Months
CUST-04610,Male,61,39,Month-to-month,DSL,Bank transfer,No,Yes,49.32,No,591.84,25-48 Months
CUST-04611,Male,69,58,Month-to-month,DSL,Mailed check,No,Yes,54.25,No,651.0,49-72 Months
CUST-04612,Male,56,33,Month-to-month,DSL,Bank transfer,No,No,84.6,No,1015.2,25-48 Months
CUST-04613,Female,22,3,One year,Fiber optic,Electronic check,No,Yes,130.07,No,1560.84,0-6 Months
CUST-04614,Female,39,6,Month-to-month,DSL,Electronic check,No,Yes,62.07,Yes,744.84,0-6 Months
CUST-04615,Female,56,59,One year,Fiber optic,Bank transfer,No,Yes,100.65,No,1207.8,49-72 Months
CUST-04616,Male,49,57,Month-to-month,DSL,Electronic check,No,No,81.88,No,982.56,49-72 Months
CUST-04617,Male,42,56,Month-to-month,Fiber optic,Mailed check,No,Yes,25.18,Yes,302.16,49-72 Months
CUST-04618,Female,41,10,One year,Fiber optic,Credit card,No,No,71.32,No,855.84,7-12 Months
CUST-04619,Female,39,13,Month-to-month,No internet,Credit card,No,No,67.8,Yes,813.6,13-24 Months
CUST-04620,Female,48,29,Month-to-month,DSL,Mailed check,No,No,113.01,No,1356.12,25-48 Months
CUST-04621,Female,27,17,Month-to-month,Fiber optic,Bank transfer,No,Yes,114.14,No,1369.68,13-24 Months
CUST-04622,Female,45,28,One year,Fiber optic,Credit card,No,Yes,82.55,No,990.6,25-48 Months
CUST-04623,Female,28,41,Month-to-month,DSL,Credit card,No,No,106.0,No,1272.0,25-48 Months
CUST-04624,Male,54,21,Two year,No internet,Electronic check,No,No,67.9,No,814.8,13-24 Months
CUST-04625,Male,63,9,Two year,Fiber optic,Mailed check,No,No,103.34,No,1240.08,7-12 Months
CUST-04626,Male,44,29,Two year,No internet,Electronic check,No,No,74.81,No,897.72,25-48 Months
CUST-04627,Male,38,53,Month-to-month,Fiber optic,Electronic check,No,No,102.73,Yes,1232.76,49-72 Months
CUST-04628,Male,67,45,One year,DSL,Electronic check,Yes,Yes,105.58,No,1266.96,25-48 Months
CUST-04629,Female,52,24,Month-to-month,Fiber optic,Bank transfer,No,Yes,92.06,No,1104.72,13-24 Months
CUST-04630,Male,40,23,Two year,Fiber optic,Credit card,No,Yes,51.24,No,614.88,13-24 Months
CUST-04631,Male,19,43,Month-to-month,No internet,Credit card,No,Yes,60.22,No,722.64,25-48 Months
CUST-04632,Male,18,13,Month-to-month,Fiber optic,Mailed check,Yes,Yes,93.06,No,1116.72,13-24 Months
CUST-04633,Male,29,61,Month-to-month,No internet,Mailed check,No,Yes,97.02,Yes,1164.24,49-72 Months
CUST-04634,Male,30,63,Two year,Fiber optic,Electronic check,No,Yes,76.43,No,917.16,49-72 Months
CUST-04635,Male,56,2,Two year,Fiber optic,Electronic check,No,Yes,63.26,No,759.12,0-6 Months
CUST-04636,Female,44,70,Month-to-month,No internet,Electronic check,No,No,77.36,No,928.32,49-72 Months
CUST-04637,Female,70,2,Month-to-month,DSL,Credit card,Yes,Yes,64.2,Yes,770.4,0-6 Months
CUST-04638,Male,46,34,One year,Fiber optic,Electronic check,Yes,Yes,64.36,Yes,772.32,25-48 Months
CUST-04639,Female,65,49,Two year,DSL,Bank transfer,Yes,No,126.88,No,1522.56,49-72 Months
CUST-04640,Female,47,24,One year,Fiber optic,Electronic check,No,Yes,58.69,No,704.28,13-24 Months
CUST-04641,Female,36,15,Month-to-month,No internet,Mailed check,No,Yes,86.22,No,1034.64,13-24 Months
CUST-04642,Male,55,4,One year,Fiber optic,Credit card,Yes,Yes,76.28,Yes,915.36,0-6 Months
CUST-04643,Female,41,53,Two year,DSL,Credit card,No,Yes,37.66,No,451.92,49-72 Months
CUST-04644,Male,32,3,Month-to-month,Fiber optic,Electronic check,No,Yes,36.69,No,440.28,0-6 Months
CUST-04645,Male,43,35,Month-to-month,DSL,Credit card,No,No,69.73,No,836.76,25-48 Months
CUST-04646,Male,53,29,Month-to-month,No internet,Electronic check,No,Yes,20.0,Yes,240.0,25-48 Months
CUST-04647,Female,37,70,Month-to-month,DSL,Credit card,No,No,123.25,No,1479.0,49-72 Months
CUST-04648,Male,55,67,One year,Fiber optic,Electronic check,No,Yes,61.87,No,742.44,49-72 Months
CUST-04649,Male,69,59,Month-to-month,Fiber optic,Mailed check,No,Yes,59.59,Yes,715.08,49-72 Months
CUST-04650,Male,39,53,Month-to-month,Fiber optic,Bank transfer,No,No,106.25,Yes,1275.0,49-72 Months
CUST-04651,Male,33,40,Month-to-month,No internet,Credit card,No,No,68.06,No,816.72,25-48 Months
CUST-04652,Female,39,26,Two year,Fiber optic,Credit card,No,Yes,90.23,No,1082.76,25-48 Months
CUST-04653,Male,62,12,Two year,DSL,Electronic check,No,No,55.97,No,671.64,7-12 Months
CUST-04654,Male,27,70,Month-to-month,Fiber optic,Credit card,No,Yes,73.27,No,879.24,49-72 Months
CUST-04655,Male,69,28,One year,No internet,Electronic check,No,No,99.12,No,1189.44,25-48 Months
CUST-04656,Male,39,31,Month-to-month,DSL,Electronic check,No,Yes,47.87,No,574.44,25-48 Months
CUST-04657,Male,62,11,Two year,DSL,Electronic check,No,Yes,86.78,Yes,1041.36,7-12 Months
CUST-04658,Female,59,20,One year,No internet,Electronic check,Yes,Yes,20.0,No,240.0,13-24 Months
CUST-04659,Male,59,46,Month-to-month,No internet,Electronic check,No,No,107.43,No,1289.16,25-48 Months
CUST-04660,Male,66,31,Two year,DSL,Bank transfer,No,Yes,56.42,No,677.04,25-48 Months
CUST-04661,Female,27,43,Month-to-month,DSL,Electronic check,Yes,No,69.6,Yes,835.2,25-48 Months
CUST-04662,Female,49,16,One year,DSL,Bank transfer,Yes,Yes,69.26,No,831.12,13-24 Months
CUST-04663,Male,23,6,Month-to-month,Fiber optic,Electronic check,Yes,Yes,44.7,Yes,536.4,0-6 Months
CUST-04664,Male,33,64,One year,Fiber optic,Bank transfer,No,Yes,42.55,No,510.6,49-72 Months
CUST-04665,Male,20,32,Month-to-month,DSL,Electronic check,No,No,86.6,No,1039.2,25-48 Months
CUST-04666,Female,54,27,Month-to-month,DSL,Electronic check,Yes,Yes,87.91,No,1054.92,25-48 Months
CUST-04667,Male,50,21,Month-to-month,Fiber optic,Bank transfer,No,Yes,47.21,Yes,566.52,13-24 Months
CUST-04668,Male,57,48,Two year,Fiber optic,Credit card,No,Yes,87.15,No,1045.8,25-48 Months
CUST-04669,Female,27,41,Month-to-month,DSL,Credit card,No,No,87.62,No,1051.44,25-48 Months
CUST-04670,Male,35,29,One year,Fiber optic,Mailed check,No,Yes,61.41,No,736.92,25-48 Months
CUST-04671,Male,53,68,Month-to-month,DSL,Credit card,No,Yes,35.78,No,429.36,49-72 Months
CUST-04672,Female,61,65,Two year,DSL,Bank transfer,Yes,Yes,70.95,Yes,851.4,49-72 Months
CUST-04673,Male,64,15,Month-to-month,Fiber optic,Credit card,No,Yes,82.22,No,986.64,13-24 Months
CUST-04674,Female,21,47,One year,Fiber optic,Electronic check,Yes,Yes,70.35,No,844.2,25-48 Months
CUST-04675,Female,39,70,Two year,Fiber optic,Electronic check,Yes,Yes,55.41,No,664.92,49-72 Months
CUST-04676,Male,18,36,Month-to-month,Fiber optic,Electronic check,No,No,85.08,Yes,1020.96,25-48 Months
CUST-04677,Female,61,3,Month-to-month,DSL,Credit card,Yes,No,107.43,No,1289.16,0-6 Months
CUST-04678,Female,24,10,Two year,DSL,Electronic check,Yes,Yes,50.43,No,605.16,7-12 Months
CUST-04679,Female,61,49,Month-to-month,DSL,Electronic check,No,Yes,63.66,No,763.92,49-72 Months
CUST-04680,Male,26,65,Month-to-month,Fiber optic,Bank transfer,No,No,148.81,Yes,1785.72,49-72 Months
CUST-04681,Male,18,10,Month-to-month,DSL,Credit card,Yes,Yes,80.14,No,961.68,7-12 Months
CUST-04682,Male,64,40,Two year,Fiber optic,Bank transfer,No,Yes,36.53,Yes,438.36,25-48 Months
CUST-04683,Female,41,36,Two year,DSL,Bank transfer,No,No,58.63,No,703.56,25-48 Months
CUST-04684,Male,40,21,One year,Fiber optic,Electronic check,No,Yes,50.81,No,609.72,13-24 Months
CUST-04685,Female,52,46,One year,DSL,Credit card,Yes,Yes,82.65,No,991.8,25-48 Months
CUST-04686,Female,32,64,Month-to-month,DSL,Electronic check,No,No,80.62,No,967.44,49-72 Months
CUST-04687,Female,54,18,Month-to-month,Fiber optic,Electronic check,No,Yes,54.18,No,650.16,13-24 Months
CUST-04688,Male,40,4,Month-to-month,No internet,Mailed check,No,No,123.98,No,1487.76,0-6 Months
CUST-04689,Male,32,26,Month-to-month,Fiber optic,Electronic check,No,Yes,74.38,Yes,892.56,25-48 Months
CUST-04690,Female,38,23,Month-to-month,Fiber optic,Bank transfer,No,Yes,59.24,No,710.88,13-24 Months
CUST-04691,Male,18,53,One year,DSL,Bank transfer,Yes,No,37.81,No,453.72,49-72 Months
CUST-04692,Male,33,39,Month-to-month,DSL,Electronic check,No,No,46.95,No,563.4,25-48 Months
CUST-04693,Female,49,2,Month-to-month,Fiber optic,Electronic check,No,No,37.11,No,445.32,0-6 Months
CUST-04694,Female,25,25,Month-to-month,Fiber optic,Electronic check,Yes,Yes,66.66,Yes,799.92,25-48 Months
CUST-04695,Female,24,53,Month-to-month,Fiber optic,Electronic check,No,No,47.22,No,566.64,49-72 Months
CUST-04696,Female,52,35,Month-to-month,DSL,Credit card,No,Yes,93.95,No,1127.4,25-48 Months
CUST-04697,Male,40,41,Month-to-month,DSL,Bank transfer,No,Yes,55.64,Yes,667.68,25-48 Months
CUST-04698,Male,25,20,Month-to-month,Fiber optic,Electronic check,No,No,95.53,No,1146.36,13-24 Months
CUST-04699,Male,57,23,Month-to-month,Fiber optic,Electronic check,No,Yes,85.76,Yes,1029.12,13-24 Months
CUST-04700,Male,59,10,One year,No internet,Credit card,Yes,Yes,90.07,No,1080.84,7-12 Months
CUST-04701,Female,19,6,Two year,No internet,Credit card,No,No,97.11,No,1165.32,0-6 Months
CUST-04702,Male,28,3,One year,Fiber optic,Credit card,No,No,127.81,No,1533.72,0-6 Months
CUST-04703,Female,37,45,One year,DSL,Electronic check,No,Yes,48.23,No,578.76,25-48 Months
CUST-04704,Female,56,12,Two year,Fiber optic,Mailed check,No,Yes,95.69,No,1148.28,7-12 Months
CUST-04705,Female,21,42,Month-to-month,Fiber optic,Electronic check,No,No,83.15,No,997.8,25-48 Months
CUST-04706,Male,60,69,One year,DSL,Credit card,Yes,Yes,101.77,No,1221.24,49-72 Months
CUST-04707,Male,34,51,Month-to-month,No internet,Mailed check,Yes,Yes,75.1,No,901.2,49-72 Months
CUST-04708,Female,24,42,Month-to-month,Fiber optic,Bank transfer,No,Yes,104.93,No,1259.16,25-48 Months
CUST-04709,Female,63,9,Month-to-month,No internet,Electronic check,No,Yes,35.84,Yes,430.08,7-12 Months
CUST-04710,Male,22,36,Month-to-month,DSL,Bank transfer,No,Yes,43.88,No,526.56,25-48 Months
CUST-04711,Male,24,65,One year,DSL,Electronic check,No,No,56.06,No,672.72,49-72 Months
CUST-04712,Female,68,28,Month-to-month,DSL,Credit card,No,No,69.91,Yes,838.92,25-48 Months
CUST-04713,Female,45,60,One year,DSL,Electronic check,No,Yes,73.3,No,879.6,49-72 Months
CUST-04714,Male,42,52,Two year,No internet,Credit card,No,Yes,51.28,No,615.36,49-72 Months
CUST-04715,Male,54,20,Month-to-month,Fiber optic,Electronic check,No,No,44.26,No,531.12,13-24 Months
CUST-04716,Female,51,11,Month-to-month,DSL,Bank transfer,No,Yes,53.65,No,643.8,7-12 Months
CUST-04717,Female,50,2,Month-to-month,Fiber optic,Bank transfer,No,No,24.14,No,289.68,0-6 Months
CUST-04718,Female,19,20,Month-to-month,DSL,Mailed check,No,Yes,63.93,Yes,767.16,13-24 Months
CUST-04719,Male,47,24,Two year,Fiber optic,Electronic check,No,No,70.36,Yes,844.32,13-24 Months
CUST-04720,Male,32,48,One year,Fiber optic,Mailed check,No,Yes,84.35,No,1012.2,25-48 Months
CUST-04721,Female,60,42,One year,DSL,Electronic check,Yes,No,76.67,No,920.04,25-48 Months
CUST-04722,Female,44,35,Month-to-month,Fiber optic,Bank transfer,No,No,122.22,No,1466.64,25-48 Months
CUST-04723,Female,24,53,One year,Fiber optic,Electronic check,No,Yes,94.75,Yes,1137.0,49-72 Months
CUST-04724,Male,64,56,One year,Fiber optic,Electronic check,No,No,92.64,Yes,1111.68,49-72 Months
CUST-04725,Male,33,52,Month-to-month,DSL,Electronic check,No,Yes,82.21,No,986.52,49-72 Months
CUST-04726,Male,32,65,Month-to-month,Fiber optic,Electronic check,Yes,Yes,87.0,No,1044.0,49-72 Months
CUST-04727,Male,67,26,Month-to-month,Fiber optic,Electronic check,Yes,No,65.82,Yes,789.84,25-48 Months
CUST-04728,Female,59,60,Month-to-month,DSL,Bank transfer,Yes,Yes,74.79,No,897.48,49-72 Months
CUST-04729,Male,63,31,Two year,No internet,Electronic check,Yes,Yes,125.8,No,1509.6,25-48 Months
CUST-04730,Female,53,14,One year,DSL,Credit card,No,Yes,70.04,Yes,840.48,13-24 Months
CUST-04731,Female,66,11,Month-to-month,Fiber optic,Bank transfer,Yes,Yes,34.71,No,416.52,7-12 Months
CUST-04732,Female,24,7,Two year,No internet,Mailed check,No,Yes,91.51,No,1098.12,7-12 Months
CUST-04733,Female,49,69,Month-to-month,DSL,Credit card,No,Yes,96.51,No,1158.12,49-72 Months
CUST-04734,Male,33,13,Month-to-month,DSL,Bank transfer,No,Yes,76.33,No,915.96,13-24 Months
CUST-04735,Female,39,61,Two year,DSL,Bank transfer,No,Yes,20.0,No,240.0,49-72 Months
CUST-04736,Male,30,57,Two year,Fiber optic,Electronic check,No,Yes,108.02,Yes,1296.24,49-72 Months
CUST-04737,Male,28,32,One year,DSL,Bank transfer,No,No,78.44,Yes,941.28,25-48 Months
CUST-04738,Male,41,66,Month-to-month,DSL,Electronic check,Yes,No,63.31,Yes,759.72,49-72 Months
CUST-04739,Male,66,66,Two year,Fiber optic,Mailed check,No,Yes,105.27,No,1263.24,49-72 Months
CUST-04740,Female,51,67,One year,Fiber optic,Electronic check,No,Yes,20.0,Yes,240.0,49-72 Months
CUST-04741,Male,36,36,One year,Fiber optic,Mailed check,No,Yes,75.13,Yes,901.56,25-48 Months
CUST-04742,Male,40,22,Month-to-month,DSL,Bank transfer,Yes,Yes,56.86,No,682.32,13-24 Months
CUST-04743,Male,46,4,Month-to-month,Fiber optic,Electronic check,No,Yes,113.78,Yes,1365.36,0-6 Months
CUST-04744,Male,30,61,Two year,DSL,Electronic check,Yes,Yes,78.8,No,945.6,49-72 Months
CUST-04745,Female,45,63,Two year,DSL,Credit card,No,No,47.79,No,573.48,49-72 Months
CUST-04746,Male,54,39,One year,Fiber optic,Electronic check,No,No,103.87,Yes,1246.44,25-48 Months
CUST-04747,Female,30,6,Month-to-month,Fiber optic,Electronic check,No,Yes,20.0,Yes,240.0,0-6 Months
CUST-04748,Male,48,60,One year,Fiber optic,Electronic check,No,Yes,86.22,No,1034.64,49-72 Months
CUST-04749,Female,55,22,Month-to-month,Fiber optic,Credit card,Yes,No,36.63,No,439.56,13-24 Months
CUST-04750,Male,45,40,Month-to-month,DSL,Bank transfer,No,No,59.05,Yes,708.6,25-48 Months
CUST-04751,Male,33,48,Month-to-month,DSL,Bank transfer,No,Yes,65.26,No,783.12,25-48 Months
CUST-04752,Male,47,11,Month-to-month,DSL,Credit card,No,Yes,97.48,Yes,1169.76,7-12 Months
CUST-04753,Female,60,5,One year,No internet,Bank transfer,No,Yes,133.7,No,1604.4,0-6 Months
CUST-04754,Female,29,6,Month-to-month,Fiber optic,Credit card,No,No,22.17,Yes,266.04,0-6 Months
CUST-04755,Male,48,70,Month-to-month,DSL,Bank transfer,No,No,84.5,Yes,1014.0,49-72 Months
CUST-04756,Female,54,69,Two year,DSL,Credit card,No,Yes,133.67,No,1604.04,49-72 Months
CUST-04757,Female,35,31,One year,DSL,Bank transfer,No,Yes,55.96,No,671.52,25-48 Months
CUST-04758,Male,38,31,Month-to-month,Fiber optic,Electronic check,No,Yes,54.22,Yes,650.64,25-48 Months
CUST-04759,Male,65,30,Month-to-month,Fiber optic,Electronic check,No,Yes,78.61,Yes,943.32,25-48 Months
CUST-04760,Female,37,26,One year,DSL,Electronic check,No,No,95.21,No,1142.52,25-48 Months
CUST-04761,Female,49,40,Month-to-month,DSL,Mailed check,No,Yes,90.41,No,1084.92,25-48 Months
CUST-04762,Female,25,26,Month-to-month,Fiber optic,Credit card,No,No,61.96,Yes,743.52,25-48 Months
CUST-04763,Male,67,45,Month-to-month,Fiber optic,Bank transfer,No,No,49.53,Yes,594.36,25-48 Months
CUST-04764,Male,49,28,Month-to-month,DSL,Bank transfer,Yes,No,108.85,No,1306.2,25-48 Months
CUST-04765,Male,58,46,One year,DSL,Bank transfer,No,Yes,50.31,No,603.72,25-48 Months
CUST-04766,Male,49,69,Month-to-month,DSL,Credit card,No,Yes,20.0,No,240.0,49-72 Months
CUST-04767,Female,36,15,Month-to-month,Fiber optic,Bank transfer,No,Yes,31.3,No,375.6,13-24 Months
CUST-04768,Male,36,5,Month-to-month,Fiber optic,Electronic check,Yes,Yes,55.87,No,670.44,0-6 Months
CUST-04769,Male,55,38,Month-to-month,DSL,Mailed check,No,Yes,113.79,No,1365.48,25-48 Months
CUST-04770,Male,63,9,Month-to-month,DSL,Mailed check,Yes,Yes,38.73,Yes,464.76,7-12 Months
CUST-04771,Male,24,17,Two year,Fiber optic,Electronic check,No,No,114.61,No,1375.32,13-24 Months
CUST-04772,Female,62,57,Month-to-month,DSL,Electronic check,Yes,No,108.59,No,1303.08,49-72 Months
CUST-04773,Male,61,31,Month-to-month,Fiber optic,Electronic check,No,No,78.31,No,939.72,25-48 Months
CUST-04774,Female,23,40,Month-to-month,DSL,Electronic check,Yes,No,20.0,No,240.0,25-48 Months
CUST-04775,Male,23,56,One year,Fiber optic,Electronic check,No,No,38.85,No,466.2,49-72 Months
CUST-04776,Male,54,10,Month-to-month,DSL,Credit card,No,Yes,54.26,No,651.12,7-12 Months
CUST-04777,Male,62,35,Two year,No internet,Mailed check,Yes,Yes,120.46,No,1445.52,25-48 Months
CUST-04778,Female,38,3,One year,Fiber optic,Credit card,Yes,No,56.06,No,672.72,0-6 Months
CUST-04779,Male,51,36,Month-to-month,Fiber optic,Electronic check,No,No,50.36,No,604.32,25-48 Months
CUST-04780,Male,70,17,One year,Fiber optic,Credit card,No,No,77.27,No,927.24,13-24 Months
CUST-04781,Female,35,66,Month-to-month,Fiber optic,Bank transfer,Yes,Yes,32.53,Yes,390.36,49-72 Months
CUST-04782,Female,29,19,Two year,No internet,Credit card,No,No,71.31,No,855.72,13-24 Months
CUST-04783,Male,70,15,Two year,No internet,Mailed check,No,Yes,49.64,Yes,595.68,13-24 Months
CUST-04784,Female,32,2,Month-to-month,Fiber optic,Bank transfer,Yes,Yes,147.26,Yes,1767.12,0-6 Months
CUST-04785,Female,43,10,One year,No internet,Mailed check,No,Yes,46.31,No,555.72,7-12 Months
CUST-04786,Male,41,16,Month-to-month,Fiber optic,Mailed check,No,Yes,126.04,Yes,1512.48,13-24 Months
CUST-04787,Female,45,17,Month-to-month,DSL,Bank transfer,No,Yes,40.08,Yes,480.96,13-24 Months
CUST-04788,Male,32,54,One year,DSL,Electronic check,No,No,79.36,Yes,952.32,49-72 Months
CUST-04789,Male,53,64,Two year,Fiber optic,Electronic check,No,Yes,86.01,No,1032.12,49-72 Months
CUST-04790,Female,54,62,Month-to-month,DSL,Credit card,Yes,No,75.97,No,911.64,49-72 Months
CUST-04791,Male,28,69,One year,DSL,Electronic check,No,Yes,74.25,No,891.0,49-72 Months
CUST-04792,Female,43,65,One year,Fiber optic,Bank transfer,No,Yes,96.12,No,1153.44,49-72 Months
CUST-04793,Female,21,33,Month-to-month,No internet,Electronic check,No,Yes,83.69,No,1004.28,25-48 Months
CUST-04794,Male,29,29,One year,Fiber optic,Mailed check,No,Yes,67.16,Yes,805.92,25-48 Months
CUST-04795,Male,70,47,One year,Fiber optic,Electronic check,No,Yes,53.12,Yes,637.44,25-48 Months
CUST-04796,Male,44,23,One year,No internet,Mailed check,No,Yes,67.36,No,808.32,13-24 Months
CUST-04797,Female,51,44,Two year,Fiber optic,Credit card,No,Yes,67.01,No,804.12,25-48 Months
CUST-04798,Male,65,72,Month-to-month,Fiber optic,Credit card,Yes,Yes,66.46,No,797.52,49-72 Months
CUST-04799,Male,55,15,Month-to-month,Fiber optic,Electronic check,No,Yes,74.13,Yes,889.56,13-24 Months
CUST-04800,Female,59,56,Month-to-month,Fiber optic,Electronic check,No,Yes,32.54,No,390.48,49-72 Months
CUST-04801,Female,55,68,Month-to-month,Fiber optic,Credit card,No,Yes,43.23,No,518.76,49-72 Months
CUST-04802,Female,44,39,Month-to-month,Fiber optic,Electronic check,No,Yes,95.29,No,1143.48,25-48 Months
CUST-04803,Male,51,26,Two year,DSL,Electronic check,No,Yes,20.0,No,240.0,25-48 Months
CUST-04804,Female,33,19,Month-to-month,DSL,Mailed check,No,No,105.52,No,1266.24,13-24 Months
CUST-04805,Female,65,13,One year,No internet,Credit card,Yes,Yes,56.35,No,676.2,13-24 Months
CUST-04806,Female,27,24,Month-to-month,No internet,Electronic check,No,No,118.75,Yes,1425.0,13-24 Months
CUST-04807,Male,64,54,Month-to-month,Fiber optic,Electronic check,No,No,106.33,No,1275.96,49-72 Months
CUST-04808,Female,64,38,Two year,No internet,Credit card,Yes,Yes,62.83,No,753.96,25-48 Months
CUST-04809,Male,25,16,One year,DSL,Credit card,Yes,No,65.74,No,788.88,13-24 Months
CUST-04810,Female,55,40,Month-to-month,No internet,Bank transfer,Yes,No,116.61,No,1399.32,25-48 Months
CUST-04811,Male,70,59,Two year,DSL,Bank transfer,No,No,107.65,No,1291.8,49-72 Months
CUST-04812,Male,48,1,Month-to-month,Fiber optic,Credit card,Yes,No,99.24,Yes,1190.88,0-6 Months
CUST-04813,Female,36,2,Month-to-month,Fiber optic,Bank transfer,No,Yes,104.04,No,1248.48,0-6 Months
CUST-04814,Female,64,70,Month-to-month,No internet,Bank transfer,No,Yes,41.55,No,498.6,49-72 Months
CUST-04815,Female,45,54,One year,DSL,Mailed check,No,Yes,77.75,No,933.0,49-72 Months
CUST-04816,Male,24,42,Month-to-month,No internet,Electronic check,No,No,50.43,Yes,605.16,25-48 Months
CUST-04817,Female,31,66,Two year,DSL,Credit card,No,Yes,40.83,No,489.96,49-72 Months
CUST-04818,Male,54,43,Month-to-month,Fiber optic,Bank transfer,No,Yes,76.59,No,919.08,25-48 Months
CUST-04819,Female,42,38,Month-to-month,Fiber optic,Electronic check,No,No,60.41,No,724.92,25-48 Months
CUST-04820,Female,29,16,Two year,No internet,Bank transfer,No,Yes,67.35,No,808.2,13-24 Months
CUST-04821,Female,60,59,Month-to-month,Fiber optic,Credit card,No,Yes,58.0,No,696.0,49-72 Months
CUST-04822,Female,24,56,Month-to-month,DSL,Electronic check,No,Yes,36.87,Yes,442.44,49-72 Months
CUST-04823,Female,29,22,Month-to-month,No internet,Bank transfer,No,Yes,119.51,No,1434.12,13-24 Months
CUST-04824,Female,42,54,Month-to-month,Fiber optic,Electronic check,No,Yes,76.36,No,916.32,49-72 Months
CUST-04825,Male,20,53,Month-to-month,Fiber optic,Bank transfer,No,Yes,31.62,No,379.44,49-72 Months
CUST-04826,Male,38,7,Month-to-month,DSL,Credit card,No,No,77.1,Yes,925.2,7-12 Months
CUST-04827,Male,66,12,One year,DSL,Credit card,Yes,Yes,114.6,No,1375.2,7-12 Months
CUST-04828,Female,67,43,Month-to-month,DSL,Credit card,No,Yes,98.84,Yes,1186.08,25-48 Months
CUST-04829,Female,64,45,Month-to-month,Fiber optic,Bank transfer,No,No,57.48,Yes,689.76,25-48 Months
CUST-04830,Male,35,48,One year,Fiber optic,Mailed check,No,Yes,58.15,Yes,697.8,25-48 Months
CUST-04831,Male,21,27,Month-to-month,Fiber optic,Bank transfer,No,Yes,45.2,Yes,542.4,25-48 Months
CUST-04832,Male,61,61,One year,Fiber optic,Electronic check,No,Yes,51.22,No,614.64,49-72 Months
CUST-04833,Male,37,33,One year,Fiber optic,Mailed check,No,No,53.5,Yes,642.0,25-48 Months
CUST-04834,Male,57,15,Month-to-month,DSL,Mailed check,No,Yes,30.89,No,370.68,13-24 Months
CUST-04835,Female,24,9,Month-to-month,Fiber optic,Mailed check,No,No,59.57,No,714.84,7-12 Months
CUST-04836,Female,53,64,Month-to-month,DSL,Mailed check,No,No,81.63,No,979.56,49-72 Months
CUST-04837,Male,49,51,Month-to-month,No internet,Mailed check,No,No,60.41,No,724.92,49-72 Months
CUST-04838,Male,66,34,Month-to-month,DSL,Electronic check,No,Yes,78.09,Yes,937.08,25-48 Months
CUST-04839,Female,23,16,One year,DSL,Electronic check,No,No,117.41,No,1408.92,13-24 Months
CUST-04840,Female,39,7,One year,Fiber optic,Mailed check,Yes,Yes,123.4,No,1480.8,7-12 Months
CUST-04841,Female,70,12,Month-to-month,DSL,Electronic check,No,Yes,70.1,No,841.2,7-12 Months
CUST-04842,Male,38,8,Two year,Fiber optic,Credit card,No,Yes,96.65,No,1159.8,7-12 Months
CUST-04843,Male,52,39,Month-to-month,Fiber optic,Electronic check,No,Yes,67.33,Yes,807.96,25-48 Months
CUST-04844,Male,26,15,Two year,DSL,Credit card,No,No,58.34,No,700.08,13-24 Months
CUST-04845,Female,56,10,Two year,Fiber optic,Electronic check,No,Yes,40.73,No,488.76,7-12 Months
CUST-04846,Female,32,21,Month-to-month,Fiber optic,Credit card,No,Yes,74.43,No,893.16,13-24 Months
CUST-04847,Female,48,51,Month-to-month,DSL,Bank transfer,No,Yes,102.36,No,1228.32,49-72 Months
CUST-04848,Male,64,36,Month-to-month,DSL,Credit card,No,Yes,36.32,No,435.84,25-48 Months
CUST-04849,Male,53,12,Two year,Fiber optic,Credit card,No,No,63.96,No,767.52,7-12 Months
CUST-04850,Female,43,54,Month-to-month,Fiber optic,Bank transfer,No,Yes,62.61,No,751.32,49-72 Months
CUST-04851,Female,28,36,Two year,Fiber optic,Electronic check,No,No,78.91,Yes,946.92,25-48 Months
CUST-04852,Female,36,14,Month-to-month,DSL,Mailed check,Yes,Yes,79.36,Yes,952.32,13-24 Months
CUST-04853,Male,63,50,Month-to-month,DSL,Electronic check,Yes,No,87.04,No,1044.48,49-72 Months
CUST-04854,Male,29,72,One year,Fiber optic,Credit card,No,No,125.12,Yes,1501.44,49-72 Months
CUST-04855,Male,52,39,Month-to-month,DSL,Credit card,No,Yes,47.63,No,571.56,25-48 Months
CUST-04856,Female,43,12,Month-to-month,No internet,Electronic check,No,No,46.09,Yes,553.08,7-12 Months
CUST-04857,Female,35,23,Two year,DSL,Bank transfer,No,Yes,78.93,No,947.16,13-24 Months
CUST-04858,Female,55,44,Month-to-month,DSL,Electronic check,No,Yes,112.68,Yes,1352.16,25-48 Months
CUST-04859,Male,37,72,Two year,DSL,Bank transfer,Yes,Yes,31.05,No,372.6,49-72 Months
CUST-04860,Female,33,67,Two year,No internet,Bank transfer,Yes,Yes,81.28,No,975.36,49-72 Months
CUST-04861,Male,46,68,Month-to-month,No internet,Mailed check,No,No,66.36,No,796.32,49-72 Months
CUST-04862,Female,58,60,Month-to-month,Fiber optic,Credit card,No,No,95.92,No,1151.04,49-72 Months
CUST-04863,Female,63,42,Month-to-month,Fiber optic,Electronic check,No,Yes,89.59,Yes,1075.08,25-48 Months
CUST-04864,Female,51,47,One year,Fiber optic,Credit card,No,No,73.36,No,880.32,25-48 Months
CUST-04865,Female,53,53,Two year,DSL,Bank transfer,No,Yes,85.65,Yes,1027.8,49-72 Months
CUST-04866,Female,59,52,Two year,Fiber optic,Electronic check,No,Yes,53.57,No,642.84,49-72 Months
CUST-04867,Male,32,46,Two year,No internet,Mailed check,No,No,94.41,No,1132.92,25-48 Months
CUST-04868,Male,31,10,Month-to-month,Fiber optic,Electronic check,No,Yes,110.82,No,1329.84,7-12 Months
CUST-04869,Female,43,64,Month-to-month,DSL,Bank transfer,No,No,74.8,No,897.6,49-72 Months
CUST-04870,Female,51,1,Month-to-month,Fiber optic,Credit card,No,Yes,60.58,No,726.96,0-6 Months
CUST-04871,Male,52,31,Two year,DSL,Electronic check,No,Yes,67.94,No,815.28,25-48 Months
CUST-04872,Female,26,32,Month-to-month,Fiber optic,Electronic check,Yes,Yes,94.11,No,1129.32,25-48 Months
CUST-04873,Male,59,72,Month-to-month,DSL,Mailed check,No,Yes,70.83,Yes,849.96,49-72 Months
CUST-04874,Female,37,7,Month-to-month,DSL,Electronic check,No,Yes,38.41,No,460.92,7-12 Months
CUST-04875,Male,64,35,Month-to-month,Fiber optic,Electronic check,No,Yes,98.66,Yes,1183.92,25-48 Months
CUST-04876,Female,56,26,Month-to-month,DSL,Bank transfer,Yes,Yes,44.48,No,533.76,25-48 Months
CUST-04877,Male,70,8,Month-to-month,No internet,Mailed check,No,No,83.89,No,1006.68,7-12 Months
CUST-04878,Male,51,17,Two year,DSL,Credit card,No,Yes,20.0,No,240.0,13-24 Months
CUST-04879,Female,45,31,One year,DSL,Mailed check,No,Yes,75.03,No,900.36,25-48 Months
CUST-04880,Female,27,66,Month-to-month,DSL,Bank transfer,No,Yes,70.09,No,841.08,49-72 Months
CUST-04881,Male,39,28,One year,No internet,Mailed check,No,Yes,20.0,No,240.0,25-48 Months
CUST-04882,Female,63,64,Month-to-month,DSL,Electronic check,No,Yes,81.32,Yes,975.84,49-72 Months
CUST-04883,Male,38,53,One year,No internet,Mailed check,No,Yes,41.16,No,493.92,49-72 Months
CUST-04884,Male,20,59,Month-to-month,DSL,Bank transfer,No,Yes,74.37,No,892.44,49-72 Months
CUST-04885,Male,30,62,One year,Fiber optic,Credit card,No,No,60.47,No,725.64,49-72 Months
CUST-04886,Male,49,52,Month-to-month,Fiber optic,Electronic check,Yes,Yes,30.54,Yes,366.48,49-72 Months
CUST-04887,Female,51,53,Month-to-month,DSL,Mailed check,No,Yes,42.72,No,512.64,49-72 Months
CUST-04888,Female,70,12,One year,DSL,Bank transfer,No,No,44.96,Yes,539.52,7-12 Months
CUST-04889,Male,67,52,One year,DSL,Electronic check,No,Yes,99.51,No,1194.12,49-72 Months
CUST-04890,Male,46,4,One year,No internet,Credit card,Yes,Yes,95.4,No,1144.8,0-6 Months
CUST-04891,Female,47,54,Month-to-month,DSL,Electronic check,No,Yes,133.45,No,1601.4,49-72 Months
CUST-04892,Female,60,48,Month-to-month,Fiber optic,Credit card,No,Yes,57.67,Yes,692.04,25-48 Months
CUST-04893,Male,20,55,One year,DSL,Mailed check,Yes,No,56.77,No,681.24,49-72 Months
CUST-04894,Male,49,47,Month-to-month,Fiber optic,Electronic check,No,Yes,75.78,Yes,909.36,25-48 Months
CUST-04895,Male,43,27,Month-to-month,DSL,Bank transfer,No,No,62.05,No,744.6,25-48 Months
CUST-04896,Male,59,27,Month-to-month,No internet,Electronic check,Yes,Yes,55.69,No,668.28,25-48 Months
CUST-04897,Female,60,43,Month-to-month,Fiber optic,Bank transfer,No,No,73.52,No,882.24,25-48 Months
CUST-04898,Female,52,35,Month-to-month,DSL,Credit card,No,Yes,91.7,No,1100.4,25-48 Months
CUST-04899,Female,52,25,Month-to-month,DSL,Bank transfer,No,No,20.0,Yes,240.0,25-48 Months
CUST-04900,Female,54,36,One year,Fiber optic,Electronic check,No,Yes,55.98,Yes,671.76,25-48 Months
CUST-04901,Male,48,39,One year,DSL,Mailed check,No,Yes,32.72,No,392.64,25-48 Months
CUST-04902,Female,30,18,One year,DSL,Mailed check,Yes,Yes,67.69,Yes,812.28,13-24 Months
CUST-04903,Female,33,46,One year,DSL,Bank transfer,No,No,84.11,No,1009.32,25-48 Months
CUST-04904,Female,57,23,Month-to-month,Fiber optic,Bank transfer,No,Yes,103.27,Yes,1239.24,13-24 Months
CUST-04905,Male,50,20,Two year,Fiber optic,Mailed check,Yes,Yes,59.86,No,718.32,13-24 Months
CUST-04906,Female,30,31,One year,DSL,Bank transfer,No,No,74.98,Yes,899.76,25-48 Months
CUST-04907,Male,64,8,Month-to-month,Fiber optic,Bank transfer,No,No,24.9,Yes,298.8,7-12 Months
CUST-04908,Female,69,44,Month-to-month,Fiber optic,Bank transfer,Yes,No,47.91,No,574.92,25-48 Months
CUST-04909,Female,51,53,One year,No internet,Electronic check,No,Yes,77.8,No,933.6,49-72 Months
CUST-04910,Female,30,69,One year,DSL,Mailed check,No,Yes,33.95,No,407.4,49-72 Months
CUST-04911,Female,67,21,One year,DSL,Mailed check,No,No,106.64,Yes,1279.68,13-24 Months
CUST-04912,Female,30,39,One year,No internet,Credit card,No,Yes,86.66,No,1039.92,25-48 Months
CUST-04913,Male,40,37,Two year,Fiber optic,Credit card,No,No,46.67,No,560.04,25-48 Months
CUST-04914,Female,63,53,Two year,Fiber optic,Credit card,No,Yes,30.5,No,366.0,49-72 Months
CUST-04915,Female,45,45,One year,DSL,Electronic check,No,No,51.86,No,622.32,25-48 Months
CUST-04916,Male,30,59,Two year,Fiber optic,Bank transfer,No,Yes,46.82,No,561.84,49-72 Months
CUST-04917,Male,22,62,Two year,Fiber optic,Credit card,No,Yes,37.92,No,455.04,49-72 Months
CUST-04918,Male,37,9,Month-to-month,DSL,Electronic check,No,No,32.61,Yes,391.32,7-12 Months
CUST-04919,Female,53,26,One year,Fiber optic,Electronic check,Yes,No,65.55,No,786.6,25-48 Months
CUST-04920,Female,55,48,Month-to-month,DSL,Electronic check,Yes,No,92.5,Yes,1110.0,25-48 Months
CUST-04921,Female,29,40,Month-to-month,DSL,Bank transfer,No,Yes,52.09,Yes,625.08,25-48 Months
CUST-04922,Female,26,35,Month-to-month,DSL,Mailed check,No,Yes,84.46,Yes,1013.52,25-48 Months
CUST-04923,Female,55,13,Month-to-month,Fiber optic,Electronic check,No,No,62.82,No,753.84,13-24 Months
CUST-04924,Female,26,42,Month-to-month,Fiber optic,Mailed check,No,Yes,89.14,No,1069.68,25-48 Months
CUST-04925,Male,21,54,Month-to-month,No internet,Bank transfer,No,Yes,49.98,No,599.76,49-72 Months
CUST-04926,Male,43,3,Month-to-month,No internet,Credit card,No,Yes,79.87,No,958.44,0-6 Months
CUST-04927,Male,48,43,One year,DSL,Bank transfer,Yes,Yes,75.36,No,904.32,25-48 Months
CUST-04928,Female,30,66,Two year,Fiber optic,Credit card,No,Yes,110.14,No,1321.68,49-72 Months
CUST-04929,Male,29,42,Two year,DSL,Bank transfer,No,Yes,87.64,No,1051.68,25-48 Months
CUST-04930,Male,30,69,Month-to-month,Fiber optic,Credit card,No,No,79.17,No,950.04,49-72 Months
CUST-04931,Male,36,26,Month-to-month,Fiber optic,Mailed check,No,No,30.84,No,370.08,25-48 Months
CUST-04932,Female,18,1,Two year,Fiber optic,Credit card,No,Yes,57.29,No,687.48,0-6 Months
CUST-04933,Female,18,50,Month-to-month,Fiber optic,Credit card,No,Yes,49.59,No,595.08,49-72 Months
CUST-04934,Female,37,16,Two year,Fiber optic,Bank transfer,No,Yes,48.98,No,587.76,13-24 Months
CUST-04935,Male,19,1,One year,Fiber optic,Mailed check,No,No,72.43,No,869.16,0-6 Months
CUST-04936,Female,34,13,Month-to-month,DSL,Electronic check,No,No,78.74,Yes,944.88,13-24 Months
CUST-04937,Female,48,68,Month-to-month,DSL,Electronic check,Yes,Yes,79.84,Yes,958.08,49-72 Months
CUST-04938,Female,19,57,Month-to-month,Fiber optic,Electronic check,No,No,107.32,Yes,1287.84,49-72 Months
CUST-04939,Male,50,20,Month-to-month,Fiber optic,Electronic check,No,Yes,85.54,No,1026.48,13-24 Months
CUST-04940,Male,50,44,Month-to-month,No internet,Mailed check,Yes,No,37.62,Yes,451.44,25-48 Months
CUST-04941,Female,48,25,Two year,Fiber optic,Electronic check,No,No,77.67,No,932.04,25-48 Months
CUST-04942,Male,51,13,One year,Fiber optic,Credit card,No,No,88.36,No,1060.32,13-24 Months
CUST-04943,Female,60,72,Month-to-month,DSL,Bank transfer,Yes,Yes,107.34,No,1288.08,49-72 Months
CUST-04944,Female,21,59,Month-to-month,DSL,Credit card,No,Yes,67.68,No,812.16,49-72 Months
CUST-04945,Male,26,27,Month-to-month,DSL,Mailed check,Yes,Yes,67.95,No,815.4,25-48 Months
CUST-04946,Female,34,26,Month-to-month,Fiber optic,Electronic check,No,Yes,102.21,Yes,1226.52,25-48 Months
CUST-04947,Male,54,59,One year,Fiber optic,Electronic check,No,Yes,77.0,No,924.0,49-72 Months
CUST-04948,Female,64,34,One year,Fiber optic,Credit card,No,Yes,27.24,No,326.88,25-48 Months
CUST-04949,Male,66,28,Two year,DSL,Electronic check,Yes,Yes,21.24,No,254.88,25-48 Months
CUST-04950,Male,48,28,Month-to-month,Fiber optic,Bank transfer,No,Yes,123.54,No,1482.48,25-48 Months
CUST-04951,Male,39,33,Month-to-month,Fiber optic,Electronic check,No,Yes,24.02,No,288.24,25-48 Months
CUST-04952,Male,39,38,Two year,Fiber optic,Mailed check,No,No,67.32,No,807.84,25-48 Months
CUST-04953,Female,21,3,One year,No internet,Electronic check,No,Yes,96.73,No,1160.76,0-6 Months
CUST-04954,Male,42,35,One year,Fiber optic,Mailed check,Yes,No,22.59,No,271.08,25-48 Months
CUST-04955,Male,45,32,Month-to-month,Fiber optic,Electronic check,No,No,41.72,No,500.64,25-48 Months
CUST-04956,Male,29,20,Two year,No internet,Credit card,No,Yes,37.09,No,445.08,13-24 Months
CUST-04957,Male,58,26,Month-to-month,DSL,Electronic check,No,Yes,122.43,No,1469.16,25-48 Months
CUST-04958,Male,61,31,Month-to-month,DSL,Electronic check,No,No,128.51,No,1542.12,25-48 Months
CUST-04959,Female,34,27,One year,DSL,Electronic check,No,Yes,51.44,Yes,617.28,25-48 Months
CUST-04960,Female,66,66,Month-to-month,Fiber optic,Credit card,No,Yes,88.23,Yes,1058.76,49-72 Months
CUST-04961,Male,23,39,Two year,DSL,Bank transfer,No,No,80.63,No,967.56,25-48 Months
CUST-04962,Female,66,37,Month-to-month,Fiber optic,Bank transfer,Yes,No,64.14,No,769.68,25-48 Months
CUST-04963,Female,58,19,Month-to-month,No internet,Mailed check,Yes,Yes,26.45,No,317.4,13-24 Months
CUST-04964,Male,29,66,Month-to-month,Fiber optic,Credit card,No,Yes,136.61,Yes,1639.32,49-72 Months
CUST-04965,Female,52,2,Two year,DSL,Electronic check,No,No,21.15,No,253.8,0-6 Months
CUST-04966,Male,34,40,One year,DSL,Credit card,No,Yes,77.94,No,935.28,25-48 Months
CUST-04967,Male,60,13,Month-to-month,Fiber optic,Credit card,Yes,No,53.87,No,646.44,13-24 Months
CUST-04968,Male,26,56,Month-to-month,Fiber optic,Electronic check,Yes,Yes,100.23,No,1202.76,49-72 Months
CUST-04969,Male,30,28,Month-to-month,DSL,Electronic check,No,Yes,95.69,No,1148.28,25-48 Months
CUST-04970,Female,34,22,Month-to-month,Fiber optic,Mailed check,No,Yes,44.59,No,535.08,13-24 Months
CUST-04971,Female,28,5,One year,No internet,Electronic check,Yes,No,49.88,No,598.56,0-6 Months
CUST-04972,Male,35,57,Month-to-month,Fiber optic,Electronic check,Yes,Yes,28.6,No,343.2,49-72 Months
CUST-04973,Female,49,29,Month-to-month,DSL,Mailed check,No,No,77.45,Yes,929.4,25-48 Months
CUST-04974,Female,51,20,Month-to-month,DSL,Electronic check,Yes,No,91.9,No,1102.8,13-24 Months
CUST-04975,Female,47,61,One year,DSL,Bank transfer,No,No,59.63,No,715.56,49-72 Months
CUST-04976,Female,28,2,One year,DSL,Mailed check,No,No,65.15,No,781.8,0-6 Months
CUST-04977,Female,28,34,One year,DSL,Bank transfer,Yes,Yes,125.42,No,1505.04,25-48 Months
CUST-04978,Male,66,12,One year,DSL,Mailed check,No,Yes,98.21,No,1178.52,7-12 Months
CUST-04979,Female,31,10,Two year,DSL,Mailed check,Yes,Yes,109.74,No,1316.88,7-12 Months
CUST-04980,Female,23,2,Month-to-month,DSL,Mailed check,No,Yes,20.0,No,240.0,0-6 Months
CUST-04981,Female,42,14,Two year,Fiber optic,Credit card,No,Yes,87.32,No,1047.84,13-24 Months
CUST-04982,Female,18,69,One year,Fiber optic,Mailed check,No,No,79.04,No,948.48,49-72 Months
CUST-04983,Male,36,33,Month-to-month,Fiber optic,Bank transfer,Yes,No,36.94,Yes,443.28,25-48 Months
CUST-04984,Male,63,72,Two year,DSL,Credit card,Yes,Yes,42.77,No,513.24,49-72 Months
CUST-04985,Male,32,20,One year,No internet,Bank transfer,No,Yes,65.88,Yes,790.56,13-24 Months
CUST-04986,Male,55,55,One year,Fiber optic,Electronic check,No,No,34.42,Yes,413.04,49-72 Months
CUST-04987,Female,43,7,Month-to-month,DSL,Electronic check,No,No,49.64,Yes,595.68,7-12 Months
CUST-04988,Female,36,8,Month-to-month,Fiber optic,Bank transfer,No,No,59.08,No,708.96,7-12 Months
CUST-04989,Female,53,2,Two year,DSL,Bank transfer,Yes,Yes,88.06,No,1056.72,0-6 Months
CUST-04990,Female,49,65,Month-to-month,DSL,Bank transfer,No,Yes,52.21,No,626.52,49-72 Months
CUST-04991,Female,34,49,Month-to-month,DSL,Bank transfer,No,No,59.48,No,713.76,49-72 Months
CUST-04992,Female,29,54,Month-to-month,DSL,Electronic check,No,Yes,100.68,Yes,1208.16,49-72 Months
CUST-04993,Female,66,67,Month-to-month,DSL,Bank transfer,No,No,22.6,Yes,271.2,49-72 Months
CUST-04994,Female,26,24,Two year,Fiber optic,Bank transfer,No,Yes,78.36,Yes,940.32,13-24 Months
CUST-04995,Female,68,53,One year,DSL,Credit card,No,Yes,82.9,No,994.8,49-72 Months
CUST-04996,Male,42,37,Two year,Fiber optic,Bank transfer,No,Yes,83.67,No,1004.04,25-48 Months
CUST-04997,Female,70,40,Month-to-month,No internet,Mailed check,Yes,No,57.96,No,695.52,25-48 Months
CUST-04998,Female,36,48,Month-to-month,DSL,Bank transfer,No,Yes,42.18,Yes,506.16,25-48 Months
CUST-04999,Female,47,34,Month-to-month,Fiber optic,Bank transfer,No,No,114.55,Yes,1374.6,25-48 Months
CUST-05000,Male,50,2,Month-to-month,Fiber optic,Electronic check,No,No,48.02,Yes,576.24,0-6 Months
